event_id,disaster_title,category,event_date,lon,lat,source_url,primary_category,data_type
EONET_21644,Wildfire in Australia 1029735,Wildfires,2026-07-23 19:00:00+00:00,131.87557092151,-12.986975916335,https://www.gdacs.org/report.aspx?eventtype=WF&eventid=1029735,Wildfires,disaster
EONET_21645,Wildfire in Bolivia 1029736,Wildfires,2026-07-23 19:00:00+00:00,-59.529968558131,-17.410460118973,https://www.gdacs.org/report.aspx?eventtype=WF&eventid=1029736,Wildfires,disaster
EONET_21646,Wildfire in Australia 1029737,Wildfires,2026-07-23 19:00:00+00:00,126.91745554314,-21.704353165514,https://www.gdacs.org/report.aspx?eventtype=WF&eventid=1029737,Wildfires,disaster
EONET_21647,Wildfire in Botswana 1029681,Wildfires,2026-07-23 19:00:00+00:00,24.165918096977,-23.396450306431,https://www.gdacs.org/report.aspx?eventtype=WF&eventid=1029681,Wildfires,disaster
EONET_21600,Typhoon Noul,Severe Storms,2026-07-23 18:00:00+00:00,125.0,18.1,https://www.metoc.navy.mil/jtwc/products/wp1126.tcw,Severe Storms,disaster
EONET_21600,Typhoon Noul,Severe Storms,2026-07-24 00:00:00+00:00,123.6,18.4,https://www.metoc.navy.mil/jtwc/products/wp1126.tcw,Severe Storms,disaster
EONET_21600,Typhoon Noul,Severe Storms,2026-07-24 06:00:00+00:00,121.8,18.9,https://www.metoc.navy.mil/jtwc/products/wp1126.tcw,Severe Storms,disaster
EONET_21600,Typhoon Noul,Severe Storms,2026-07-24 12:00:00+00:00,120.4,19.7,https://www.metoc.navy.mil/jtwc/products/wp1126.tcw,Severe Storms,disaster
EONET_21600,Typhoon Noul,Severe Storms,2026-07-24 18:00:00+00:00,119.3,20.0,https://www.metoc.navy.mil/jtwc/products/wp1126.tcw,Severe Storms,disaster
EONET_21600,Typhoon Noul,Severe Storms,2026-07-25 00:00:00+00:00,118.3,20.8,https://www.metoc.navy.mil/jtwc/products/wp1126.tcw,Severe Storms,disaster
EONET_21600,Typhoon Noul,Severe Storms,2026-07-25 06:00:00+00:00,116.6,21.3,https://www.metoc.navy.mil/jtwc/products/wp1126.tcw,Severe Storms,disaster
EONET_21600,Typhoon Noul,Severe Storms,2026-07-25 12:00:00+00:00,115.9,21.8,https://www.metoc.navy.mil/jtwc/products/wp1126.tcw,Severe Storms,disaster
EONET_21600,Typhoon Noul,Severe Storms,2026-07-25 18:00:00+00:00,115.1,22.4,https://www.metoc.navy.mil/jtwc/products/wp1126.tcw,Severe Storms,disaster
EONET_21584,"Wildfire 0579 TEN MILE, Jefferson, Oregon",Wildfires,2026-07-23 11:55:00+00:00,-121.014327,44.796442,https://irwin.doi.gov/observer/incidents/2026-ORPRD-000579,Wildfires,disaster
EONET_21576,"Wildfire RAILROAD, Grant, Washington",Wildfires,2026-07-23 10:05:00+00:00,-119.939349,46.839052,https://irwin.doi.gov/observer/incidents/2026-WAWFS-260500,Wildfires,disaster
EONET_21577,"Wildfire Gypsum Creek, King, Texas",Wildfires,2026-07-22 19:04:00+00:00,-100.0410599,33.46780108,https://irwin.doi.gov/observer/incidents/2026-TXTXS-266131,Wildfires,disaster
EONET_21575,"Wildfire West Blue Crab, Cameron, Louisiana",Wildfires,2026-07-22 19:02:00+00:00,-93.42765,29.880643,https://irwin.doi.gov/observer/incidents/2026-LASBR-000235,Wildfires,disaster
EONET_21601,Wildfire in Australia 1029639,Wildfires,2026-07-22 19:00:00+00:00,126.6599721421,-21.480251727498,https://www.gdacs.org/report.aspx?eventtype=WF&eventid=1029639,Wildfires,disaster
EONET_21602,Wildfire in Brazil 1029674,Wildfires,2026-07-22 19:00:00+00:00,-50.384826637616,-11.929846977494,https://www.gdacs.org/report.aspx?eventtype=WF&eventid=1029674,Wildfires,disaster
EONET_21603,Wildfire in The Democratic Republic of Congo 1029640,Wildfires,2026-07-22 19:00:00+00:00,19.773482330466,-6.0579308558385,https://www.gdacs.org/report.aspx?eventtype=WF&eventid=1029640,Wildfires,disaster
EONET_21648,Wildfire in Angola 1029684,Wildfires,2026-07-22 19:00:00+00:00,20.32721228615,-8.4540013369704,https://www.gdacs.org/report.aspx?eventtype=WF&eventid=1029684,Wildfires,disaster
EONET_21649,Wildfire in Zambia 1029685,Wildfires,2026-07-22 19:00:00+00:00,22.521471305633,-14.329728172755,https://www.gdacs.org/report.aspx?eventtype=WF&eventid=1029685,Wildfires,disaster
EONET_21650,Wildfire in Tanzania 1029688,Wildfires,2026-07-22 19:00:00+00:00,33.925280521105,-7.1876068557347,https://www.gdacs.org/report.aspx?eventtype=WF&eventid=1029688,Wildfires,disaster
EONET_21651,Wildfire in Namibia 1029682,Wildfires,2026-07-22 19:00:00+00:00,15.553070709715,-20.635515605509,https://www.gdacs.org/report.aspx?eventtype=WF&eventid=1029682,Wildfires,disaster
EONET_21652,Wildfire in Botswana 1029683,Wildfires,2026-07-22 19:00:00+00:00,24.188426314494,-23.649072787959,https://www.gdacs.org/report.aspx?eventtype=WF&eventid=1029683,Wildfires,disaster
EONET_21653,Wildfire in Spain 1029686,Wildfires,2026-07-22 19:00:00+00:00,-4.3100960323957,40.355094848904,https://www.gdacs.org/report.aspx?eventtype=WF&eventid=1029686,Wildfires,disaster
EONET_21654,Wildfire in Angola 1029687,Wildfires,2026-07-22 19:00:00+00:00,19.949923738574,-8.4171503967573,https://www.gdacs.org/report.aspx?eventtype=WF&eventid=1029687,Wildfires,disaster
EONET_21655,Wildfire in Australia 1029713,Wildfires,2026-07-22 19:00:00+00:00,138.4811340954,-17.670209030895,https://www.gdacs.org/report.aspx?eventtype=WF&eventid=1029713,Wildfires,disaster
EONET_21656,Wildfire in Russian Federation 1029714,Wildfires,2026-07-22 19:00:00+00:00,155.62338147758,68.552924512419,https://www.gdacs.org/report.aspx?eventtype=WF&eventid=1029714,Wildfires,disaster
EONET_21657,Wildfire in Australia 1029715,Wildfires,2026-07-22 19:00:00+00:00,130.63536373708,-18.477586846182,https://www.gdacs.org/report.aspx?eventtype=WF&eventid=1029715,Wildfires,disaster
EONET_21658,Wildfire in Australia 1029716,Wildfires,2026-07-22 19:00:00+00:00,135.38399980975,-16.262555593823,https://www.gdacs.org/report.aspx?eventtype=WF&eventid=1029716,Wildfires,disaster
EONET_21659,Wildfire in Australia 1029738,Wildfires,2026-07-22 19:00:00+00:00,144.80619855809,-14.871610089208,https://www.gdacs.org/report.aspx?eventtype=WF&eventid=1029738,Wildfires,disaster
EONET_21660,Wildfire in France 1029730,Wildfires,2026-07-22 19:00:00+00:00,-1.124338578813,44.400917658033,https://www.gdacs.org/report.aspx?eventtype=WF&eventid=1029730,Wildfires,disaster
EONET_21587,"Incident Complex COW CAMP COMPLEX, Malheur, Oregon",Wildfires,2026-07-21 21:41:00+00:00,-117.561983,44.334159,https://irwin.doi.gov/observer/incidents/2026-ORVAD-260194,Wildfires,disaster
EONET_21586,"Wildfire 188, Malheur, Oregon",Wildfires,2026-07-21 20:57:00+00:00,-117.555283,44.352583,https://irwin.doi.gov/observer/incidents/2026-ORVAD-260188,Wildfires,disaster
EONET_21593,"Wildfire Little Cottonwood, Eureka, Nevada",Wildfires,2026-07-21 20:36:00+00:00,-116.494367,40.33875,https://irwin.doi.gov/observer/incidents/2026-NVEURX-010317,Wildfires,disaster
EONET_21446,Wildfire in Australia 1029513,Wildfires,2026-07-21 19:00:00+00:00,136.43887685066,-13.081548416514,https://www.gdacs.org/report.aspx?eventtype=WF&eventid=1029513,Wildfires,disaster
EONET_21538,Wildfire in France 1029628,Wildfires,2026-07-21 19:00:00+00:00,-1.0874298413953,44.854191800386,https://www.gdacs.org/report.aspx?eventtype=WF&eventid=1029628,Wildfires,disaster
EONET_21604,Wildfire in Brazil 1029641,Wildfires,2026-07-21 19:00:00+00:00,-50.328240209257,-11.781185002874,https://www.gdacs.org/report.aspx?eventtype=WF&eventid=1029641,Wildfires,disaster
EONET_21605,Wildfire in Algeria 1029645,Wildfires,2026-07-21 19:00:00+00:00,6.8157239353699,36.399218038114,https://www.gdacs.org/report.aspx?eventtype=WF&eventid=1029645,Wildfires,disaster
EONET_21606,"Wildfire in Congo, Gabon 1029642",Wildfires,2026-07-21 19:00:00+00:00,14.285765822008,-2.1455478520845,https://www.gdacs.org/report.aspx?eventtype=WF&eventid=1029642,Wildfires,disaster
EONET_21607,Wildfire in Spain 1029643,Wildfires,2026-07-21 19:00:00+00:00,-4.6513203869438,40.38158502666,https://www.gdacs.org/report.aspx?eventtype=WF&eventid=1029643,Wildfires,disaster
EONET_21608,Wildfire in Tunisia 1029644,Wildfires,2026-07-21 19:00:00+00:00,8.4060701225206,36.258522048155,https://www.gdacs.org/report.aspx?eventtype=WF&eventid=1029644,Wildfires,disaster
EONET_21661,Wildfire in Angola 1029689,Wildfires,2026-07-21 19:00:00+00:00,20.217546048279,-10.08686760936,https://www.gdacs.org/report.aspx?eventtype=WF&eventid=1029689,Wildfires,disaster
EONET_21662,Wildfire in Angola 1029717,Wildfires,2026-07-21 19:00:00+00:00,16.444190550342,-10.186231178185,https://www.gdacs.org/report.aspx?eventtype=WF&eventid=1029717,Wildfires,disaster
EONET_21663,Wildfire in Australia 1029739,Wildfires,2026-07-21 19:00:00+00:00,134.86192396914,-12.909741627137,https://www.gdacs.org/report.aspx?eventtype=WF&eventid=1029739,Wildfires,disaster
EONET_21664,Wildfire in Australia 1029740,Wildfires,2026-07-21 19:00:00+00:00,130.79198032033,-18.559113532637,https://www.gdacs.org/report.aspx?eventtype=WF&eventid=1029740,Wildfires,disaster
EONET_21585,"Wildfire COW, Malheur, Oregon",Wildfires,2026-07-21 18:57:00+00:00,-117.521417,44.354133,https://irwin.doi.gov/observer/incidents/2026-ORVAD-260187,Wildfires,disaster
EONET_21578,"Wildfire Fuhr Gulch, Moffat, Colorado",Wildfires,2026-07-21 18:39:00+00:00,-107.747133,40.422217,https://irwin.doi.gov/observer/incidents/2026-COMFX-000964,Wildfires,disaster
EONET_21596,"Wildfire 716 Complex 2, Treasure, Montana",Wildfires,2026-07-21 18:04:00+00:00,-107.48896,46.28964,https://irwin.doi.gov/observer/incidents/2026-MTLG33-260834,Wildfires,disaster
EONET_21592,"Wildfire LITTLE, Alameda, California",Wildfires,2026-07-21 17:43:00+00:00,-121.846737,37.602408,https://irwin.doi.gov/observer/incidents/2026-CASCU-003908,Wildfires,disaster
EONET_21595,"Wildfire Keystone, Rio Blanco, Colorado",Wildfires,2026-07-21 14:14:00+00:00,-108.178133,40.220533,https://irwin.doi.gov/observer/incidents/2026-COWRD-000957,Wildfires,disaster
EONET_21437,Tropical Storm Bertha,Severe Storms,2026-07-21 00:00:00+00:00,-86.0,28.5,https://www.metoc.navy.mil/jtwc/products/al0226.tcw,Severe Storms,disaster
EONET_21437,Tropical Storm Bertha,Severe Storms,2026-07-21 03:00:00+00:00,-85.9,28.2,https://www.metoc.navy.mil/jtwc/products/al0226.tcw,Severe Storms,disaster
EONET_21437,Tropical Storm Bertha,Severe Storms,2026-07-21 09:00:00+00:00,-86.4,28.7,https://www.metoc.navy.mil/jtwc/products/al0226.tcw,Severe Storms,disaster
EONET_21437,Tropical Storm Bertha,Severe Storms,2026-07-21 15:00:00+00:00,-86.3,29.3,https://www.metoc.navy.mil/jtwc/products/al0226.tcw,Severe Storms,disaster
EONET_21437,Tropical Storm Bertha,Severe Storms,2026-07-21 21:00:00+00:00,-87.2,29.4,https://www.metoc.navy.mil/jtwc/products/al0226.tcw,Severe Storms,disaster
EONET_21437,Tropical Storm Bertha,Severe Storms,2026-07-22 03:00:00+00:00,-87.7,29.4,https://www.metoc.navy.mil/jtwc/products/al0226.tcw,Severe Storms,disaster
EONET_21437,Tropical Storm Bertha,Severe Storms,2026-07-22 09:00:00+00:00,-88.3,29.4,https://www.metoc.navy.mil/jtwc/products/al0226.tcw,Severe Storms,disaster
EONET_21437,Tropical Storm Bertha,Severe Storms,2026-07-22 15:00:00+00:00,-88.6,29.8,https://www.metoc.navy.mil/jtwc/products/al0226.tcw,Severe Storms,disaster
EONET_21437,Tropical Storm Bertha,Severe Storms,2026-07-22 21:00:00+00:00,-89.8,29.8,https://www.metoc.navy.mil/jtwc/products/al0226.tcw,Severe Storms,disaster
EONET_21437,Tropical Storm Bertha,Severe Storms,2026-07-23 03:00:00+00:00,-91.1,29.4,https://www.metoc.navy.mil/jtwc/products/al0226.tcw,Severe Storms,disaster
EONET_21437,Tropical Storm Bertha,Severe Storms,2026-07-23 09:00:00+00:00,-92.2,29.0,https://www.metoc.navy.mil/jtwc/products/al0226.tcw,Severe Storms,disaster
EONET_21437,Tropical Storm Bertha,Severe Storms,2026-07-23 15:00:00+00:00,-93.2,29.6,https://www.metoc.navy.mil/jtwc/products/al0226.tcw,Severe Storms,disaster
EONET_21437,Tropical Storm Bertha,Severe Storms,2026-07-23 21:00:00+00:00,-94.7,29.8,https://www.metoc.navy.mil/jtwc/products/al0226.tcw,Severe Storms,disaster
EONET_21437,Tropical Storm Bertha,Severe Storms,2026-07-24 03:00:00+00:00,-96.0,30.0,https://www.metoc.navy.mil/jtwc/products/al0226.tcw,Severe Storms,disaster
EONET_21583,"Wildfire ROCK, Inyo, California",Wildfires,2026-07-20 19:34:00+00:00,-118.241189,36.916815,https://irwin.doi.gov/observer/incidents/2026-CABDU-011136,Wildfires,disaster
EONET_21539,Wildfire in The Democratic Republic of Congo 1029602,Wildfires,2026-07-20 19:00:00+00:00,25.180342117202,-7.6138408187919,https://www.gdacs.org/report.aspx?eventtype=WF&eventid=1029602,Wildfires,disaster
EONET_21540,Wildfire in Canada 1029603,Wildfires,2026-07-20 19:00:00+00:00,-123.63642057151,65.462291391112,https://www.gdacs.org/report.aspx?eventtype=WF&eventid=1029603,Wildfires,disaster
EONET_21541,Wildfire in Algeria 1029618,Wildfires,2026-07-20 19:00:00+00:00,-1.4525255850291,34.630531205298,https://www.gdacs.org/report.aspx?eventtype=WF&eventid=1029618,Wildfires,disaster
EONET_21542,Wildfire in Australia 1029630,Wildfires,2026-07-20 19:00:00+00:00,141.73429641222,-13.116043848273,https://www.gdacs.org/report.aspx?eventtype=WF&eventid=1029630,Wildfires,disaster
EONET_21609,Wildfire in United States 1029647,Wildfires,2026-07-20 19:00:00+00:00,-119.25329065534,48.170759103076,https://www.gdacs.org/report.aspx?eventtype=WF&eventid=1029647,Wildfires,disaster
EONET_21610,Wildfire in Angola 1029648,Wildfires,2026-07-20 19:00:00+00:00,21.703247509726,-12.651264337744,https://www.gdacs.org/report.aspx?eventtype=WF&eventid=1029648,Wildfires,disaster
EONET_21611,"Wildfire in Angola, The Democratic Republic of Congo 1029646",Wildfires,2026-07-20 19:00:00+00:00,21.964185211892,-9.8210181053961,https://www.gdacs.org/report.aspx?eventtype=WF&eventid=1029646,Wildfires,disaster
EONET_21612,Wildfire in Tunisia 1029649,Wildfires,2026-07-20 19:00:00+00:00,8.5339704792539,36.276960015533,https://www.gdacs.org/report.aspx?eventtype=WF&eventid=1029649,Wildfires,disaster
EONET_21613,Wildfire in Canada 1029650,Wildfires,2026-07-20 19:00:00+00:00,-122.81896674566,51.06205150927,https://www.gdacs.org/report.aspx?eventtype=WF&eventid=1029650,Wildfires,disaster
EONET_21614,Wildfire in Zambia 1029651,Wildfires,2026-07-20 19:00:00+00:00,30.047106875342,-8.4744352304066,https://www.gdacs.org/report.aspx?eventtype=WF&eventid=1029651,Wildfires,disaster
EONET_21615,Wildfire in The Democratic Republic of Congo 1029677,Wildfires,2026-07-20 19:00:00+00:00,22.50080552589,-8.988722533463,https://www.gdacs.org/report.aspx?eventtype=WF&eventid=1029677,Wildfires,disaster
EONET_21616,Wildfire in Australia 1029678,Wildfires,2026-07-20 19:00:00+00:00,149.94342825023,-25.16211992221,https://www.gdacs.org/report.aspx?eventtype=WF&eventid=1029678,Wildfires,disaster
EONET_21665,Wildfire in Angola 1029692,Wildfires,2026-07-20 19:00:00+00:00,18.961540029482,-9.217615151219,https://www.gdacs.org/report.aspx?eventtype=WF&eventid=1029692,Wildfires,disaster
EONET_21666,Wildfire in Angola 1029693,Wildfires,2026-07-20 19:00:00+00:00,21.8178702016,-15.131595558832,https://www.gdacs.org/report.aspx?eventtype=WF&eventid=1029693,Wildfires,disaster
EONET_21667,Wildfire in Tanzania 1029694,Wildfires,2026-07-20 19:00:00+00:00,35.243872278667,-2.2420811015138,https://www.gdacs.org/report.aspx?eventtype=WF&eventid=1029694,Wildfires,disaster
EONET_21668,Wildfire in Zambia 1029695,Wildfires,2026-07-20 19:00:00+00:00,22.346438135182,-14.365728772772,https://www.gdacs.org/report.aspx?eventtype=WF&eventid=1029695,Wildfires,disaster
EONET_21669,Wildfire in Angola 1029731,Wildfires,2026-07-20 19:00:00+00:00,19.957559549584,-9.176763504877,https://www.gdacs.org/report.aspx?eventtype=WF&eventid=1029731,Wildfires,disaster
EONET_21670,Wildfire in Angola 1029718,Wildfires,2026-07-20 19:00:00+00:00,15.303596764664,-10.114057568069,https://www.gdacs.org/report.aspx?eventtype=WF&eventid=1029718,Wildfires,disaster
EONET_21671,Wildfire in Australia 1029719,Wildfires,2026-07-20 19:00:00+00:00,133.63401263875,-13.594640999169,https://www.gdacs.org/report.aspx?eventtype=WF&eventid=1029719,Wildfires,disaster
EONET_21672,Wildfire in France 1029690,Wildfires,2026-07-20 19:00:00+00:00,6.0950796181028,43.525505344835,https://www.gdacs.org/report.aspx?eventtype=WF&eventid=1029690,Wildfires,disaster
EONET_21673,Wildfire in Angola 1029691,Wildfires,2026-07-20 19:00:00+00:00,17.277443952049,-10.076952426464,https://www.gdacs.org/report.aspx?eventtype=WF&eventid=1029691,Wildfires,disaster
EONET_21403,"Wildfire Big Gulch, Moffat, Colorado",Wildfires,2026-07-19 21:36:00+00:00,-107.671833,40.681667,https://irwin.doi.gov/observer/incidents/2026-COMFX-000934,Wildfires,disaster
EONET_21447,Wildfire in The Democratic Republic of Congo 1029514,Wildfires,2026-07-19 19:00:00+00:00,24.598765796499,-8.7361621878621,https://www.gdacs.org/report.aspx?eventtype=WF&eventid=1029514,Wildfires,disaster
EONET_21448,Wildfire in Kazakhstan 1029515,Wildfires,2026-07-19 19:00:00+00:00,80.535281016072,46.169160271516,https://www.gdacs.org/report.aspx?eventtype=WF&eventid=1029515,Wildfires,disaster
EONET_21449,Wildfire in Brazil 1029516,Wildfires,2026-07-19 19:00:00+00:00,-50.337455570201,-10.710160976875,https://www.gdacs.org/report.aspx?eventtype=WF&eventid=1029516,Wildfires,disaster
EONET_21450,Wildfire in Australia 1029517,Wildfires,2026-07-19 19:00:00+00:00,138.65175212858,-17.653829119552,https://www.gdacs.org/report.aspx?eventtype=WF&eventid=1029517,Wildfires,disaster
EONET_21451,Wildfire in Australia 1029518,Wildfires,2026-07-19 19:00:00+00:00,135.73285376715,-13.118041681163,https://www.gdacs.org/report.aspx?eventtype=WF&eventid=1029518,Wildfires,disaster
EONET_21543,"Wildfire in Angola, The Democratic Republic of Congo 1029604",Wildfires,2026-07-19 19:00:00+00:00,22.247110772701,-10.583055714637,https://www.gdacs.org/report.aspx?eventtype=WF&eventid=1029604,Wildfires,disaster
EONET_21544,Wildfire in The Democratic Republic of Congo 1029605,Wildfires,2026-07-19 19:00:00+00:00,18.081626569367,-6.689371525434,https://www.gdacs.org/report.aspx?eventtype=WF&eventid=1029605,Wildfires,disaster
EONET_21545,Wildfire in Zambia 1029619,Wildfires,2026-07-19 19:00:00+00:00,22.385225867268,-14.494538407089,https://www.gdacs.org/report.aspx?eventtype=WF&eventid=1029619,Wildfires,disaster
EONET_21546,Wildfire in United States 1029631,Wildfires,2026-07-19 19:00:00+00:00,-121.51377883157,44.388664573418,https://www.gdacs.org/report.aspx?eventtype=WF&eventid=1029631,Wildfires,disaster
EONET_21547,Wildfire in Algeria 1029606,Wildfires,2026-07-19 19:00:00+00:00,-1.565768571381,34.524969810843,https://www.gdacs.org/report.aspx?eventtype=WF&eventid=1029606,Wildfires,disaster
EONET_21548,Wildfire in The Democratic Republic of Congo 1029629,Wildfires,2026-07-19 19:00:00+00:00,22.024570170219,-9.0339217572814,https://www.gdacs.org/report.aspx?eventtype=WF&eventid=1029629,Wildfires,disaster
EONET_21617,Wildfire in The Democratic Republic of Congo 1029652,Wildfires,2026-07-19 19:00:00+00:00,23.324666030607,-3.501910929777,https://www.gdacs.org/report.aspx?eventtype=WF&eventid=1029652,Wildfires,disaster
EONET_21618,Wildfire in Angola 1029653,Wildfires,2026-07-19 19:00:00+00:00,21.317243985833,-17.33771707494,https://www.gdacs.org/report.aspx?eventtype=WF&eventid=1029653,Wildfires,disaster
EONET_21619,Wildfire in Angola 1029654,Wildfires,2026-07-19 19:00:00+00:00,19.06015172975,-8.5858786002091,https://www.gdacs.org/report.aspx?eventtype=WF&eventid=1029654,Wildfires,disaster
EONET_21620,Wildfire in The Democratic Republic of Congo 1029655,Wildfires,2026-07-19 19:00:00+00:00,23.264017872206,-3.5560109551315,https://www.gdacs.org/report.aspx?eventtype=WF&eventid=1029655,Wildfires,disaster
EONET_21674,Wildfire in The Democratic Republic of Congo 1029696,Wildfires,2026-07-19 19:00:00+00:00,23.382739012217,-2.3175596111442,https://www.gdacs.org/report.aspx?eventtype=WF&eventid=1029696,Wildfires,disaster
EONET_21675,Wildfire in Canada 1029697,Wildfires,2026-07-19 19:00:00+00:00,-117.32236816549,66.324986445329,https://www.gdacs.org/report.aspx?eventtype=WF&eventid=1029697,Wildfires,disaster
EONET_21676,Wildfire in The Democratic Republic of Congo 1029698,Wildfires,2026-07-19 19:00:00+00:00,23.182562043011,-4.0010180215656,https://www.gdacs.org/report.aspx?eventtype=WF&eventid=1029698,Wildfires,disaster
EONET_21677,Wildfire in The Democratic Republic of Congo 1029699,Wildfires,2026-07-19 19:00:00+00:00,23.934322763445,-3.9141240715934,https://www.gdacs.org/report.aspx?eventtype=WF&eventid=1029699,Wildfires,disaster
EONET_21678,Wildfire in Angola 1029720,Wildfires,2026-07-19 19:00:00+00:00,16.705234409322,-10.272861776007,https://www.gdacs.org/report.aspx?eventtype=WF&eventid=1029720,Wildfires,disaster
EONET_21679,Wildfire in Australia 1029721,Wildfires,2026-07-19 19:00:00+00:00,122.57129586851,-17.011471104096,https://www.gdacs.org/report.aspx?eventtype=WF&eventid=1029721,Wildfires,disaster
EONET_21680,Wildfire in Angola 1029732,Wildfires,2026-07-19 19:00:00+00:00,15.253324251937,-10.425023568044,https://www.gdacs.org/report.aspx?eventtype=WF&eventid=1029732,Wildfires,disaster
EONET_21681,Wildfire in Australia 1029741,Wildfires,2026-07-19 19:00:00+00:00,134.15636375571,-12.824521767765,https://www.gdacs.org/report.aspx?eventtype=WF&eventid=1029741,Wildfires,disaster
EONET_21682,Wildfire in Australia 1029742,Wildfires,2026-07-19 19:00:00+00:00,133.39846676465,-14.44903718491,https://www.gdacs.org/report.aspx?eventtype=WF&eventid=1029742,Wildfires,disaster
EONET_21399,Hurricane Fausto,Severe Storms,2026-07-19 18:00:00+00:00,-112.1,12.2,https://www.metoc.navy.mil/jtwc/products/ep0626.tcw,Severe Storms,disaster
EONET_21399,Hurricane Fausto,Severe Storms,2026-07-20 00:00:00+00:00,-113.6,12.5,https://www.metoc.navy.mil/jtwc/products/ep0626.tcw,Severe Storms,disaster
EONET_21399,Hurricane Fausto,Severe Storms,2026-07-20 06:00:00+00:00,-115.2,12.7,https://www.metoc.navy.mil/jtwc/products/ep0626.tcw,Severe Storms,disaster
EONET_21399,Hurricane Fausto,Severe Storms,2026-07-20 12:00:00+00:00,-116.0,13.2,https://www.metoc.navy.mil/jtwc/products/ep0626.tcw,Severe Storms,disaster
EONET_21399,Hurricane Fausto,Severe Storms,2026-07-20 18:00:00+00:00,-116.6,14.0,https://www.metoc.navy.mil/jtwc/products/ep0626.tcw,Severe Storms,disaster
EONET_21399,Hurricane Fausto,Severe Storms,2026-07-21 00:00:00+00:00,-117.0,14.4,https://www.metoc.navy.mil/jtwc/products/ep0626.tcw,Severe Storms,disaster
EONET_21399,Hurricane Fausto,Severe Storms,2026-07-21 06:00:00+00:00,-117.6,15.1,https://www.metoc.navy.mil/jtwc/products/ep0626.tcw,Severe Storms,disaster
EONET_21399,Hurricane Fausto,Severe Storms,2026-07-21 12:00:00+00:00,-118.4,16.0,https://www.metoc.navy.mil/jtwc/products/ep0626.tcw,Severe Storms,disaster
EONET_21399,Hurricane Fausto,Severe Storms,2026-07-21 18:00:00+00:00,-119.5,16.5,https://www.metoc.navy.mil/jtwc/products/ep0626.tcw,Severe Storms,disaster
EONET_21399,Hurricane Fausto,Severe Storms,2026-07-22 00:00:00+00:00,-120.0,16.5,https://www.metoc.navy.mil/jtwc/products/ep0626.tcw,Severe Storms,disaster
EONET_21399,Hurricane Fausto,Severe Storms,2026-07-22 06:00:00+00:00,-120.4,16.6,https://www.metoc.navy.mil/jtwc/products/ep0626.tcw,Severe Storms,disaster
EONET_21399,Hurricane Fausto,Severe Storms,2026-07-22 12:00:00+00:00,-121.0,16.9,https://www.metoc.navy.mil/jtwc/products/ep0626.tcw,Severe Storms,disaster
EONET_21399,Hurricane Fausto,Severe Storms,2026-07-22 18:00:00+00:00,-121.5,17.1,https://www.metoc.navy.mil/jtwc/products/ep0626.tcw,Severe Storms,disaster
EONET_21399,Hurricane Fausto,Severe Storms,2026-07-23 00:00:00+00:00,-122.4,17.4,https://www.metoc.navy.mil/jtwc/products/ep0626.tcw,Severe Storms,disaster
EONET_21399,Hurricane Fausto,Severe Storms,2026-07-23 06:00:00+00:00,-123.5,17.7,https://www.metoc.navy.mil/jtwc/products/ep0626.tcw,Severe Storms,disaster
EONET_21399,Hurricane Fausto,Severe Storms,2026-07-23 12:00:00+00:00,-124.8,17.8,https://www.metoc.navy.mil/jtwc/products/ep0626.tcw,Severe Storms,disaster
EONET_21399,Hurricane Fausto,Severe Storms,2026-07-23 18:00:00+00:00,-126.2,18.1,https://www.metoc.navy.mil/jtwc/products/ep0626.tcw,Severe Storms,disaster
EONET_21399,Hurricane Fausto,Severe Storms,2026-07-24 00:00:00+00:00,-127.7,18.2,https://www.metoc.navy.mil/jtwc/products/ep0626.tcw,Severe Storms,disaster
EONET_21399,Hurricane Fausto,Severe Storms,2026-07-24 06:00:00+00:00,-129.2,18.5,https://www.metoc.navy.mil/jtwc/products/ep0626.tcw,Severe Storms,disaster
EONET_21399,Hurricane Fausto,Severe Storms,2026-07-24 12:00:00+00:00,-130.6,18.5,https://www.metoc.navy.mil/jtwc/products/ep0626.tcw,Severe Storms,disaster
EONET_21399,Hurricane Fausto,Severe Storms,2026-07-24 18:00:00+00:00,-132.0,18.6,https://www.metoc.navy.mil/jtwc/products/ep0626.tcw,Severe Storms,disaster
EONET_21399,Hurricane Fausto,Severe Storms,2026-07-25 00:00:00+00:00,-133.3,18.6,https://www.metoc.navy.mil/jtwc/products/ep0626.tcw,Severe Storms,disaster
EONET_21399,Hurricane Fausto,Severe Storms,2026-07-25 06:00:00+00:00,-134.5,18.7,https://www.metoc.navy.mil/jtwc/products/ep0626.tcw,Severe Storms,disaster
EONET_21399,Hurricane Fausto,Severe Storms,2026-07-25 12:00:00+00:00,-135.9,19.0,https://www.metoc.navy.mil/jtwc/products/ep0626.tcw,Severe Storms,disaster
EONET_21399,Hurricane Fausto,Severe Storms,2026-07-25 18:00:00+00:00,-137.0,19.2,https://www.metoc.navy.mil/jtwc/products/ep0626.tcw,Severe Storms,disaster
EONET_21399,Hurricane Fausto,Severe Storms,2026-07-26 00:00:00+00:00,-138.2,19.4,https://www.metoc.navy.mil/jtwc/products/ep0626.tcw,Severe Storms,disaster
EONET_21399,Hurricane Fausto,Severe Storms,2026-07-26 06:00:00+00:00,-139.2,19.6,https://www.metoc.navy.mil/jtwc/products/ep0626.tcw,Severe Storms,disaster
EONET_21594,"Wildfire 518 SULLY, Gilliam, Oregon",Wildfires,2026-07-18 21:19:00+00:00,-120.021548,45.745867,https://irwin.doi.gov/observer/incidents/2026-ORPRD-000518,Wildfires,disaster
EONET_21424,"Wildfire Grassy Hills, Owyhee, Idaho",Wildfires,2026-07-18 19:25:00+00:00,-115.131133,42.241983,https://irwin.doi.gov/observer/incidents/2026-IDTFD-000140,Wildfires,disaster
EONET_21421,"Wildfire BROOK, Shasta, California",Wildfires,2026-07-18 19:12:00+00:00,-122.197625,40.698456,https://irwin.doi.gov/observer/incidents/2026-CASHU-008640,Wildfires,disaster
EONET_21452,Wildfire in The Democratic Republic of Congo 1029521,Wildfires,2026-07-18 19:00:00+00:00,18.717779381885,-6.1724640726788,https://www.gdacs.org/report.aspx?eventtype=WF&eventid=1029521,Wildfires,disaster
EONET_21453,Wildfire in Algeria 1029519,Wildfires,2026-07-18 19:00:00+00:00,0.34646139771137,35.222483198869,https://www.gdacs.org/report.aspx?eventtype=WF&eventid=1029519,Wildfires,disaster
EONET_21454,Wildfire in Angola 1029522,Wildfires,2026-07-18 19:00:00+00:00,19.844834316527,-8.2657593900506,https://www.gdacs.org/report.aspx?eventtype=WF&eventid=1029522,Wildfires,disaster
EONET_21455,Wildfire in Angola 1029527,Wildfires,2026-07-18 19:00:00+00:00,21.329968621872,-10.005804955642,https://www.gdacs.org/report.aspx?eventtype=WF&eventid=1029527,Wildfires,disaster
EONET_21456,Wildfire in Botswana 1029528,Wildfires,2026-07-18 19:00:00+00:00,23.943265355467,-23.796475835779,https://www.gdacs.org/report.aspx?eventtype=WF&eventid=1029528,Wildfires,disaster
EONET_21457,Wildfire in Australia 1029520,Wildfires,2026-07-18 19:00:00+00:00,136.94825062382,-16.098756352885,https://www.gdacs.org/report.aspx?eventtype=WF&eventid=1029520,Wildfires,disaster
EONET_21458,Wildfire in Russian Federation 1029523,Wildfires,2026-07-18 19:00:00+00:00,164.48102188473,66.774892404025,https://www.gdacs.org/report.aspx?eventtype=WF&eventid=1029523,Wildfires,disaster
EONET_21459,Wildfire in The Democratic Republic of Congo 1029524,Wildfires,2026-07-18 19:00:00+00:00,21.851043862609,-9.3414769193086,https://www.gdacs.org/report.aspx?eventtype=WF&eventid=1029524,Wildfires,disaster
EONET_21460,Wildfire in Algeria 1029525,Wildfires,2026-07-18 19:00:00+00:00,7.2392503409187,36.804778379684,https://www.gdacs.org/report.aspx?eventtype=WF&eventid=1029525,Wildfires,disaster
EONET_21461,Wildfire in Australia 1029526,Wildfires,2026-07-18 19:00:00+00:00,138.62125324554,-17.760740698834,https://www.gdacs.org/report.aspx?eventtype=WF&eventid=1029526,Wildfires,disaster
EONET_21462,Wildfire in Algeria 1029529,Wildfires,2026-07-18 19:00:00+00:00,3.8707891164095,36.159043558524,https://www.gdacs.org/report.aspx?eventtype=WF&eventid=1029529,Wildfires,disaster
EONET_21463,Wildfire in Australia 1029530,Wildfires,2026-07-18 19:00:00+00:00,128.28627488829,-16.695659930516,https://www.gdacs.org/report.aspx?eventtype=WF&eventid=1029530,Wildfires,disaster
EONET_21549,Wildfire in Russian Federation 1029607,Wildfires,2026-07-18 19:00:00+00:00,149.63977997728,65.306671430021,https://www.gdacs.org/report.aspx?eventtype=WF&eventid=1029607,Wildfires,disaster
EONET_21550,Wildfire in Angola 1029608,Wildfires,2026-07-18 19:00:00+00:00,22.195768228327,-10.355063903004,https://www.gdacs.org/report.aspx?eventtype=WF&eventid=1029608,Wildfires,disaster
EONET_21551,Wildfire in Australia 1029632,Wildfires,2026-07-18 19:00:00+00:00,142.24627731015,-15.128108937691,https://www.gdacs.org/report.aspx?eventtype=WF&eventid=1029632,Wildfires,disaster
EONET_21552,Wildfire in Australia 1029633,Wildfires,2026-07-18 19:00:00+00:00,136.41225213626,-12.797361584034,https://www.gdacs.org/report.aspx?eventtype=WF&eventid=1029633,Wildfires,disaster
EONET_21553,Wildfire in Botswana 1029620,Wildfires,2026-07-18 19:00:00+00:00,22.735542429276,-23.304229029844,https://www.gdacs.org/report.aspx?eventtype=WF&eventid=1029620,Wildfires,disaster
EONET_21554,Wildfire in The Democratic Republic of Congo 1029621,Wildfires,2026-07-18 19:00:00+00:00,23.728514777682,-3.4434993814907,https://www.gdacs.org/report.aspx?eventtype=WF&eventid=1029621,Wildfires,disaster
EONET_21621,Wildfire in Angola 1029656,Wildfires,2026-07-18 19:00:00+00:00,21.876531296097,-16.762649029594,https://www.gdacs.org/report.aspx?eventtype=WF&eventid=1029656,Wildfires,disaster
EONET_21622,Wildfire in Australia 1029679,Wildfires,2026-07-18 19:00:00+00:00,142.83784830116,-12.737909309303,https://www.gdacs.org/report.aspx?eventtype=WF&eventid=1029679,Wildfires,disaster
EONET_21623,Wildfire in Russian Federation 1029680,Wildfires,2026-07-18 19:00:00+00:00,156.86290546651,68.659928208515,https://www.gdacs.org/report.aspx?eventtype=WF&eventid=1029680,Wildfires,disaster
EONET_21624,Wildfire in Australia 1029657,Wildfires,2026-07-18 19:00:00+00:00,132.18047554182,-13.645201007312,https://www.gdacs.org/report.aspx?eventtype=WF&eventid=1029657,Wildfires,disaster
EONET_21683,"Wildfire in The Democratic Republic of Congo, Angola 1029700",Wildfires,2026-07-18 19:00:00+00:00,19.055970275203,-7.9886420630905,https://www.gdacs.org/report.aspx?eventtype=WF&eventid=1029700,Wildfires,disaster
EONET_21684,Wildfire in The Democratic Republic of Congo 1029701,Wildfires,2026-07-18 19:00:00+00:00,23.73552758856,-3.5697795321426,https://www.gdacs.org/report.aspx?eventtype=WF&eventid=1029701,Wildfires,disaster
EONET_21685,Wildfire in The Democratic Republic of Congo 1029702,Wildfires,2026-07-18 19:00:00+00:00,23.315414356378,-3.9811370704486,https://www.gdacs.org/report.aspx?eventtype=WF&eventid=1029702,Wildfires,disaster
EONET_21686,Wildfire in Australia 1029743,Wildfires,2026-07-18 19:00:00+00:00,144.65694707497,-16.16356402414,https://www.gdacs.org/report.aspx?eventtype=WF&eventid=1029743,Wildfires,disaster
EONET_21687,Wildfire in Australia 1029744,Wildfires,2026-07-18 19:00:00+00:00,142.45306490503,-14.8260118149,https://www.gdacs.org/report.aspx?eventtype=WF&eventid=1029744,Wildfires,disaster
EONET_21688,Wildfire in Australia 1029745,Wildfires,2026-07-18 19:00:00+00:00,134.82076946932,-12.389114570235,https://www.gdacs.org/report.aspx?eventtype=WF&eventid=1029745,Wildfires,disaster
EONET_21689,Wildfire in Angola 1029703,Wildfires,2026-07-18 19:00:00+00:00,21.801137348496,-8.635308933819,https://www.gdacs.org/report.aspx?eventtype=WF&eventid=1029703,Wildfires,disaster
EONET_21404,"Wildfire Horse Island, Berkeley, South Carolina",Wildfires,2026-07-18 17:43:00+00:00,-79.662533,33.188917,https://irwin.doi.gov/observer/incidents/2026-SCFMF-000363,Wildfires,disaster
EONET_21402,"Wildfire Ohio, Blaine, Idaho",Wildfires,2026-07-18 15:52:00+00:00,-114.31795,43.588417,https://irwin.doi.gov/observer/incidents/2026-IDEIS-000139,Wildfires,disaster
EONET_21420,"Wildfire BISCAR, Lassen, California",Wildfires,2026-07-18 14:11:00+00:00,-120.303833,40.618167,https://irwin.doi.gov/observer/incidents/2026-CANOD-004474,Wildfires,disaster
EONET_21416,"Wildfire 0512 BOX SPRINGS, Jefferson, Oregon",Wildfires,2026-07-17 21:13:00+00:00,-120.4985,44.635333,https://irwin.doi.gov/observer/incidents/2026-OR951S-000512,Wildfires,disaster
EONET_21433,"Wildfire WALLACE WALKER, Franklin, Washington",Wildfires,2026-07-17 19:33:00+00:00,-118.567968,46.576482,https://irwin.doi.gov/observer/incidents/2026-WAWFS-260455,Wildfires,disaster
EONET_21426,"Wildfire DEVIL&#039;S CANYON, Franklin, Washington",Wildfires,2026-07-17 19:31:00+00:00,-118.548791,46.600003,https://irwin.doi.gov/observer/incidents/2026-WAWFS-260454,Wildfires,disaster
EONET_21435,"Wildfire Sailor, Elmore, Idaho",Wildfires,2026-07-17 19:21:00+00:00,-115.450333,42.842667,https://irwin.doi.gov/observer/incidents/2026-IDTFD-000136,Wildfires,disaster
EONET_21415,"Wildfire BERGER (50), Palm Beach, Florida",Wildfires,2026-07-17 19:18:00+00:00,-80.8444444,26.4466667,https://irwin.doi.gov/observer/incidents/2026-FLFLS-261800112,Wildfires,disaster
EONET_21464,Wildfire in The Democratic Republic of Congo 1029544,Wildfires,2026-07-17 19:00:00+00:00,19.758620796814,-6.3869787976789,https://www.gdacs.org/report.aspx?eventtype=WF&eventid=1029544,Wildfires,disaster
EONET_21465,Wildfire in The Democratic Republic of Congo 1029595,Wildfires,2026-07-17 19:00:00+00:00,18.565367969796,-6.0624628026908,https://www.gdacs.org/report.aspx?eventtype=WF&eventid=1029595,Wildfires,disaster
EONET_21466,Wildfire in Botswana 1029596,Wildfires,2026-07-17 19:00:00+00:00,24.031914304819,-25.052912342774,https://www.gdacs.org/report.aspx?eventtype=WF&eventid=1029596,Wildfires,disaster
EONET_21467,Wildfire in The Democratic Republic of Congo 1029535,Wildfires,2026-07-17 19:00:00+00:00,26.148267355905,-8.2990722010545,https://www.gdacs.org/report.aspx?eventtype=WF&eventid=1029535,Wildfires,disaster
EONET_21468,Wildfire in Angola 1029538,Wildfires,2026-07-17 19:00:00+00:00,20.174921166606,-8.0740670273907,https://www.gdacs.org/report.aspx?eventtype=WF&eventid=1029538,Wildfires,disaster
EONET_21469,Wildfire in Kazakhstan 1029541,Wildfires,2026-07-17 19:00:00+00:00,80.349614823485,47.163724703043,https://www.gdacs.org/report.aspx?eventtype=WF&eventid=1029541,Wildfires,disaster
EONET_21470,Wildfire in Angola 1029574,Wildfires,2026-07-17 19:00:00+00:00,21.464790155527,-9.5013634949104,https://www.gdacs.org/report.aspx?eventtype=WF&eventid=1029574,Wildfires,disaster
EONET_21471,Wildfire in United States 1029589,Wildfires,2026-07-17 19:00:00+00:00,-120.2216308441,44.716554116033,https://www.gdacs.org/report.aspx?eventtype=WF&eventid=1029589,Wildfires,disaster
EONET_21472,Wildfire in Angola 1029533,Wildfires,2026-07-17 19:00:00+00:00,19.891572184684,-9.0594516533946,https://www.gdacs.org/report.aspx?eventtype=WF&eventid=1029533,Wildfires,disaster
EONET_21473,Wildfire in Canada 1029534,Wildfires,2026-07-17 19:00:00+00:00,-115.71196716417,64.620829327979,https://www.gdacs.org/report.aspx?eventtype=WF&eventid=1029534,Wildfires,disaster
EONET_21474,Wildfire in Angola 1029539,Wildfires,2026-07-17 19:00:00+00:00,20.616288402311,-17.496227780852,https://www.gdacs.org/report.aspx?eventtype=WF&eventid=1029539,Wildfires,disaster
EONET_21475,Wildfire in Brazil 1029542,Wildfires,2026-07-17 19:00:00+00:00,-50.195968947338,-10.862669800199,https://www.gdacs.org/report.aspx?eventtype=WF&eventid=1029542,Wildfires,disaster
EONET_21476,Wildfire in Canada 1029550,Wildfires,2026-07-17 19:00:00+00:00,-120.87951647841,63.12472110189,https://www.gdacs.org/report.aspx?eventtype=WF&eventid=1029550,Wildfires,disaster
EONET_21477,Wildfire in Canada 1029554,Wildfires,2026-07-17 19:00:00+00:00,-121.21747391382,62.041116145296,https://www.gdacs.org/report.aspx?eventtype=WF&eventid=1029554,Wildfires,disaster
EONET_21478,Wildfire in The Democratic Republic of Congo 1029555,Wildfires,2026-07-17 19:00:00+00:00,22.385676203464,-9.2712087733441,https://www.gdacs.org/report.aspx?eventtype=WF&eventid=1029555,Wildfires,disaster
EONET_21479,Wildfire in Canada 1029566,Wildfires,2026-07-17 19:00:00+00:00,-121.22851514013,63.515282974786,https://www.gdacs.org/report.aspx?eventtype=WF&eventid=1029566,Wildfires,disaster
EONET_21480,Wildfire in United States 1029569,Wildfires,2026-07-17 19:00:00+00:00,-120.47617935664,44.067060869125,https://www.gdacs.org/report.aspx?eventtype=WF&eventid=1029569,Wildfires,disaster
EONET_21481,Wildfire in Angola 1029570,Wildfires,2026-07-17 19:00:00+00:00,19.661677783737,-7.6967925473657,https://www.gdacs.org/report.aspx?eventtype=WF&eventid=1029570,Wildfires,disaster
EONET_21482,Wildfire in Australia 1029572,Wildfires,2026-07-17 19:00:00+00:00,141.92867192184,-13.337791635418,https://www.gdacs.org/report.aspx?eventtype=WF&eventid=1029572,Wildfires,disaster
EONET_21483,Wildfire in Canada 1029573,Wildfires,2026-07-17 19:00:00+00:00,-119.25966404851,63.492930842476,https://www.gdacs.org/report.aspx?eventtype=WF&eventid=1029573,Wildfires,disaster
EONET_21484,Wildfire in Canada 1029576,Wildfires,2026-07-17 19:00:00+00:00,-121.78441034636,63.467849973302,https://www.gdacs.org/report.aspx?eventtype=WF&eventid=1029576,Wildfires,disaster
EONET_21485,Wildfire in Russian Federation 1029579,Wildfires,2026-07-17 19:00:00+00:00,88.293382571467,59.550648641656,https://www.gdacs.org/report.aspx?eventtype=WF&eventid=1029579,Wildfires,disaster
EONET_21486,Wildfire in The Democratic Republic of Congo 1029580,Wildfires,2026-07-17 19:00:00+00:00,23.507526870521,-3.4564888681986,https://www.gdacs.org/report.aspx?eventtype=WF&eventid=1029580,Wildfires,disaster
EONET_21487,Wildfire in United States 1029582,Wildfires,2026-07-17 19:00:00+00:00,-120.21270486408,44.861147572905,https://www.gdacs.org/report.aspx?eventtype=WF&eventid=1029582,Wildfires,disaster
EONET_21488,Wildfire in Brazil 1029583,Wildfires,2026-07-17 19:00:00+00:00,-46.623390347295,-10.698571704937,https://www.gdacs.org/report.aspx?eventtype=WF&eventid=1029583,Wildfires,disaster
EONET_21489,Wildfire in The Democratic Republic of Congo 1029588,Wildfires,2026-07-17 19:00:00+00:00,18.469149983953,-7.3439687591956,https://www.gdacs.org/report.aspx?eventtype=WF&eventid=1029588,Wildfires,disaster
EONET_21490,Wildfire in Australia 1029590,Wildfires,2026-07-17 19:00:00+00:00,144.39746236232,-14.84217297864,https://www.gdacs.org/report.aspx?eventtype=WF&eventid=1029590,Wildfires,disaster
EONET_21491,Wildfire in Canada 1029591,Wildfires,2026-07-17 19:00:00+00:00,-117.44071918733,65.034148123578,https://www.gdacs.org/report.aspx?eventtype=WF&eventid=1029591,Wildfires,disaster
EONET_21492,Wildfire in Canada 1029594,Wildfires,2026-07-17 19:00:00+00:00,-121.84402105173,63.16615761357,https://www.gdacs.org/report.aspx?eventtype=WF&eventid=1029594,Wildfires,disaster
EONET_21493,Wildfire in Canada 1029599,Wildfires,2026-07-17 19:00:00+00:00,-122.69328363905,62.907699786097,https://www.gdacs.org/report.aspx?eventtype=WF&eventid=1029599,Wildfires,disaster
EONET_21494,Wildfire in United States 1029531,Wildfires,2026-07-17 19:00:00+00:00,-119.07630649515,48.193483190502,https://www.gdacs.org/report.aspx?eventtype=WF&eventid=1029531,Wildfires,disaster
EONET_21495,Wildfire in Australia 1029532,Wildfires,2026-07-17 19:00:00+00:00,137.64658293403,-16.351645341621,https://www.gdacs.org/report.aspx?eventtype=WF&eventid=1029532,Wildfires,disaster
EONET_21496,Wildfire in Australia 1029536,Wildfires,2026-07-17 19:00:00+00:00,129.371686556,-15.32938848039,https://www.gdacs.org/report.aspx?eventtype=WF&eventid=1029536,Wildfires,disaster
EONET_21497,Wildfire in Australia 1029537,Wildfires,2026-07-17 19:00:00+00:00,131.16884395914,-12.867789768749,https://www.gdacs.org/report.aspx?eventtype=WF&eventid=1029537,Wildfires,disaster
EONET_21498,Wildfire in Spain 1029540,Wildfires,2026-07-17 19:00:00+00:00,-3.0582112665468,41.113907939101,https://www.gdacs.org/report.aspx?eventtype=WF&eventid=1029540,Wildfires,disaster
EONET_21499,Wildfire in Canada 1029543,Wildfires,2026-07-17 19:00:00+00:00,-121.60110339644,62.10990892431,https://www.gdacs.org/report.aspx?eventtype=WF&eventid=1029543,Wildfires,disaster
EONET_21500,Wildfire in Australia 1029545,Wildfires,2026-07-17 19:00:00+00:00,141.88447303636,-12.968415826697,https://www.gdacs.org/report.aspx?eventtype=WF&eventid=1029545,Wildfires,disaster
EONET_21501,Wildfire in Canada 1029546,Wildfires,2026-07-17 19:00:00+00:00,-121.76158220773,51.272624747412,https://www.gdacs.org/report.aspx?eventtype=WF&eventid=1029546,Wildfires,disaster
EONET_21502,Wildfire in Australia 1029547,Wildfires,2026-07-17 19:00:00+00:00,142.46274928051,-12.430897376916,https://www.gdacs.org/report.aspx?eventtype=WF&eventid=1029547,Wildfires,disaster
EONET_21503,Wildfire in Canada 1029548,Wildfires,2026-07-17 19:00:00+00:00,-116.33017005717,63.134501444647,https://www.gdacs.org/report.aspx?eventtype=WF&eventid=1029548,Wildfires,disaster
EONET_21504,Wildfire in Australia 1029549,Wildfires,2026-07-17 19:00:00+00:00,137.25138234189,-16.554471111773,https://www.gdacs.org/report.aspx?eventtype=WF&eventid=1029549,Wildfires,disaster
EONET_21505,Wildfire in Canada 1029551,Wildfires,2026-07-17 19:00:00+00:00,-117.75425844774,64.227195829699,https://www.gdacs.org/report.aspx?eventtype=WF&eventid=1029551,Wildfires,disaster
EONET_21506,Wildfire in Canada 1029552,Wildfires,2026-07-17 19:00:00+00:00,-122.15159812957,63.390714339057,https://www.gdacs.org/report.aspx?eventtype=WF&eventid=1029552,Wildfires,disaster
EONET_21507,Wildfire in Canada 1029553,Wildfires,2026-07-17 19:00:00+00:00,-120.87506409137,62.016451485481,https://www.gdacs.org/report.aspx?eventtype=WF&eventid=1029553,Wildfires,disaster
EONET_21508,Wildfire in United States 1029556,Wildfires,2026-07-17 19:00:00+00:00,-118.885527279,48.17817078693,https://www.gdacs.org/report.aspx?eventtype=WF&eventid=1029556,Wildfires,disaster
EONET_21509,Wildfire in Canada 1029557,Wildfires,2026-07-17 19:00:00+00:00,-112.59362411889,63.21025596656,https://www.gdacs.org/report.aspx?eventtype=WF&eventid=1029557,Wildfires,disaster
EONET_21510,Wildfire in United States 1029558,Wildfires,2026-07-17 19:00:00+00:00,-120.50201562092,44.598456912617,https://www.gdacs.org/report.aspx?eventtype=WF&eventid=1029558,Wildfires,disaster
EONET_21511,Wildfire in Australia 1029559,Wildfires,2026-07-17 19:00:00+00:00,136.37040051836,-16.7636374045,https://www.gdacs.org/report.aspx?eventtype=WF&eventid=1029559,Wildfires,disaster
EONET_21512,Wildfire in Algeria 1029560,Wildfires,2026-07-17 19:00:00+00:00,7.5954422224432,36.888018252332,https://www.gdacs.org/report.aspx?eventtype=WF&eventid=1029560,Wildfires,disaster
EONET_21513,Wildfire in United States 1029561,Wildfires,2026-07-17 19:00:00+00:00,-120.81374920855,44.526182569522,https://www.gdacs.org/report.aspx?eventtype=WF&eventid=1029561,Wildfires,disaster
EONET_21514,Wildfire in Canada 1029562,Wildfires,2026-07-17 19:00:00+00:00,-122.33984083699,51.346682183751,https://www.gdacs.org/report.aspx?eventtype=WF&eventid=1029562,Wildfires,disaster
EONET_21515,Wildfire in Canada 1029563,Wildfires,2026-07-17 19:00:00+00:00,-116.76895579631,65.197065859913,https://www.gdacs.org/report.aspx?eventtype=WF&eventid=1029563,Wildfires,disaster
EONET_21516,Wildfire in Canada 1029564,Wildfires,2026-07-17 19:00:00+00:00,-120.62333245512,62.152296001222,https://www.gdacs.org/report.aspx?eventtype=WF&eventid=1029564,Wildfires,disaster
EONET_21517,Wildfire in Australia 1029565,Wildfires,2026-07-17 19:00:00+00:00,127.33525165268,-15.047820316756,https://www.gdacs.org/report.aspx?eventtype=WF&eventid=1029565,Wildfires,disaster
EONET_21518,Wildfire in South Africa 1029567,Wildfires,2026-07-17 19:00:00+00:00,28.820649990832,-25.233437992919,https://www.gdacs.org/report.aspx?eventtype=WF&eventid=1029567,Wildfires,disaster
EONET_21519,Wildfire in Australia 1029568,Wildfires,2026-07-17 19:00:00+00:00,142.42103394591,-15.041196549637,https://www.gdacs.org/report.aspx?eventtype=WF&eventid=1029568,Wildfires,disaster
EONET_21520,Wildfire in Canada 1029571,Wildfires,2026-07-17 19:00:00+00:00,-121.57404043651,61.689603126768,https://www.gdacs.org/report.aspx?eventtype=WF&eventid=1029571,Wildfires,disaster
EONET_21521,Wildfire in Bolivia 1029575,Wildfires,2026-07-17 19:00:00+00:00,-59.076368261894,-18.335090984457,https://www.gdacs.org/report.aspx?eventtype=WF&eventid=1029575,Wildfires,disaster
EONET_21522,Wildfire in Canada 1029577,Wildfires,2026-07-17 19:00:00+00:00,-109.41965810647,61.843478888192,https://www.gdacs.org/report.aspx?eventtype=WF&eventid=1029577,Wildfires,disaster
EONET_21523,Wildfire in Australia 1029578,Wildfires,2026-07-17 19:00:00+00:00,127.29999444501,-14.767588175618,https://www.gdacs.org/report.aspx?eventtype=WF&eventid=1029578,Wildfires,disaster
EONET_21524,Wildfire in Canada 1029581,Wildfires,2026-07-17 19:00:00+00:00,-117.12403387141,64.993304601801,https://www.gdacs.org/report.aspx?eventtype=WF&eventid=1029581,Wildfires,disaster
EONET_21525,Wildfire in Canada 1029584,Wildfires,2026-07-17 19:00:00+00:00,-123.47369563926,63.357621598156,https://www.gdacs.org/report.aspx?eventtype=WF&eventid=1029584,Wildfires,disaster
EONET_21526,Wildfire in Canada 1029585,Wildfires,2026-07-17 19:00:00+00:00,-118.42539932117,63.788348667971,https://www.gdacs.org/report.aspx?eventtype=WF&eventid=1029585,Wildfires,disaster
EONET_21527,Wildfire in Canada 1029586,Wildfires,2026-07-17 19:00:00+00:00,-115.81819224745,64.808991247067,https://www.gdacs.org/report.aspx?eventtype=WF&eventid=1029586,Wildfires,disaster
EONET_21528,Wildfire in Canada 1029587,Wildfires,2026-07-17 19:00:00+00:00,-115.28714957484,64.735445165833,https://www.gdacs.org/report.aspx?eventtype=WF&eventid=1029587,Wildfires,disaster
EONET_21529,Wildfire in Canada 1029592,Wildfires,2026-07-17 19:00:00+00:00,-118.66813724577,63.778614328257,https://www.gdacs.org/report.aspx?eventtype=WF&eventid=1029592,Wildfires,disaster
EONET_21530,Wildfire in Australia 1029593,Wildfires,2026-07-17 19:00:00+00:00,141.98851323515,-12.823559206717,https://www.gdacs.org/report.aspx?eventtype=WF&eventid=1029593,Wildfires,disaster
EONET_21531,Wildfire in Australia 1029597,Wildfires,2026-07-17 19:00:00+00:00,130.80835593327,-12.994036295829,https://www.gdacs.org/report.aspx?eventtype=WF&eventid=1029597,Wildfires,disaster
EONET_21532,Wildfire in Bolivia 1029598,Wildfires,2026-07-17 19:00:00+00:00,-64.850221986744,-21.504692256352,https://www.gdacs.org/report.aspx?eventtype=WF&eventid=1029598,Wildfires,disaster
EONET_21533,Wildfire in Bolivia 1029600,Wildfires,2026-07-17 19:00:00+00:00,-59.629765313586,-16.359236565878,https://www.gdacs.org/report.aspx?eventtype=WF&eventid=1029600,Wildfires,disaster
EONET_21534,Wildfire in Algeria 1029601,Wildfires,2026-07-17 19:00:00+00:00,7.2211121006722,36.659496612574,https://www.gdacs.org/report.aspx?eventtype=WF&eventid=1029601,Wildfires,disaster
EONET_21555,Wildfire in The Democratic Republic of Congo 1029627,Wildfires,2026-07-17 19:00:00+00:00,18.715367294533,-6.8260087285525,https://www.gdacs.org/report.aspx?eventtype=WF&eventid=1029627,Wildfires,disaster
EONET_21556,Wildfire in Canada 1029609,Wildfires,2026-07-17 19:00:00+00:00,-95.005327450976,56.775209936435,https://www.gdacs.org/report.aspx?eventtype=WF&eventid=1029609,Wildfires,disaster
EONET_21557,Wildfire in Canada 1029610,Wildfires,2026-07-17 19:00:00+00:00,-112.69882933139,63.075471583764,https://www.gdacs.org/report.aspx?eventtype=WF&eventid=1029610,Wildfires,disaster
EONET_21558,Wildfire in Australia 1029613,Wildfires,2026-07-17 19:00:00+00:00,135.4060978458,-16.413100183944,https://www.gdacs.org/report.aspx?eventtype=WF&eventid=1029613,Wildfires,disaster
EONET_21559,Wildfire in Russian Federation 1029622,Wildfires,2026-07-17 19:00:00+00:00,156.64201633447,68.39673456832,https://www.gdacs.org/report.aspx?eventtype=WF&eventid=1029622,Wildfires,disaster
EONET_21560,Wildfire in Tanzania 1029623,Wildfires,2026-07-17 19:00:00+00:00,33.812537642964,-7.1470688914547,https://www.gdacs.org/report.aspx?eventtype=WF&eventid=1029623,Wildfires,disaster
EONET_21561,Wildfire in Angola 1029624,Wildfires,2026-07-17 19:00:00+00:00,19.70762116631,-9.0296193104558,https://www.gdacs.org/report.aspx?eventtype=WF&eventid=1029624,Wildfires,disaster
EONET_21562,Wildfire in Algeria 1029625,Wildfires,2026-07-17 19:00:00+00:00,0.096864206180004,34.928470183416,https://www.gdacs.org/report.aspx?eventtype=WF&eventid=1029625,Wildfires,disaster
EONET_21563,Wildfire in Angola 1029626,Wildfires,2026-07-17 19:00:00+00:00,19.891045487335,-8.0968943458515,https://www.gdacs.org/report.aspx?eventtype=WF&eventid=1029626,Wildfires,disaster
EONET_21564,Wildfire in Australia 1029634,Wildfires,2026-07-17 19:00:00+00:00,132.77109897909,-12.426277548457,https://www.gdacs.org/report.aspx?eventtype=WF&eventid=1029634,Wildfires,disaster
EONET_21565,Wildfire in Australia 1029635,Wildfires,2026-07-17 19:00:00+00:00,123.18340976736,-17.660781807376,https://www.gdacs.org/report.aspx?eventtype=WF&eventid=1029635,Wildfires,disaster
EONET_21566,Wildfire in Australia 1029636,Wildfires,2026-07-17 19:00:00+00:00,136.24991505481,-16.796656619037,https://www.gdacs.org/report.aspx?eventtype=WF&eventid=1029636,Wildfires,disaster
EONET_21567,Wildfire in Russian Federation 1029637,Wildfires,2026-07-17 19:00:00+00:00,156.92012127859,68.518441041659,https://www.gdacs.org/report.aspx?eventtype=WF&eventid=1029637,Wildfires,disaster
EONET_21568,Wildfire in Brazil 1029638,Wildfires,2026-07-17 19:00:00+00:00,-54.308682166612,-13.335375066438,https://www.gdacs.org/report.aspx?eventtype=WF&eventid=1029638,Wildfires,disaster
EONET_21569,Wildfire in Algeria 1029611,Wildfires,2026-07-17 19:00:00+00:00,7.5846897815264,36.910261092237,https://www.gdacs.org/report.aspx?eventtype=WF&eventid=1029611,Wildfires,disaster
EONET_21570,Wildfire in Canada 1029612,Wildfires,2026-07-17 19:00:00+00:00,-121.40438027626,49.84721711158,https://www.gdacs.org/report.aspx?eventtype=WF&eventid=1029612,Wildfires,disaster
EONET_21571,Wildfire in United States 1029614,Wildfires,2026-07-17 19:00:00+00:00,-118.26729103209,45.693482429948,https://www.gdacs.org/report.aspx?eventtype=WF&eventid=1029614,Wildfires,disaster
EONET_21572,Wildfire in Canada 1029615,Wildfires,2026-07-17 19:00:00+00:00,-119.45223955255,63.481105406098,https://www.gdacs.org/report.aspx?eventtype=WF&eventid=1029615,Wildfires,disaster
EONET_21573,Wildfire in Australia 1029616,Wildfires,2026-07-17 19:00:00+00:00,130.87403004015,-11.655101138636,https://www.gdacs.org/report.aspx?eventtype=WF&eventid=1029616,Wildfires,disaster
EONET_21574,Wildfire in Canada 1029617,Wildfires,2026-07-17 19:00:00+00:00,-117.64289169008,65.008399983348,https://www.gdacs.org/report.aspx?eventtype=WF&eventid=1029617,Wildfires,disaster
EONET_21625,Wildfire in Canada 1029658,Wildfires,2026-07-17 19:00:00+00:00,-118.11034989539,64.104322623153,https://www.gdacs.org/report.aspx?eventtype=WF&eventid=1029658,Wildfires,disaster
EONET_21626,Wildfire in Canada 1029660,Wildfires,2026-07-17 19:00:00+00:00,-115.80178250197,65.032873339782,https://www.gdacs.org/report.aspx?eventtype=WF&eventid=1029660,Wildfires,disaster
EONET_21627,Wildfire in The Democratic Republic of Congo 1029662,Wildfires,2026-07-17 19:00:00+00:00,18.581050712176,-7.6505182947571,https://www.gdacs.org/report.aspx?eventtype=WF&eventid=1029662,Wildfires,disaster
EONET_21628,Wildfire in The Democratic Republic of Congo 1029659,Wildfires,2026-07-17 19:00:00+00:00,18.077047661187,-6.6870292799699,https://www.gdacs.org/report.aspx?eventtype=WF&eventid=1029659,Wildfires,disaster
EONET_21629,Wildfire in The Democratic Republic of Congo 1029661,Wildfires,2026-07-17 19:00:00+00:00,23.626186599574,-3.567640160107,https://www.gdacs.org/report.aspx?eventtype=WF&eventid=1029661,Wildfires,disaster
EONET_21630,Wildfire in Canada 1029663,Wildfires,2026-07-17 19:00:00+00:00,-125.3137864542,52.67032281847,https://www.gdacs.org/report.aspx?eventtype=WF&eventid=1029663,Wildfires,disaster
EONET_21631,Wildfire in Canada 1029664,Wildfires,2026-07-17 19:00:00+00:00,-121.52460228477,61.688949107838,https://www.gdacs.org/report.aspx?eventtype=WF&eventid=1029664,Wildfires,disaster
EONET_21632,Wildfire in United States 1029665,Wildfires,2026-07-17 19:00:00+00:00,-121.50055969787,44.412495282751,https://www.gdacs.org/report.aspx?eventtype=WF&eventid=1029665,Wildfires,disaster
EONET_21633,Wildfire in The Democratic Republic of Congo 1029666,Wildfires,2026-07-17 19:00:00+00:00,23.52207279361,-3.5609436885765,https://www.gdacs.org/report.aspx?eventtype=WF&eventid=1029666,Wildfires,disaster
EONET_21634,Wildfire in Canada 1029667,Wildfires,2026-07-17 19:00:00+00:00,-121.80004222238,61.808595869027,https://www.gdacs.org/report.aspx?eventtype=WF&eventid=1029667,Wildfires,disaster
EONET_21635,Wildfire in Zambia 1029668,Wildfires,2026-07-17 19:00:00+00:00,24.673619144125,-13.210469597075,https://www.gdacs.org/report.aspx?eventtype=WF&eventid=1029668,Wildfires,disaster
EONET_21636,Wildfire in Zambia 1029669,Wildfires,2026-07-17 19:00:00+00:00,24.493563070104,-14.862696732009,https://www.gdacs.org/report.aspx?eventtype=WF&eventid=1029669,Wildfires,disaster
EONET_21637,Wildfire in The Democratic Republic of Congo 1029670,Wildfires,2026-07-17 19:00:00+00:00,18.643238889212,-7.1041238747838,https://www.gdacs.org/report.aspx?eventtype=WF&eventid=1029670,Wildfires,disaster
EONET_21638,Wildfire in Angola 1029671,Wildfires,2026-07-17 19:00:00+00:00,21.572231735173,-8.4207850125053,https://www.gdacs.org/report.aspx?eventtype=WF&eventid=1029671,Wildfires,disaster
EONET_21639,Wildfire in Canada 1029672,Wildfires,2026-07-17 19:00:00+00:00,-115.20325137056,64.868622549768,https://www.gdacs.org/report.aspx?eventtype=WF&eventid=1029672,Wildfires,disaster
EONET_21640,Wildfire in Mozambique 1029673,Wildfires,2026-07-17 19:00:00+00:00,34.549266923539,-17.943763570962,https://www.gdacs.org/report.aspx?eventtype=WF&eventid=1029673,Wildfires,disaster
EONET_21641,Wildfire in Canada 1029675,Wildfires,2026-07-17 19:00:00+00:00,-103.3494523291,55.548266145204,https://www.gdacs.org/report.aspx?eventtype=WF&eventid=1029675,Wildfires,disaster
EONET_21642,Wildfire in United States 1029676,Wildfires,2026-07-17 19:00:00+00:00,-120.80648268235,47.990617977908,https://www.gdacs.org/report.aspx?eventtype=WF&eventid=1029676,Wildfires,disaster
EONET_21690,Wildfire in Australia 1029704,Wildfires,2026-07-17 19:00:00+00:00,131.22089576584,-13.453317123203,https://www.gdacs.org/report.aspx?eventtype=WF&eventid=1029704,Wildfires,disaster
EONET_21691,Wildfire in Australia 1029708,Wildfires,2026-07-17 19:00:00+00:00,142.28662262077,-15.153819681868,https://www.gdacs.org/report.aspx?eventtype=WF&eventid=1029708,Wildfires,disaster
EONET_21692,Wildfire in Angola 1029709,Wildfires,2026-07-17 19:00:00+00:00,15.652733382266,-10.834446611809,https://www.gdacs.org/report.aspx?eventtype=WF&eventid=1029709,Wildfires,disaster
EONET_21693,Wildfire in Canada 1029710,Wildfires,2026-07-17 19:00:00+00:00,-121.76716350491,50.988699285972,https://www.gdacs.org/report.aspx?eventtype=WF&eventid=1029710,Wildfires,disaster
EONET_21694,Wildfire in Australia 1029722,Wildfires,2026-07-17 19:00:00+00:00,132.13078653719,-12.553875018293,https://www.gdacs.org/report.aspx?eventtype=WF&eventid=1029722,Wildfires,disaster
EONET_21695,Wildfire in Australia 1029723,Wildfires,2026-07-17 19:00:00+00:00,132.06497078812,-14.647130164221,https://www.gdacs.org/report.aspx?eventtype=WF&eventid=1029723,Wildfires,disaster
EONET_21696,Wildfire in Angola 1029724,Wildfires,2026-07-17 19:00:00+00:00,15.084080984511,-10.269044401164,https://www.gdacs.org/report.aspx?eventtype=WF&eventid=1029724,Wildfires,disaster
EONET_21697,Wildfire in Angola 1029725,Wildfires,2026-07-17 19:00:00+00:00,14.770726354189,-10.486889487197,https://www.gdacs.org/report.aspx?eventtype=WF&eventid=1029725,Wildfires,disaster
EONET_21698,Wildfire in Brazil 1029726,Wildfires,2026-07-17 19:00:00+00:00,-50.526069082518,-11.992569411285,https://www.gdacs.org/report.aspx?eventtype=WF&eventid=1029726,Wildfires,disaster
EONET_21699,Wildfire in Australia 1029729,Wildfires,2026-07-17 19:00:00+00:00,144.44177716745,-15.821399398711,https://www.gdacs.org/report.aspx?eventtype=WF&eventid=1029729,Wildfires,disaster
EONET_21700,Wildfire in Angola 1029733,Wildfires,2026-07-17 19:00:00+00:00,17.199321117244,-8.5659510487077,https://www.gdacs.org/report.aspx?eventtype=WF&eventid=1029733,Wildfires,disaster
EONET_21701,Wildfire in Namibia 1029734,Wildfires,2026-07-17 19:00:00+00:00,20.601098743979,-18.724748422843,https://www.gdacs.org/report.aspx?eventtype=WF&eventid=1029734,Wildfires,disaster
EONET_21702,Wildfire in Australia 1029746,Wildfires,2026-07-17 19:00:00+00:00,141.78060581755,-12.864083479564,https://www.gdacs.org/report.aspx?eventtype=WF&eventid=1029746,Wildfires,disaster
EONET_21703,Wildfire in Australia 1029747,Wildfires,2026-07-17 19:00:00+00:00,130.78018163822,-11.579499791899,https://www.gdacs.org/report.aspx?eventtype=WF&eventid=1029747,Wildfires,disaster
EONET_21704,Wildfire in Australia 1029748,Wildfires,2026-07-17 19:00:00+00:00,141.98911115742,-12.488612921892,https://www.gdacs.org/report.aspx?eventtype=WF&eventid=1029748,Wildfires,disaster
EONET_21705,Wildfire in The Democratic Republic of Congo 1029705,Wildfires,2026-07-17 19:00:00+00:00,18.064151278632,-6.7123102149159,https://www.gdacs.org/report.aspx?eventtype=WF&eventid=1029705,Wildfires,disaster
EONET_21706,Wildfire in South Africa 1029706,Wildfires,2026-07-17 19:00:00+00:00,27.864732344558,-25.117670810718,https://www.gdacs.org/report.aspx?eventtype=WF&eventid=1029706,Wildfires,disaster
EONET_21707,Wildfire in Canada 1029707,Wildfires,2026-07-17 19:00:00+00:00,-105.53335558888,55.721403519584,https://www.gdacs.org/report.aspx?eventtype=WF&eventid=1029707,Wildfires,disaster
EONET_21708,Wildfire in Zambia 1029711,Wildfires,2026-07-17 19:00:00+00:00,28.519855033844,-11.313590159357,https://www.gdacs.org/report.aspx?eventtype=WF&eventid=1029711,Wildfires,disaster
EONET_21709,Wildfire in The Democratic Republic of Congo 1029712,Wildfires,2026-07-17 19:00:00+00:00,23.195987345756,-3.3668112876544,https://www.gdacs.org/report.aspx?eventtype=WF&eventid=1029712,Wildfires,disaster
EONET_21710,Wildfire in Angola 1029727,Wildfires,2026-07-17 19:00:00+00:00,17.292566680002,-10.269462175627,https://www.gdacs.org/report.aspx?eventtype=WF&eventid=1029727,Wildfires,disaster
EONET_21711,Wildfire in Canada 1029728,Wildfires,2026-07-17 19:00:00+00:00,-116.93244115288,65.427456693068,https://www.gdacs.org/report.aspx?eventtype=WF&eventid=1029728,Wildfires,disaster
EONET_21410,"Incident Complex HAY CREEK COMPLEX, Gilliam, Oregon",Wildfires,2026-07-17 17:16:00+00:00,-120.435846,45.26602,https://irwin.doi.gov/observer/incidents/2026-ORPRD-000511,Wildfires,disaster
EONET_21579,"Wildfire Burnt Creek, Wallowa, Oregon",Wildfires,2026-07-17 17:00:00+00:00,-117.25321,45.76802,https://irwin.doi.gov/observer/incidents/2026-ORWWF-000342,Wildfires,disaster
EONET_21425,"Wildfire NEFF JONES, Franklin, Washington",Wildfires,2026-07-17 14:34:00+00:00,-118.65817,46.45851,https://irwin.doi.gov/observer/incidents/2026-WAWFS-260423,Wildfires,disaster
EONET_21427,"Wildfire Modrite, Ferry, Washington",Wildfires,2026-07-17 13:59:00+00:00,-118.312583,48.069,https://irwin.doi.gov/observer/incidents/2026-WANES-260149,Wildfires,disaster
EONET_21588,"Wildfire PTARMIGAN, Okanogan, Washington",Wildfires,2026-07-17 13:09:00+00:00,-120.6095,48.942,https://irwin.doi.gov/observer/incidents/2026-WAOWF-260448,Wildfires,disaster
EONET_21591,"Wildfire 0501 PAT&#039;S CABIN, Wheeler, Oregon",Wildfires,2026-07-17 11:19:00+00:00,-120.33328,44.72533,https://irwin.doi.gov/observer/incidents/2026-ORPRD-000501,Wildfires,disaster
EONET_21412,"Wildfire POWDER RIVER, Baker, Oregon",Wildfires,2026-07-17 07:27:00+00:00,-117.277667,44.75525,https://irwin.doi.gov/observer/incidents/2026-ORVAD-260173,Wildfires,disaster
EONET_21434,"Wildfire Black Ridge 2, Lincoln, Idaho",Wildfires,2026-07-17 02:54:00+00:00,-113.9259,42.9696,https://irwin.doi.gov/observer/incidents/2026-IDTFD-000133,Wildfires,disaster
EONET_21590,"Wildfire 0502, Wheeler, Oregon",Wildfires,2026-07-17 00:48:00+00:00,-120.297013,44.829331,https://irwin.doi.gov/observer/incidents/2026-ORPRD-000502,Wildfires,disaster
EONET_21408,"Wildfire 0462, Sherman, Oregon",Wildfires,2026-07-17 00:37:00+00:00,-120.495333,45.184333,https://irwin.doi.gov/observer/incidents/2026-ORPRD-000462,Wildfires,disaster
EONET_21589,"Wildfire 0432, Wasco, Oregon",Wildfires,2026-07-16 22:52:00+00:00,-120.759188,45.000137,https://irwin.doi.gov/observer/incidents/2026-ORPRD-000432,Wildfires,disaster
EONET_21422,"Wildfire COLUMBIA COUNTY, Columbia, Washington",Wildfires,2026-07-16 22:12:00+00:00,-118.103667,46.542667,https://irwin.doi.gov/observer/incidents/2026-WACCDN-260456,Wildfires,disaster
EONET_21580,"Wildfire Horse Ridge, Umatilla, Oregon",Wildfires,2026-07-16 22:09:00+00:00,-118.345971,45.541808,https://irwin.doi.gov/observer/incidents/2026-ORUMF-000315,Wildfires,disaster
EONET_21401,"Wildfire 0497 HENRY, Crook, Oregon",Wildfires,2026-07-16 21:22:00+00:00,-119.947717,44.121117,https://irwin.doi.gov/observer/incidents/2026-ORPRD-000497,Wildfires,disaster
EONET_21406,"Wildfire Hagen, Umatilla, Oregon",Wildfires,2026-07-16 21:04:00+00:00,-118.269,45.707,https://irwin.doi.gov/observer/incidents/2026-ORUMF-000324,Wildfires,disaster
EONET_21400,"Wildfire 0500 COYOTE, Crook, Oregon",Wildfires,2026-07-16 20:39:00+00:00,-120.528667,44.1115,https://irwin.doi.gov/observer/incidents/2026-OROCF-000500,Wildfires,disaster
EONET_21405,"Wildfire Egypt, Harney, Oregon",Wildfires,2026-07-16 20:11:00+00:00,-119.468417,43.727167,https://irwin.doi.gov/observer/incidents/2026-ORMAF-002671,Wildfires,disaster
EONET_21407,"Wildfire 0476 HOAG, Gilliam, Oregon",Wildfires,2026-07-16 20:08:00+00:00,-120.405117,45.562183,https://irwin.doi.gov/observer/incidents/2026-ORPRD-000476,Wildfires,disaster
EONET_21418,"Wildfire 0485 DEEP CANYON, Wasco, Oregon",Wildfires,2026-07-16 20:08:00+00:00,-120.836,44.8645,https://irwin.doi.gov/observer/incidents/2026-ORPRD-000485,Wildfires,disaster
EONET_21413,"Wildfire 0494 AKAWA BUTTE, Jefferson, Oregon",Wildfires,2026-07-16 18:18:00+00:00,-121.453167,44.472367,https://irwin.doi.gov/observer/incidents/2026-OR955S-000494,Wildfires,disaster
EONET_21411,"Wildfire Bologna, Grant, Oregon",Wildfires,2026-07-16 17:52:00+00:00,-119.598,44.861167,https://irwin.doi.gov/observer/incidents/2026-ORUMF-000298,Wildfires,disaster
EONET_21432,"Wildfire Mile Marker 40- Broward (06), Broward, Florida",Wildfires,2026-07-16 16:36:00+00:00,-80.5405556,26.2566667,https://irwin.doi.gov/observer/incidents/2026-FLFLS-261800111,Wildfires,disaster
EONET_21409,"Wildfire 0480 WILCOX, Sherman, Oregon",Wildfires,2026-07-16 16:25:00+00:00,-120.6097,45.113583,https://irwin.doi.gov/observer/incidents/2026-ORPRD-000480,Wildfires,disaster
EONET_21419,"Incident Complex ROWE CREEK COMPLEX, Wheeler, Oregon",Wildfires,2026-07-16 16:20:00+00:00,-120.316732,44.810126,https://irwin.doi.gov/observer/incidents/2026-ORPRD-000491,Wildfires,disaster
EONET_21581,"Wildfire Paradise, Wallowa, Oregon",Wildfires,2026-07-16 15:51:00+00:00,-117.974282,45.998139,https://irwin.doi.gov/observer/incidents/2026-ORUMF-000302,Wildfires,disaster
EONET_21428,"Wildfire ROYAL LAKE, Adams, Washington",Wildfires,2026-07-16 13:55:00+00:00,-119.361131,46.863295,https://irwin.doi.gov/observer/incidents/2026-WAMCR-260429,Wildfires,disaster
EONET_21423,"Wildfire LYONS FERRY, Franklin, Washington",Wildfires,2026-07-16 13:04:00+00:00,-118.23915,46.6259,https://irwin.doi.gov/observer/incidents/2026-WAWFS-260428,Wildfires,disaster
EONET_21582,"Wildfire LITTLE GIANT, Chelan, Washington",Wildfires,2026-07-16 12:18:00+00:00,-120.846617,48.016217,https://irwin.doi.gov/observer/incidents/2026-WAOWF-260406,Wildfires,disaster
EONET_21431,"Wildfire Kaiser Canyon, Okanogan, Washington",Wildfires,2026-07-16 11:08:00+00:00,-118.958638,48.116777,https://irwin.doi.gov/observer/incidents/2026-WACOA-260140,Wildfires,disaster
EONET_21374,"Wildfire 0460 HOPKIN, Gilliam, Oregon",Wildfires,2026-07-16 08:04:00+00:00,-120.24295,45.336333,https://irwin.doi.gov/observer/incidents/2026-ORPRD-000460,Wildfires,disaster
EONET_21429,"Wildfire Turner, Boundary, Idaho",Wildfires,2026-07-16 01:14:00+00:00,-116.38025,48.825083,https://irwin.doi.gov/observer/incidents/2026-IDNIA-000405,Wildfires,disaster
EONET_21417,"Wildfire 0446 CAMEL HUMP, Wheeler, Oregon",Wildfires,2026-07-16 01:13:00+00:00,-120.052,44.761667,https://irwin.doi.gov/observer/incidents/2026-ORPRD-000446,Wildfires,disaster
EONET_21375,"Wildfire 0445 CROSSWHITE, Wheeler, Oregon",Wildfires,2026-07-16 00:17:00+00:00,-120.199167,44.803333,https://irwin.doi.gov/observer/incidents/2026-ORPRD-000445,Wildfires,disaster
EONET_21376,"Wildfire 0450 COVE CREEK, Wheeler, Oregon",Wildfires,2026-07-16 00:08:00+00:00,-120.346403,44.942899,https://irwin.doi.gov/observer/incidents/2026-ORPRD-000450,Wildfires,disaster
EONET_21377,"Wildfire 0449 PORCUPINE RIDGE, Gilliam, Oregon",Wildfires,2026-07-15 22:01:00+00:00,-120.350257,45.18894,https://irwin.doi.gov/observer/incidents/2026-ORPRD-000449,Wildfires,disaster
EONET_21379,"Wildfire Lower Dry Creek Mutual Aid, Umatilla, Oregon",Wildfires,2026-07-15 21:33:00+00:00,-118.410667,45.906083,https://irwin.doi.gov/observer/incidents/2026-OR973S-000268,Wildfires,disaster
EONET_21414,"Wildfire 0433 BREWER, Jefferson, Oregon",Wildfires,2026-07-15 19:59:00+00:00,-120.907094,44.588568,https://irwin.doi.gov/observer/incidents/2026-OR951S-000433,Wildfires,disaster
EONET_21378,"Wildfire THORN, San Diego, California",Wildfires,2026-07-15 18:49:00+00:00,-116.332927,32.691104,https://irwin.doi.gov/observer/incidents/2026-CASDU-016203,Wildfires,disaster
EONET_21395,"Wildfire Charger 2, Collier, Florida",Wildfires,2026-07-15 11:57:00+00:00,-81.0615,25.973667,https://irwin.doi.gov/observer/incidents/2026-FLBCP-002227,Wildfires,disaster
EONET_21387,"Wildfire BUCKET SHOP (53)~, Hillsborough, Florida",Wildfires,2026-07-15 11:13:00+00:00,-82.0833333,27.6688889,https://irwin.doi.gov/observer/incidents/2026-FLFLS-261400379,Wildfires,disaster
EONET_21388,"Prescribed Fire RX Flowing 24, Clay, Minnesota",Wildfires,2026-07-15 11:10:00+00:00,-96.44761667,47.01508333,https://irwin.doi.gov/observer/incidents/2025-MNMNS-RX2593380,Wildfires,disaster
EONET_21386,"Wildfire Little Knife, Lake, Minnesota",Wildfires,2026-07-15 10:51:00+00:00,-91.104833,48.161067,https://irwin.doi.gov/observer/incidents/2026-MNSUF-002510,Wildfires,disaster
EONET_21373,Tropical Storm Elida,Severe Storms,2026-07-15 06:00:00+00:00,-111.3,15.0,https://www.metoc.navy.mil/jtwc/products/ep0526.tcw,Severe Storms,disaster
EONET_21373,Tropical Storm Elida,Severe Storms,2026-07-15 12:00:00+00:00,-112.9,15.3,https://www.metoc.navy.mil/jtwc/products/ep0526.tcw,Severe Storms,disaster
EONET_21373,Tropical Storm Elida,Severe Storms,2026-07-15 18:00:00+00:00,-114.1,15.6,https://www.metoc.navy.mil/jtwc/products/ep0526.tcw,Severe Storms,disaster
EONET_21373,Tropical Storm Elida,Severe Storms,2026-07-16 00:00:00+00:00,-114.7,15.4,https://www.metoc.navy.mil/jtwc/products/ep0526.tcw,Severe Storms,disaster
EONET_21373,Tropical Storm Elida,Severe Storms,2026-07-16 06:00:00+00:00,-115.8,15.5,https://www.metoc.navy.mil/jtwc/products/ep0526.tcw,Severe Storms,disaster
EONET_21373,Tropical Storm Elida,Severe Storms,2026-07-16 12:00:00+00:00,-116.9,15.6,https://www.metoc.navy.mil/jtwc/products/ep0526.tcw,Severe Storms,disaster
EONET_21373,Tropical Storm Elida,Severe Storms,2026-07-16 18:00:00+00:00,-117.9,15.7,https://www.metoc.navy.mil/jtwc/products/ep0526.tcw,Severe Storms,disaster
EONET_21373,Tropical Storm Elida,Severe Storms,2026-07-17 00:00:00+00:00,-118.7,15.8,https://www.metoc.navy.mil/jtwc/products/ep0526.tcw,Severe Storms,disaster
EONET_21373,Tropical Storm Elida,Severe Storms,2026-07-17 06:00:00+00:00,-119.8,15.9,https://www.metoc.navy.mil/jtwc/products/ep0526.tcw,Severe Storms,disaster
EONET_21373,Tropical Storm Elida,Severe Storms,2026-07-17 12:00:00+00:00,-120.5,16.5,https://www.metoc.navy.mil/jtwc/products/ep0526.tcw,Severe Storms,disaster
EONET_21373,Tropical Storm Elida,Severe Storms,2026-07-17 18:00:00+00:00,-121.6,16.8,https://www.metoc.navy.mil/jtwc/products/ep0526.tcw,Severe Storms,disaster
EONET_21373,Tropical Storm Elida,Severe Storms,2026-07-18 00:00:00+00:00,-122.1,17.1,https://www.metoc.navy.mil/jtwc/products/ep0526.tcw,Severe Storms,disaster
EONET_21373,Tropical Storm Elida,Severe Storms,2026-07-18 06:00:00+00:00,-122.5,17.6,https://www.metoc.navy.mil/jtwc/products/ep0526.tcw,Severe Storms,disaster
EONET_21373,Tropical Storm Elida,Severe Storms,2026-07-18 12:00:00+00:00,-123.0,18.5,https://www.metoc.navy.mil/jtwc/products/ep0526.tcw,Severe Storms,disaster
EONET_21373,Tropical Storm Elida,Severe Storms,2026-07-18 18:00:00+00:00,-123.5,19.3,https://www.metoc.navy.mil/jtwc/products/ep0526.tcw,Severe Storms,disaster
EONET_21373,Tropical Storm Elida,Severe Storms,2026-07-19 00:00:00+00:00,-124.5,20.1,https://www.metoc.navy.mil/jtwc/products/ep0526.tcw,Severe Storms,disaster
EONET_21373,Tropical Storm Elida,Severe Storms,2026-07-19 06:00:00+00:00,-124.9,20.9,https://www.metoc.navy.mil/jtwc/products/ep0526.tcw,Severe Storms,disaster
EONET_21373,Tropical Storm Elida,Severe Storms,2026-07-19 12:00:00+00:00,-125.1,21.7,https://www.metoc.navy.mil/jtwc/products/ep0526.tcw,Severe Storms,disaster
EONET_21373,Tropical Storm Elida,Severe Storms,2026-07-19 18:00:00+00:00,-125.7,22.6,https://www.metoc.navy.mil/jtwc/products/ep0526.tcw,Severe Storms,disaster
EONET_21373,Tropical Storm Elida,Severe Storms,2026-07-20 00:00:00+00:00,-126.5,23.5,https://www.metoc.navy.mil/jtwc/products/ep0526.tcw,Severe Storms,disaster
EONET_21373,Tropical Storm Elida,Severe Storms,2026-07-20 06:00:00+00:00,-127.0,24.6,https://www.metoc.navy.mil/jtwc/products/ep0526.tcw,Severe Storms,disaster
EONET_21373,Tropical Storm Elida,Severe Storms,2026-07-20 12:00:00+00:00,-127.1,25.7,https://www.metoc.navy.mil/jtwc/products/ep0526.tcw,Severe Storms,disaster
EONET_21385,"Wildfire Horse Flat, Washington, Idaho",Wildfires,2026-07-13 20:43:00+00:00,-116.732279,44.602207,https://irwin.doi.gov/observer/incidents/2026-IDBOD-265400,Wildfires,disaster
EONET_21360,Wildfire in Canada 1029500,Wildfires,2026-07-13 19:00:00+00:00,-89.986498878673,49.644747921495,https://www.gdacs.org/report.aspx?eventtype=WF&eventid=1029500,Wildfires,disaster
EONET_21361,Wildfire in Canada 1029501,Wildfires,2026-07-13 19:00:00+00:00,-88.953831691035,50.502407884714,https://www.gdacs.org/report.aspx?eventtype=WF&eventid=1029501,Wildfires,disaster
EONET_21362,Wildfire in Canada 1029502,Wildfires,2026-07-13 19:00:00+00:00,-90.010664768272,49.992667913857,https://www.gdacs.org/report.aspx?eventtype=WF&eventid=1029502,Wildfires,disaster
EONET_21389,"Prescribed Fire RX Chippewa Bottoms, Chippewa, Minnesota",Wildfires,2026-07-13 16:49:00+00:00,-96.01615,45.13868333,https://irwin.doi.gov/observer/incidents/2025-MNMNS-RX259328,Wildfires,disaster
EONET_21390,"Prescribed Fire RX Leach Impact Area, Morrison, Minnesota",Wildfires,2026-07-13 15:46:00+00:00,-94.39675,46.27013333,https://irwin.doi.gov/observer/incidents/2025-MNMNS-RX259294,Wildfires,disaster
EONET_21380,"Wildfire P-L Gulch, Rio Blanco, Colorado",Wildfires,2026-07-13 15:02:00+00:00,-108.22355,39.87355,https://irwin.doi.gov/observer/incidents/2026-COWRD-000853,Wildfires,disaster
EONET_21322,"Prescribed Fire RX Infantry Platoon Battle Course, Morrison, Minnesota",Wildfires,2026-07-13 11:54:00+00:00,-94.39545,46.24695,https://irwin.doi.gov/observer/incidents/2025-MNMNS-RX259231,Wildfires,disaster
EONET_21323,"Prescribed Fire RX IPBC, Morrison, Minnesota",Wildfires,2026-07-13 11:09:00+00:00,-94.40005,46.24651667,https://irwin.doi.gov/observer/incidents/2025-MNMNS-RX259215,Wildfires,disaster
EONET_21324,"Prescribed Fire RX Center Range South, Morrison, Minnesota",Wildfires,2026-07-13 11:07:00+00:00,-94.44528333,46.16198333,https://irwin.doi.gov/observer/incidents/2025-MNMNS-RX259214,Wildfires,disaster
EONET_21320,"Wildfire 18 Mile, Elko, Nevada",Wildfires,2026-07-12 21:45:00+00:00,-114.267333,41.564667,https://irwin.doi.gov/observer/incidents/2026-NVEKD-010270,Wildfires,disaster
EONET_21318,"Wildfire Heavy Timber, Musselshell, Montana",Wildfires,2026-07-12 21:00:00+00:00,-108.146,46.44166,https://irwin.doi.gov/observer/incidents/2026-MTLG23-260727,Wildfires,disaster
EONET_21308,Wildfire in Australia 1029484,Wildfires,2026-07-12 19:00:00+00:00,142.07468708529,-13.505897645843,https://www.gdacs.org/report.aspx?eventtype=WF&eventid=1029484,Wildfires,disaster
EONET_21344,Wildfire in Angola 1029498,Wildfires,2026-07-12 19:00:00+00:00,19.828212858868,-8.1029153330864,https://www.gdacs.org/report.aspx?eventtype=WF&eventid=1029498,Wildfires,disaster
EONET_21363,Wildfire in Canada 1029503,Wildfires,2026-07-12 19:00:00+00:00,-89.375687048903,50.268706344796,https://www.gdacs.org/report.aspx?eventtype=WF&eventid=1029503,Wildfires,disaster
EONET_21364,Wildfire in Canada 1029504,Wildfires,2026-07-12 19:00:00+00:00,-89.833745347006,50.79806009275,https://www.gdacs.org/report.aspx?eventtype=WF&eventid=1029504,Wildfires,disaster
EONET_21365,Wildfire in Canada 1029505,Wildfires,2026-07-12 19:00:00+00:00,-89.285068054192,50.486502774425,https://www.gdacs.org/report.aspx?eventtype=WF&eventid=1029505,Wildfires,disaster
EONET_21366,Wildfire in Australia 1029506,Wildfires,2026-07-12 19:00:00+00:00,142.05892253063,-12.970647333327,https://www.gdacs.org/report.aspx?eventtype=WF&eventid=1029506,Wildfires,disaster
EONET_21328,"Wildfire Cow Canyon, Oneida, Idaho",Wildfires,2026-07-12 16:15:00+00:00,-112.947187,42.11216,https://irwin.doi.gov/observer/incidents/2026-IDIFD-000128,Wildfires,disaster
EONET_21345,Wildfire in Angola 1029499,Wildfires,2026-07-11 19:00:00+00:00,19.599006640329,-7.3793183028306,https://www.gdacs.org/report.aspx?eventtype=WF&eventid=1029499,Wildfires,disaster
EONET_21346,Wildfire in France 1029489,Wildfires,2026-07-11 19:00:00+00:00,2.5491656824245,48.374997483229,https://www.gdacs.org/report.aspx?eventtype=WF&eventid=1029489,Wildfires,disaster
EONET_21347,Wildfire in Canada 1029492,Wildfires,2026-07-11 19:00:00+00:00,-89.441100707973,50.723015629372,https://www.gdacs.org/report.aspx?eventtype=WF&eventid=1029492,Wildfires,disaster
EONET_21367,Wildfire in Canada 1029507,Wildfires,2026-07-11 19:00:00+00:00,-89.517740002358,50.850717453967,https://www.gdacs.org/report.aspx?eventtype=WF&eventid=1029507,Wildfires,disaster
EONET_21368,"Wildfire in United States, Canada 1029508",Wildfires,2026-07-11 19:00:00+00:00,-91.867750823007,48.208998890491,https://www.gdacs.org/report.aspx?eventtype=WF&eventid=1029508,Wildfires,disaster
EONET_21369,Wildfire in Canada 1029509,Wildfires,2026-07-11 19:00:00+00:00,-89.294849581783,50.96876404212,https://www.gdacs.org/report.aspx?eventtype=WF&eventid=1029509,Wildfires,disaster
EONET_21332,"Wildfire ELEPHANT, Plumas, California",Wildfires,2026-07-11 16:35:00+00:00,-120.193167,39.710833,https://irwin.doi.gov/observer/incidents/2026-CATNF-001154,Wildfires,disaster
EONET_21329,"Wildfire LOOMIS, Lassen, California",Wildfires,2026-07-11 15:03:00+00:00,-121.154667,40.965833,https://irwin.doi.gov/observer/incidents/2026-CALMU-004291,Wildfires,disaster
EONET_21336,"Wildfire NINE CANYON, Benton, Washington",Wildfires,2026-07-11 14:41:00+00:00,-119.04432,46.122786,https://irwin.doi.gov/observer/incidents/2026-WABENN-260375,Wildfires,disaster
EONET_21331,"Wildfire Stookey, Tooele, Utah",Wildfires,2026-07-10 19:51:00+00:00,-112.560267,40.1499,https://irwin.doi.gov/observer/incidents/2026-UTWDD-200417,Wildfires,disaster
EONET_21348,Wildfire in Congo 1029490,Wildfires,2026-07-10 19:00:00+00:00,15.458981668911,-3.1360618224553,https://www.gdacs.org/report.aspx?eventtype=WF&eventid=1029490,Wildfires,disaster
EONET_21349,Wildfire in Canada 1029496,Wildfires,2026-07-10 19:00:00+00:00,-90.90390850527,48.925327431672,https://www.gdacs.org/report.aspx?eventtype=WF&eventid=1029496,Wildfires,disaster
EONET_21350,Wildfire in United States 1029485,Wildfires,2026-07-10 19:00:00+00:00,-112.53566542625,40.160261383832,https://www.gdacs.org/report.aspx?eventtype=WF&eventid=1029485,Wildfires,disaster
EONET_21325,"Wildfire E Evans Creek Rd 18000, Jackson, Oregon",Wildfires,2026-07-10 18:13:00+00:00,-123.0018333,42.60395,https://irwin.doi.gov/observer/incidents/2026-OR711S-000039,Wildfires,disaster
EONET_21333,"Wildfire SUMMIT, Los Angeles, California",Wildfires,2026-07-10 15:49:00+00:00,-117.68601,34.45499,https://irwin.doi.gov/observer/incidents/2026-CALAC-240823,Wildfires,disaster
EONET_21436,"Wildfire Nutmeg, Yukon-Koyukuk, Alaska",Wildfires,2026-07-10 01:44:00+00:00,-150.25392,67.447423,https://irwin.doi.gov/observer/incidents/2026-AKTAD-000397,Wildfires,disaster
EONET_21334,"Wildfire Martin, Blaine, Idaho",Wildfires,2026-07-09 19:53:00+00:00,-114.2097,43.479767,https://irwin.doi.gov/observer/incidents/2026-IDTFD-000119,Wildfires,disaster
EONET_21298,Wildfire in Australia 1029474,Wildfires,2026-07-09 19:00:00+00:00,145.02241291712,-16.527741074718,https://www.gdacs.org/report.aspx?eventtype=WF&eventid=1029474,Wildfires,disaster
EONET_21309,Wildfire in Botswana 1029476,Wildfires,2026-07-09 19:00:00+00:00,22.840860458542,-20.42355632161,https://www.gdacs.org/report.aspx?eventtype=WF&eventid=1029476,Wildfires,disaster
EONET_21351,Wildfire in Zambia 1029491,Wildfires,2026-07-09 19:00:00+00:00,25.742576063832,-15.788043195381,https://www.gdacs.org/report.aspx?eventtype=WF&eventid=1029491,Wildfires,disaster
EONET_21370,Wildfire in Canada 1029510,Wildfires,2026-07-09 19:00:00+00:00,-91.213014779099,48.306819461151,https://www.gdacs.org/report.aspx?eventtype=WF&eventid=1029510,Wildfires,disaster
EONET_21335,"Wildfire Cusenbarry Draw, Sutton, Texas",Wildfires,2026-07-09 18:30:00+00:00,-100.6165,30.4,https://irwin.doi.gov/observer/incidents/2026-TXTXS-265876,Wildfires,disaster
EONET_21327,"Wildfire B AND O, Okanogan, Washington",Wildfires,2026-07-09 18:09:00+00:00,-119.605515,48.352694,https://irwin.doi.gov/observer/incidents/2026-WANES-001607,Wildfires,disaster
EONET_21337,"Prescribed Fire RX Chippewa Prairie TNC, Chippewa, Minnesota",Wildfires,2026-07-09 17:06:00+00:00,-95.99093333,45.12691667,https://irwin.doi.gov/observer/incidents/2025-MNMNS-RX259196,Wildfires,disaster
EONET_21338,"Prescribed Fire RX Terpstra W413-20-01, Lac qui Parle, Minnesota",Wildfires,2026-07-09 17:03:00+00:00,-96.01538333,45.10605,https://irwin.doi.gov/observer/incidents/2025-MNMNS-RX259194,Wildfires,disaster
EONET_21382,"Wildfire Wolfpack, St. Louis, Minnesota",Wildfires,2026-07-09 16:14:00+00:00,-92.282167,48.1855,https://irwin.doi.gov/observer/incidents/2026-MNSUF-002417,Wildfires,disaster
EONET_21339,"Prescribed Fire RX Center Range North, Morrison, Minnesota",Wildfires,2026-07-09 15:40:00+00:00,-94.44471667,46.16963333,https://irwin.doi.gov/observer/incidents/2025-MNMNS-RX259130,Wildfires,disaster
EONET_21340,"Prescribed Fire RX Leach Impact Area, Morrison, Minnesota",Wildfires,2026-07-09 15:27:00+00:00,-94.39906667,46.2736,https://irwin.doi.gov/observer/incidents/2025-MNMNS-RX259122,Wildfires,disaster
EONET_21319,"Wildfire Jim Mtn, Elko, Nevada",Wildfires,2026-07-09 14:13:00+00:00,-114.125917,41.498667,https://irwin.doi.gov/observer/incidents/2026-NVEKD-010251,Wildfires,disaster
EONET_21383,"Wildfire Sioux, St. Louis, Minnesota",Wildfires,2026-07-09 12:37:00+00:00,-92.223926,48.153119,https://irwin.doi.gov/observer/incidents/2026-MNSUF-002411,Wildfires,disaster
EONET_21233,"Wildfire Rose Hill Bay, Duplin, North Carolina",Wildfires,2026-07-09 11:59:00+00:00,-78.0655556,34.805,https://irwin.doi.gov/observer/incidents/2026-NCNCS-260064,Wildfires,disaster
EONET_21235,"Prescribed Fire RX Agassiz W413-21-20, Lac qui Parle, Minnesota",Wildfires,2026-07-09 11:14:00+00:00,-96.24231667,45.21431667,https://irwin.doi.gov/observer/incidents/2025-MNMNS-RX259094,Wildfires,disaster
EONET_21237,"Prescribed Fire RX Loen, Swift, Minnesota",Wildfires,2026-07-09 10:44:00+00:00,-95.5,45.38,https://irwin.doi.gov/observer/incidents/2025-MNMNS-RX259081,Wildfires,disaster
EONET_21238,"Prescribed Fire RX Loen, Swift, Minnesota",Wildfires,2026-07-09 10:43:00+00:00,-95.5,45.38,https://irwin.doi.gov/observer/incidents/2025-MNMNS-RX259080,Wildfires,disaster
EONET_21239,"Prescribed Fire RX Chippewa Prairie Unit 7 W413-20-28, Chippewa, Minnesota",Wildfires,2026-07-09 10:39:00+00:00,-96.01343333,45.13898333,https://irwin.doi.gov/observer/incidents/2025-MNMNS-RX259077,Wildfires,disaster
EONET_21317,"Wildfire Hogatza, Yukon-Koyukuk, Alaska",Wildfires,2026-07-08 22:46:00+00:00,-153.849167,66.664667,https://irwin.doi.gov/observer/incidents/2026-AKTAD-000392,Wildfires,disaster
EONET_21243,"Wildfire RYEGRASS COULEE, Kittitas, Washington",Wildfires,2026-07-08 20:13:00+00:00,-120.0208,46.949083,https://irwin.doi.gov/observer/incidents/2026-WASES-260359,Wildfires,disaster
EONET_21191,Wildfire in Australia 1029418,Wildfires,2026-07-08 19:00:00+00:00,142.23842076024,-14.889293995052,https://www.gdacs.org/report.aspx?eventtype=WF&eventid=1029418,Wildfires,disaster
EONET_21275,Wildfire in Spain 1029448,Wildfires,2026-07-08 19:00:00+00:00,-2.001155027074,37.180480275892,https://www.gdacs.org/report.aspx?eventtype=WF&eventid=1029448,Wildfires,disaster
EONET_21276,Wildfire in Australia 1029456,Wildfires,2026-07-08 19:00:00+00:00,141.85780669315,-12.795817905946,https://www.gdacs.org/report.aspx?eventtype=WF&eventid=1029456,Wildfires,disaster
EONET_21277,Wildfire in Australia 1029459,Wildfires,2026-07-08 19:00:00+00:00,127.65508426254,-20.859720215092,https://www.gdacs.org/report.aspx?eventtype=WF&eventid=1029459,Wildfires,disaster
EONET_21278,Wildfire in Australia 1029460,Wildfires,2026-07-08 19:00:00+00:00,127.46113008446,-14.605212060297,https://www.gdacs.org/report.aspx?eventtype=WF&eventid=1029460,Wildfires,disaster
EONET_21279,Wildfire in Australia 1029443,Wildfires,2026-07-08 19:00:00+00:00,126.64476432884,-16.784293564605,https://www.gdacs.org/report.aspx?eventtype=WF&eventid=1029443,Wildfires,disaster
EONET_21280,Wildfire in Australia 1029444,Wildfires,2026-07-08 19:00:00+00:00,127.46896634692,-14.644143237345,https://www.gdacs.org/report.aspx?eventtype=WF&eventid=1029444,Wildfires,disaster
EONET_21281,Wildfire in Angola 1029449,Wildfires,2026-07-08 19:00:00+00:00,20.160587600645,-8.9105132975771,https://www.gdacs.org/report.aspx?eventtype=WF&eventid=1029449,Wildfires,disaster
EONET_21310,"Wildfire in Namibia, Botswana 1029477",Wildfires,2026-07-08 19:00:00+00:00,24.040032501668,-18.117888287468,https://www.gdacs.org/report.aspx?eventtype=WF&eventid=1029477,Wildfires,disaster
EONET_21352,Wildfire in Brazil 1029493,Wildfires,2026-07-08 19:00:00+00:00,-50.164504511964,-10.155598991187,https://www.gdacs.org/report.aspx?eventtype=WF&eventid=1029493,Wildfires,disaster
EONET_21353,Wildfire in United States 1029497,Wildfires,2026-07-08 19:00:00+00:00,-92.144848248866,48.302373016459,https://www.gdacs.org/report.aspx?eventtype=WF&eventid=1029497,Wildfires,disaster
EONET_21231,"Wildfire Getaway Pens, Dickens, Texas",Wildfires,2026-07-08 18:12:00+00:00,-100.6149183,33.44265,https://irwin.doi.gov/observer/incidents/2026-TXTXS-265848,Wildfires,disaster
EONET_21241,"Wildfire VAN, Mariposa, California",Wildfires,2026-07-08 16:53:00+00:00,-120.061317,37.327638,https://irwin.doi.gov/observer/incidents/2026-CAMMU-013885,Wildfires,disaster
EONET_21321,"Wildfire Anthony, Baker, Oregon",Wildfires,2026-07-08 16:37:00+00:00,-118.200333,44.991867,https://irwin.doi.gov/observer/incidents/2026-ORWWF-000227,Wildfires,disaster
EONET_21326,"Wildfire Olive Butte, Grant, Oregon",Wildfires,2026-07-08 14:17:00+00:00,-118.452867,44.745217,https://irwin.doi.gov/observer/incidents/2026-ORWWF-000224,Wildfires,disaster
EONET_21430,"Wildfire Upper Smith, Boundary, Idaho",Wildfires,2026-07-08 14:11:00+00:00,-116.607783,48.9275,https://irwin.doi.gov/observer/incidents/2026-IDIPF-000347,Wildfires,disaster
EONET_21240,"Wildfire WHISKEY, Malheur, Oregon",Wildfires,2026-07-08 12:32:00+00:00,-118.18178,43.35394,https://irwin.doi.gov/observer/incidents/2026-ORVAD-260145,Wildfires,disaster
EONET_21250,"Prescribed Fire RX Artichoke Lake, Swift, Minnesota",Wildfires,2026-07-08 10:24:00+00:00,-96.0976,45.3332,https://irwin.doi.gov/observer/incidents/2025-MNMNS-RX259023,Wildfires,disaster
EONET_21251,"Prescribed Fire Meadow Creek WMA RX, Lyon, Minnesota",Wildfires,2026-07-08 09:41:00+00:00,-95.71371667,44.3772,https://irwin.doi.gov/observer/incidents/2026-MNMNS-RX259013,Wildfires,disaster
EONET_21236,"Wildfire Salmon, Grant, Oregon",Wildfires,2026-07-08 05:53:00+00:00,-118.510204,44.717021,https://irwin.doi.gov/observer/incidents/2026-ORUMF-000222,Wildfires,disaster
EONET_21192,Wildfire in Australia 1029419,Wildfires,2026-07-07 19:00:00+00:00,132.59835607869,-12.420376802037,https://www.gdacs.org/report.aspx?eventtype=WF&eventid=1029419,Wildfires,disaster
EONET_21193,Wildfire in Australia 1029420,Wildfires,2026-07-07 19:00:00+00:00,126.00143205411,-14.987018635261,https://www.gdacs.org/report.aspx?eventtype=WF&eventid=1029420,Wildfires,disaster
EONET_21254,Wildfire in Angola 1029430,Wildfires,2026-07-07 19:00:00+00:00,19.39295362759,-8.4936214307073,https://www.gdacs.org/report.aspx?eventtype=WF&eventid=1029430,Wildfires,disaster
EONET_21282,Wildfire in Australia 1029461,Wildfires,2026-07-07 19:00:00+00:00,132.10561273052,-13.799369734805,https://www.gdacs.org/report.aspx?eventtype=WF&eventid=1029461,Wildfires,disaster
EONET_21330,"Wildfire Thumb, St. Louis, Minnesota",Wildfires,2026-07-07 18:38:00+00:00,-92.192167,48.287667,https://irwin.doi.gov/observer/incidents/2026-MNSUF-002396,Wildfires,disaster
EONET_21384,"Wildfire Bear Trap, St. Louis, Minnesota",Wildfires,2026-07-07 18:28:00+00:00,-91.924667,48.1845,https://irwin.doi.gov/observer/incidents/2026-MNSUF-002394,Wildfires,disaster
EONET_21381,"Wildfire Camp, Lake, Minnesota",Wildfires,2026-07-07 18:11:00+00:00,-91.782917,47.998967,https://irwin.doi.gov/observer/incidents/2026-MNSUF-002393,Wildfires,disaster
EONET_21232,"Wildfire BEAR, San Luis Obispo, California",Wildfires,2026-07-07 18:09:00+00:00,-119.898345,35.314896,https://irwin.doi.gov/observer/incidents/2026-CASLU-010527,Wildfires,disaster
EONET_21245,"Wildfire 3-1 PIT, Lassen, California",Wildfires,2026-07-07 16:35:00+00:00,-121.2685,40.948833,https://irwin.doi.gov/observer/incidents/2026-CALMU-004201,Wildfires,disaster
EONET_21242,"Wildfire Hoop, Harney, Oregon",Wildfires,2026-07-07 16:26:00+00:00,-118.752133,42.637717,https://irwin.doi.gov/observer/incidents/2026-ORBUD-002650,Wildfires,disaster
EONET_21234,"Wildfire Avocado, Monroe, Florida",Wildfires,2026-07-07 16:20:00+00:00,-80.928833,25.423833,https://irwin.doi.gov/observer/incidents/2026-FLEVP-002146,Wildfires,disaster
EONET_21249,"Wildfire RA 7 GEM CO, Gem, Idaho",Wildfires,2026-07-06 23:45:00+00:00,-116.409683,43.844798,https://irwin.doi.gov/observer/incidents/2026-ID1GX-000622,Wildfires,disaster
EONET_21136,Wildfire in Australia 1029352,Wildfires,2026-07-06 19:00:00+00:00,133.99584161914,-13.894880987039,https://www.gdacs.org/report.aspx?eventtype=WF&eventid=1029352,Wildfires,disaster
EONET_21194,Wildfire in Australia 1029421,Wildfires,2026-07-06 19:00:00+00:00,142.40165179775,-15.437189761172,https://www.gdacs.org/report.aspx?eventtype=WF&eventid=1029421,Wildfires,disaster
EONET_21195,Wildfire in Australia 1029422,Wildfires,2026-07-06 19:00:00+00:00,142.29469894189,-15.368211738715,https://www.gdacs.org/report.aspx?eventtype=WF&eventid=1029422,Wildfires,disaster
EONET_21196,Wildfire in Angola 1029386,Wildfires,2026-07-06 19:00:00+00:00,19.529927181203,-7.6057182817819,https://www.gdacs.org/report.aspx?eventtype=WF&eventid=1029386,Wildfires,disaster
EONET_21255,Wildfire in Angola 1029431,Wildfires,2026-07-06 19:00:00+00:00,21.475181033645,-8.8183317837508,https://www.gdacs.org/report.aspx?eventtype=WF&eventid=1029431,Wildfires,disaster
EONET_21283,Wildfire in Australia 1029462,Wildfires,2026-07-06 19:00:00+00:00,135.24753277205,-12.833588894734,https://www.gdacs.org/report.aspx?eventtype=WF&eventid=1029462,Wildfires,disaster
EONET_21284,Wildfire in Angola 1029450,Wildfires,2026-07-06 19:00:00+00:00,19.554421693272,-8.1805339451492,https://www.gdacs.org/report.aspx?eventtype=WF&eventid=1029450,Wildfires,disaster
EONET_21299,Wildfire in Canada 1029466,Wildfires,2026-07-06 19:00:00+00:00,-117.70620095312,65.264122839733,https://www.gdacs.org/report.aspx?eventtype=WF&eventid=1029466,Wildfires,disaster
EONET_21248,"Wildfire Mustang, Yukon-Koyukuk, Alaska",Wildfires,2026-07-06 18:47:00+00:00,-154.11445,65.78555,https://irwin.doi.gov/observer/incidents/2026-AKTAD-000368,Wildfires,disaster
EONET_21003,"Wildfire Maze, Madison, Idaho",Wildfires,2026-07-06 17:58:00+00:00,-111.956783,43.828883,https://irwin.doi.gov/observer/incidents/2026-IDIFD-000096,Wildfires,disaster
EONET_21021,"Wildfire RA 6 ADA CO CLAREMONT, Ada, Idaho",Wildfires,2026-07-06 16:15:00+00:00,-116.175933,43.6347,https://irwin.doi.gov/observer/incidents/2026-ID1AX-000618,Wildfires,disaster
EONET_21002,"Wildfire PVR, Ada, Idaho",Wildfires,2026-07-06 15:32:00+00:00,-116.208736,43.31247,https://irwin.doi.gov/observer/incidents/2026-IDBOD-000617,Wildfires,disaster
EONET_21013,"Wildfire Wind Creek, Crook, Wyoming",Wildfires,2026-07-06 14:18:00+00:00,-104.856167,44.193833,https://irwin.doi.gov/observer/incidents/2026-WYCRX-260625,Wildfires,disaster
EONET_21044,"Wildfire UHaul, Colfax, New Mexico",Wildfires,2026-07-06 13:39:00+00:00,-104.040187,36.30552,https://irwin.doi.gov/observer/incidents/2026-NMN2S-000406,Wildfires,disaster
EONET_21008,"Wildfire MORA, Ada, Idaho",Wildfires,2026-07-06 04:52:00+00:00,-116.429976,43.443793,https://irwin.doi.gov/observer/incidents/2026-IDBOD-000614,Wildfires,disaster
EONET_21007,"Wildfire Dutch Flat, Humboldt, Nevada",Wildfires,2026-07-05 19:33:00+00:00,-117.614017,41.078633,https://irwin.doi.gov/observer/incidents/2026-NVHUMX-020340,Wildfires,disaster
EONET_20982,Wildfire in Australia 1029332,Wildfires,2026-07-05 19:00:00+00:00,132.04182199174508,-12.90381252331913,https://www.gdacs.org/report.aspx?eventtype=WF&eventid=1029332,Wildfires,disaster
EONET_21137,Wildfire in The Democratic Republic of Congo 1029334,Wildfires,2026-07-05 19:00:00+00:00,19.882042480984,-6.1275234243668,https://www.gdacs.org/report.aspx?eventtype=WF&eventid=1029334,Wildfires,disaster
EONET_21161,Wildfire in The Democratic Republic of Congo 1029361,Wildfires,2026-07-05 19:00:00+00:00,18.523790771692,-6.9733158862735,https://www.gdacs.org/report.aspx?eventtype=WF&eventid=1029361,Wildfires,disaster
EONET_21197,"Wildfire in Angola, The Democratic Republic of Congo 1029387",Wildfires,2026-07-05 19:00:00+00:00,19.633456474243,-7.0597954084727,https://www.gdacs.org/report.aspx?eventtype=WF&eventid=1029387,Wildfires,disaster
EONET_21198,Wildfire in Zambia 1029388,Wildfires,2026-07-05 19:00:00+00:00,25.888773597249,-15.208360402153,https://www.gdacs.org/report.aspx?eventtype=WF&eventid=1029388,Wildfires,disaster
EONET_21199,Wildfire in Angola 1029389,Wildfires,2026-07-05 19:00:00+00:00,19.650882998947,-8.0514568153729,https://www.gdacs.org/report.aspx?eventtype=WF&eventid=1029389,Wildfires,disaster
EONET_21200,Wildfire in Russian Federation 1029407,Wildfires,2026-07-05 19:00:00+00:00,136.43813186645,62.106184664562,https://www.gdacs.org/report.aspx?eventtype=WF&eventid=1029407,Wildfires,disaster
EONET_21201,Wildfire in Australia 1029408,Wildfires,2026-07-05 19:00:00+00:00,133.4226965488,-12.337690220202,https://www.gdacs.org/report.aspx?eventtype=WF&eventid=1029408,Wildfires,disaster
EONET_21202,Wildfire in Russian Federation 1029409,Wildfires,2026-07-05 19:00:00+00:00,133.84706592884,62.893925868916,https://www.gdacs.org/report.aspx?eventtype=WF&eventid=1029409,Wildfires,disaster
EONET_21285,Wildfire in Australia 1029463,Wildfires,2026-07-05 19:00:00+00:00,133.48395837,-12.166276588375,https://www.gdacs.org/report.aspx?eventtype=WF&eventid=1029463,Wildfires,disaster
EONET_21300,Wildfire in Canada 1029467,Wildfires,2026-07-05 19:00:00+00:00,-120.03833759924,65.115617313659,https://www.gdacs.org/report.aspx?eventtype=WF&eventid=1029467,Wildfires,disaster
EONET_21311,Wildfire in Angola 1029478,Wildfires,2026-07-05 19:00:00+00:00,16.870843193282,-10.347859967569,https://www.gdacs.org/report.aspx?eventtype=WF&eventid=1029478,Wildfires,disaster
EONET_21312,Wildfire in Angola 1029479,Wildfires,2026-07-05 19:00:00+00:00,17.576640944373,-10.747260374733,https://www.gdacs.org/report.aspx?eventtype=WF&eventid=1029479,Wildfires,disaster
EONET_21354,Wildfire in Canada 1029486,Wildfires,2026-07-05 19:00:00+00:00,-119.45035077032,65.406906763226,https://www.gdacs.org/report.aspx?eventtype=WF&eventid=1029486,Wildfires,disaster
EONET_21371,Wildfire in Australia 1029511,Wildfires,2026-07-05 19:00:00+00:00,134.68167168127,-13.201604138994,https://www.gdacs.org/report.aspx?eventtype=WF&eventid=1029511,Wildfires,disaster
EONET_21010,"Wildfire NAVARRE COULEE, Chelan, Washington",Wildfires,2026-07-05 02:01:00+00:00,-120.185178,47.773244,https://irwin.doi.gov/observer/incidents/2026-WASES-260329,Wildfires,disaster
EONET_20958,Wildfire in Australia 1029320,Wildfires,2026-07-04 19:00:00+00:00,136.5939246423826,-16.584833204133044,https://www.gdacs.org/report.aspx?eventtype=WF&eventid=1029320,Wildfires,disaster
EONET_21138,Wildfire in Angola 1029335,Wildfires,2026-07-04 19:00:00+00:00,21.644328329157,-8.9271315456983,https://www.gdacs.org/report.aspx?eventtype=WF&eventid=1029335,Wildfires,disaster
EONET_21139,Wildfire in Canada 1029353,Wildfires,2026-07-04 19:00:00+00:00,-66.391074928924,56.826661800785,https://www.gdacs.org/report.aspx?eventtype=WF&eventid=1029353,Wildfires,disaster
EONET_21162,Wildfire in Canada 1029371,Wildfires,2026-07-04 19:00:00+00:00,-76.370351072757,54.812192792051,https://www.gdacs.org/report.aspx?eventtype=WF&eventid=1029371,Wildfires,disaster
EONET_21163,Wildfire in Angola 1029362,Wildfires,2026-07-04 19:00:00+00:00,20.093397371681,-7.9157918898172,https://www.gdacs.org/report.aspx?eventtype=WF&eventid=1029362,Wildfires,disaster
EONET_21164,Wildfire in Canada 1029381,Wildfires,2026-07-04 19:00:00+00:00,-69.135504204458,56.196051758007,https://www.gdacs.org/report.aspx?eventtype=WF&eventid=1029381,Wildfires,disaster
EONET_21165,Wildfire in Canada 1029370,Wildfires,2026-07-04 19:00:00+00:00,-69.496960732415,53.497826214534,https://www.gdacs.org/report.aspx?eventtype=WF&eventid=1029370,Wildfires,disaster
EONET_21203,Wildfire in Canada 1029410,Wildfires,2026-07-04 19:00:00+00:00,-78.530064546022,51.666680956218,https://www.gdacs.org/report.aspx?eventtype=WF&eventid=1029410,Wildfires,disaster
EONET_21204,Wildfire in The Democratic Republic of Congo 1029390,Wildfires,2026-07-04 19:00:00+00:00,19.273721415373,-7.3762555945475,https://www.gdacs.org/report.aspx?eventtype=WF&eventid=1029390,Wildfires,disaster
EONET_21205,Wildfire in Canada 1029415,Wildfires,2026-07-04 19:00:00+00:00,-119.67239308541,63.630984225417,https://www.gdacs.org/report.aspx?eventtype=WF&eventid=1029415,Wildfires,disaster
EONET_21256,Wildfire in Tanzania 1029426,Wildfires,2026-07-04 19:00:00+00:00,35.065195343124,-2.1903167013186,https://www.gdacs.org/report.aspx?eventtype=WF&eventid=1029426,Wildfires,disaster
EONET_21286,Wildfire in Canada 1029445,Wildfires,2026-07-04 19:00:00+00:00,-78.770555313156,50.895921922235,https://www.gdacs.org/report.aspx?eventtype=WF&eventid=1029445,Wildfires,disaster
EONET_21301,Wildfire in Russian Federation 1029472,Wildfires,2026-07-04 19:00:00+00:00,90.603120294965,59.010102737869,https://www.gdacs.org/report.aspx?eventtype=WF&eventid=1029472,Wildfires,disaster
EONET_21302,Wildfire in Russian Federation 1029473,Wildfires,2026-07-04 19:00:00+00:00,90.383534000109,59.695796752914,https://www.gdacs.org/report.aspx?eventtype=WF&eventid=1029473,Wildfires,disaster
EONET_21313,Wildfire in South Africa 1029480,Wildfires,2026-07-04 19:00:00+00:00,28.82661908256,-25.320114655313,https://www.gdacs.org/report.aspx?eventtype=WF&eventid=1029480,Wildfires,disaster
EONET_21314,Wildfire in Angola 1029483,Wildfires,2026-07-04 19:00:00+00:00,16.447079130674,-7.6918233946308,https://www.gdacs.org/report.aspx?eventtype=WF&eventid=1029483,Wildfires,disaster
EONET_21355,Wildfire in Canada 1029487,Wildfires,2026-07-04 19:00:00+00:00,-118.28632989088,66.54648576718,https://www.gdacs.org/report.aspx?eventtype=WF&eventid=1029487,Wildfires,disaster
EONET_21372,Wildfire in Australia 1029512,Wildfires,2026-07-04 19:00:00+00:00,125.01467380664,-16.33168933665,https://www.gdacs.org/report.aspx?eventtype=WF&eventid=1029512,Wildfires,disaster
EONET_21005,"Wildfire North Cayuse, Umatilla, Oregon",Wildfires,2026-07-04 18:37:00+00:00,-118.480617,45.683083,https://irwin.doi.gov/observer/incidents/2026-OR973S-000206,Wildfires,disaster
EONET_21247,"Wildfire Ishtalitna, Yukon-Koyukuk, Alaska",Wildfires,2026-07-04 17:39:00+00:00,-151.57485,65.8547,https://irwin.doi.gov/observer/incidents/2026-AKTAD-000354,Wildfires,disaster
EONET_21038,"Wildfire 0380 ANTELOPE CREEK, Wasco, Oregon",Wildfires,2026-07-04 16:13:00+00:00,-120.7202,44.921383,https://irwin.doi.gov/observer/incidents/2026-ORPRD-000380,Wildfires,disaster
EONET_21000,"Wildfire CHELAN HILLS, Douglas, Washington",Wildfires,2026-07-04 08:58:00+00:00,-119.97655,47.799583,https://irwin.doi.gov/observer/incidents/2026-WASES-260321,Wildfires,disaster
EONET_20927,Wildfire in Australia 1029285,Wildfires,2026-07-03 19:00:00+00:00,133.93446345010665,-12.237297075654382,https://www.gdacs.org/report.aspx?eventtype=WF&eventid=1029285,Wildfires,disaster
EONET_20928,Wildfire in Australia 1029286,Wildfires,2026-07-03 19:00:00+00:00,136.11203523205623,-12.985986088017524,https://www.gdacs.org/report.aspx?eventtype=WF&eventid=1029286,Wildfires,disaster
EONET_20929,Wildfire in Australia 1029287,Wildfires,2026-07-03 19:00:00+00:00,136.061317449245,-13.124822261594304,https://www.gdacs.org/report.aspx?eventtype=WF&eventid=1029287,Wildfires,disaster
EONET_20983,Wildfire in France 1029331,Wildfires,2026-07-03 19:00:00+00:00,2.566972908832589,42.67172441130409,https://www.gdacs.org/report.aspx?eventtype=WF&eventid=1029331,Wildfires,disaster
EONET_21140,Wildfire in Canada 1029347,Wildfires,2026-07-03 19:00:00+00:00,-70.637414417777,53.454897618555,https://www.gdacs.org/report.aspx?eventtype=WF&eventid=1029347,Wildfires,disaster
EONET_21141,Wildfire in The Democratic Republic of Congo 1029336,Wildfires,2026-07-03 19:00:00+00:00,26.552489734283,-6.282720021559,https://www.gdacs.org/report.aspx?eventtype=WF&eventid=1029336,Wildfires,disaster
EONET_21166,Wildfire in Canada 1029372,Wildfires,2026-07-03 19:00:00+00:00,-76.221942122693,54.750800238154,https://www.gdacs.org/report.aspx?eventtype=WF&eventid=1029372,Wildfires,disaster
EONET_21167,Wildfire in Canada 1029382,Wildfires,2026-07-03 19:00:00+00:00,-68.660170634962,57.209293605943,https://www.gdacs.org/report.aspx?eventtype=WF&eventid=1029382,Wildfires,disaster
EONET_21168,Wildfire in Angola 1029363,Wildfires,2026-07-03 19:00:00+00:00,21.848149054921,-8.5202437448834,https://www.gdacs.org/report.aspx?eventtype=WF&eventid=1029363,Wildfires,disaster
EONET_21169,Wildfire in Sudan 1029358,Wildfires,2026-07-03 19:00:00+00:00,34.769472452048,4.9605188766542,https://www.gdacs.org/report.aspx?eventtype=WF&eventid=1029358,Wildfires,disaster
EONET_21170,Wildfire in The Democratic Republic of Congo 1029364,Wildfires,2026-07-03 19:00:00+00:00,26.65788282457,-7.1092937631462,https://www.gdacs.org/report.aspx?eventtype=WF&eventid=1029364,Wildfires,disaster
EONET_21206,Wildfire in Angola 1029391,Wildfires,2026-07-03 19:00:00+00:00,19.736451288962,-8.3431771490687,https://www.gdacs.org/report.aspx?eventtype=WF&eventid=1029391,Wildfires,disaster
EONET_21207,Wildfire in Angola 1029392,Wildfires,2026-07-03 19:00:00+00:00,21.185289582437,-9.3128740608101,https://www.gdacs.org/report.aspx?eventtype=WF&eventid=1029392,Wildfires,disaster
EONET_21208,Wildfire in Angola 1029393,Wildfires,2026-07-03 19:00:00+00:00,20.991967873808,-9.0220476983414,https://www.gdacs.org/report.aspx?eventtype=WF&eventid=1029393,Wildfires,disaster
EONET_21209,Wildfire in Angola 1029394,Wildfires,2026-07-03 19:00:00+00:00,20.258015277352,-7.2315947885825,https://www.gdacs.org/report.aspx?eventtype=WF&eventid=1029394,Wildfires,disaster
EONET_21257,Wildfire in Angola 1029432,Wildfires,2026-07-03 19:00:00+00:00,21.519796493593,-8.3502305211386,https://www.gdacs.org/report.aspx?eventtype=WF&eventid=1029432,Wildfires,disaster
EONET_21258,Wildfire in Canada 1029427,Wildfires,2026-07-03 19:00:00+00:00,-116.46322899862,64.441233405774,https://www.gdacs.org/report.aspx?eventtype=WF&eventid=1029427,Wildfires,disaster
EONET_21259,Wildfire in The Democratic Republic of Congo 1029428,Wildfires,2026-07-03 19:00:00+00:00,26.121025204493,-5.4610541819936,https://www.gdacs.org/report.aspx?eventtype=WF&eventid=1029428,Wildfires,disaster
EONET_21287,Wildfire in Angola 1029451,Wildfires,2026-07-03 19:00:00+00:00,16.968633187792,-10.819977489439,https://www.gdacs.org/report.aspx?eventtype=WF&eventid=1029451,Wildfires,disaster
EONET_21303,Wildfire in Australia 1029475,Wildfires,2026-07-03 19:00:00+00:00,130.83366390688,-13.574821488739,https://www.gdacs.org/report.aspx?eventtype=WF&eventid=1029475,Wildfires,disaster
EONET_21304,Wildfire in Zambia 1029469,Wildfires,2026-07-03 19:00:00+00:00,29.629037325149,-10.813424474857,https://www.gdacs.org/report.aspx?eventtype=WF&eventid=1029469,Wildfires,disaster
EONET_21305,Wildfire in Angola 1029470,Wildfires,2026-07-03 19:00:00+00:00,17.348216241249,-9.0626624558139,https://www.gdacs.org/report.aspx?eventtype=WF&eventid=1029470,Wildfires,disaster
EONET_21315,Wildfire in Australia 1029481,Wildfires,2026-07-03 19:00:00+00:00,141.98884776115,-13.169032954632,https://www.gdacs.org/report.aspx?eventtype=WF&eventid=1029481,Wildfires,disaster
EONET_21316,Wildfire in Australia 1029482,Wildfires,2026-07-03 19:00:00+00:00,133.71902860637,-12.548930796341,https://www.gdacs.org/report.aspx?eventtype=WF&eventid=1029482,Wildfires,disaster
EONET_20980,Tropical Storm Maysak,Severe Storms,2026-07-03 00:00:00+00:00,110.1,17.3,https://www.metoc.navy.mil/jtwc/products/wp1026.tcw,Severe Storms,disaster
EONET_20980,Tropical Storm Maysak,Severe Storms,2026-07-03 06:00:00+00:00,109.7,17.6,https://www.metoc.navy.mil/jtwc/products/wp1026.tcw,Severe Storms,disaster
EONET_20980,Tropical Storm Maysak,Severe Storms,2026-07-03 12:00:00+00:00,109.5,18.5,https://www.metoc.navy.mil/jtwc/products/wp1026.tcw,Severe Storms,disaster
EONET_20980,Tropical Storm Maysak,Severe Storms,2026-07-03 18:00:00+00:00,108.7,19.8,https://www.metoc.navy.mil/jtwc/products/wp1026.tcw,Severe Storms,disaster
EONET_20980,Tropical Storm Maysak,Severe Storms,2026-07-04 00:00:00+00:00,108.4,20.2,https://www.metoc.navy.mil/jtwc/products/wp1026.tcw,Severe Storms,disaster
EONET_20980,Tropical Storm Maysak,Severe Storms,2026-07-04 06:00:00+00:00,107.8,20.6,https://www.metoc.navy.mil/jtwc/products/wp1026.tcw,Severe Storms,disaster
EONET_20980,Tropical Storm Maysak,Severe Storms,2026-07-04 12:00:00+00:00,107.8,21.3,https://www.metoc.navy.mil/jtwc/products/wp1026.tcw,Severe Storms,disaster
EONET_20980,Tropical Storm Maysak,Severe Storms,2026-07-04 18:00:00+00:00,107.9,21.6,https://www.metoc.navy.mil/jtwc/products/wp1026.tcw,Severe Storms,disaster
EONET_20930,Wildfire in Angola 1029271,Wildfires,2026-07-02 19:00:00+00:00,20.12439507963515,-7.213607792114834,https://www.gdacs.org/report.aspx?eventtype=WF&eventid=1029271,Wildfires,disaster
EONET_20931,Wildfire in Australia 1029288,Wildfires,2026-07-02 19:00:00+00:00,142.58150881521723,-15.28692573323016,https://www.gdacs.org/report.aspx?eventtype=WF&eventid=1029288,Wildfires,disaster
EONET_20932,Wildfire in Australia 1029289,Wildfires,2026-07-02 19:00:00+00:00,136.09281884393536,-12.837602207329352,https://www.gdacs.org/report.aspx?eventtype=WF&eventid=1029289,Wildfires,disaster
EONET_20959,Wildfire in Australia 1029318,Wildfires,2026-07-02 19:00:00+00:00,142.13193996616678,-12.87039189395864,https://www.gdacs.org/report.aspx?eventtype=WF&eventid=1029318,Wildfires,disaster
EONET_20960,Wildfire in Brazil 1029311,Wildfires,2026-07-02 19:00:00+00:00,-54.35519556911779,-13.240893555245094,https://www.gdacs.org/report.aspx?eventtype=WF&eventid=1029311,Wildfires,disaster
EONET_20961,Wildfire in Angola 1029299,Wildfires,2026-07-02 19:00:00+00:00,19.71309781248212,-8.225225042995456,https://www.gdacs.org/report.aspx?eventtype=WF&eventid=1029299,Wildfires,disaster
EONET_20962,Wildfire in Angola 1029300,Wildfires,2026-07-02 19:00:00+00:00,19.72285820748032,-8.147064005797578,https://www.gdacs.org/report.aspx?eventtype=WF&eventid=1029300,Wildfires,disaster
EONET_20984,Wildfire in Australia 1029326,Wildfires,2026-07-02 19:00:00+00:00,133.87067519564224,-14.211231840941831,https://www.gdacs.org/report.aspx?eventtype=WF&eventid=1029326,Wildfires,disaster
EONET_21142,Wildfire in Spain 1029351,Wildfires,2026-07-02 19:00:00+00:00,3.0286530330969,41.889056049514,https://www.gdacs.org/report.aspx?eventtype=WF&eventid=1029351,Wildfires,disaster
EONET_21143,Wildfire in Australia 1029354,Wildfires,2026-07-02 19:00:00+00:00,133.22473912924,-12.47708990017,https://www.gdacs.org/report.aspx?eventtype=WF&eventid=1029354,Wildfires,disaster
EONET_21144,Wildfire in Australia 1029355,Wildfires,2026-07-02 19:00:00+00:00,142.55141819592,-12.728563043435,https://www.gdacs.org/report.aspx?eventtype=WF&eventid=1029355,Wildfires,disaster
EONET_21145,Wildfire in Australia 1029356,Wildfires,2026-07-02 19:00:00+00:00,137.22904425704,-17.847374978668,https://www.gdacs.org/report.aspx?eventtype=WF&eventid=1029356,Wildfires,disaster
EONET_21171,Wildfire in Canada 1029359,Wildfires,2026-07-02 19:00:00+00:00,-121.47038656486,49.969171891538,https://www.gdacs.org/report.aspx?eventtype=WF&eventid=1029359,Wildfires,disaster
EONET_21172,Wildfire in Canada 1029383,Wildfires,2026-07-02 19:00:00+00:00,-72.130450009975,53.629607228431,https://www.gdacs.org/report.aspx?eventtype=WF&eventid=1029383,Wildfires,disaster
EONET_21173,Wildfire in Canada 1029373,Wildfires,2026-07-02 19:00:00+00:00,-72.830072519313,53.912861507377,https://www.gdacs.org/report.aspx?eventtype=WF&eventid=1029373,Wildfires,disaster
EONET_21174,Wildfire in Canada 1029374,Wildfires,2026-07-02 19:00:00+00:00,-72.611787484203,54.377445881732,https://www.gdacs.org/report.aspx?eventtype=WF&eventid=1029374,Wildfires,disaster
EONET_21175,Wildfire in Russian Federation 1029375,Wildfires,2026-07-02 19:00:00+00:00,110.28624314126,64.847911745751,https://www.gdacs.org/report.aspx?eventtype=WF&eventid=1029375,Wildfires,disaster
EONET_21176,Wildfire in Canada 1029376,Wildfires,2026-07-02 19:00:00+00:00,-71.708774574106,53.834765974001,https://www.gdacs.org/report.aspx?eventtype=WF&eventid=1029376,Wildfires,disaster
EONET_21210,Wildfire in Russian Federation 1029416,Wildfires,2026-07-02 19:00:00+00:00,86.61141205644,59.192336182545,https://www.gdacs.org/report.aspx?eventtype=WF&eventid=1029416,Wildfires,disaster
EONET_21211,Wildfire in France 1029417,Wildfires,2026-07-02 19:00:00+00:00,5.3432519047011,44.716738214914,https://www.gdacs.org/report.aspx?eventtype=WF&eventid=1029417,Wildfires,disaster
EONET_21212,Wildfire in Australia 1029423,Wildfires,2026-07-02 19:00:00+00:00,142.55275640229,-15.215634624061,https://www.gdacs.org/report.aspx?eventtype=WF&eventid=1029423,Wildfires,disaster
EONET_21213,Wildfire in Canada 1029424,Wildfires,2026-07-02 19:00:00+00:00,-119.12947264604,65.505247987195,https://www.gdacs.org/report.aspx?eventtype=WF&eventid=1029424,Wildfires,disaster
EONET_21214,Wildfire in Zambia 1029395,Wildfires,2026-07-02 19:00:00+00:00,29.40171146162,-8.9157282625653,https://www.gdacs.org/report.aspx?eventtype=WF&eventid=1029395,Wildfires,disaster
EONET_21215,Wildfire in The Democratic Republic of Congo 1029396,Wildfires,2026-07-02 19:00:00+00:00,18.093456946052,-7.5558231110288,https://www.gdacs.org/report.aspx?eventtype=WF&eventid=1029396,Wildfires,disaster
EONET_21216,Wildfire in The Democratic Republic of Congo 1029397,Wildfires,2026-07-02 19:00:00+00:00,18.642262430604,-7.5556157246097,https://www.gdacs.org/report.aspx?eventtype=WF&eventid=1029397,Wildfires,disaster
EONET_21217,Wildfire in The Democratic Republic of Congo 1029398,Wildfires,2026-07-02 19:00:00+00:00,25.754853760251,-5.0931930594163,https://www.gdacs.org/report.aspx?eventtype=WF&eventid=1029398,Wildfires,disaster
EONET_21260,Wildfire in Canada 1029441,Wildfires,2026-07-02 19:00:00+00:00,-121.13966048168,64.569612271317,https://www.gdacs.org/report.aspx?eventtype=WF&eventid=1029441,Wildfires,disaster
EONET_21261,Wildfire in Canada 1029429,Wildfires,2026-07-02 19:00:00+00:00,-121.22655512414,63.593994082727,https://www.gdacs.org/report.aspx?eventtype=WF&eventid=1029429,Wildfires,disaster
EONET_21262,Wildfire in Canada 1029440,Wildfires,2026-07-02 19:00:00+00:00,-121.70298313822,64.828125624804,https://www.gdacs.org/report.aspx?eventtype=WF&eventid=1029440,Wildfires,disaster
EONET_21263,Wildfire in Angola 1029442,Wildfires,2026-07-02 19:00:00+00:00,18.514504591121,-9.793699655962,https://www.gdacs.org/report.aspx?eventtype=WF&eventid=1029442,Wildfires,disaster
EONET_21264,Wildfire in Angola 1029433,Wildfires,2026-07-02 19:00:00+00:00,16.689663130091,-10.768135495606,https://www.gdacs.org/report.aspx?eventtype=WF&eventid=1029433,Wildfires,disaster
EONET_21265,Wildfire in Angola 1029434,Wildfires,2026-07-02 19:00:00+00:00,16.538545960549,-7.8874083385751,https://www.gdacs.org/report.aspx?eventtype=WF&eventid=1029434,Wildfires,disaster
EONET_21266,Wildfire in The Democratic Republic of Congo 1029435,Wildfires,2026-07-02 19:00:00+00:00,17.786115400023,-6.6947698201477,https://www.gdacs.org/report.aspx?eventtype=WF&eventid=1029435,Wildfires,disaster
EONET_21288,Wildfire in Australia 1029464,Wildfires,2026-07-02 19:00:00+00:00,130.91617825333,-12.676524493849,https://www.gdacs.org/report.aspx?eventtype=WF&eventid=1029464,Wildfires,disaster
EONET_21289,Wildfire in The Democratic Republic of Congo 1029452,Wildfires,2026-07-02 19:00:00+00:00,23.750726959822,-7.7822074310845,https://www.gdacs.org/report.aspx?eventtype=WF&eventid=1029452,Wildfires,disaster
EONET_21306,Wildfire in Angola 1029471,Wildfires,2026-07-02 19:00:00+00:00,18.325444976945,-9.8631692150933,https://www.gdacs.org/report.aspx?eventtype=WF&eventid=1029471,Wildfires,disaster
EONET_21307,Wildfire in Canada 1029468,Wildfires,2026-07-02 19:00:00+00:00,-119.05841699783,65.605398002714,https://www.gdacs.org/report.aspx?eventtype=WF&eventid=1029468,Wildfires,disaster
EONET_20925,Flood in Ukraine 1104001,Floods,2026-07-01 20:00:00+00:00,25.77564,49.98711,https://www.gdacs.org/report.aspx?eventtype=FL&eventid=1104001,Floods,disaster
EONET_20981,Flood in Costa Rica 1104003,Floods,2026-07-01 20:00:00+00:00,-83.5088959,10.0926794,https://www.gdacs.org/report.aspx?eventtype=FL&eventid=1104003,Floods,disaster
EONET_20899,Wildfire in Australia 1029251,Wildfires,2026-07-01 19:00:00+00:00,127.04367089450652,-17.09351350557367,https://www.gdacs.org/report.aspx?eventtype=WF&eventid=1029251,Wildfires,disaster
EONET_20900,Wildfire in Portugal 1029260,Wildfires,2026-07-01 19:00:00+00:00,-8.279579668008454,40.62815063475218,https://www.gdacs.org/report.aspx?eventtype=WF&eventid=1029260,Wildfires,disaster
EONET_20901,Wildfire in Australia 1029261,Wildfires,2026-07-01 19:00:00+00:00,142.21330868691953,-13.314816548549055,https://www.gdacs.org/report.aspx?eventtype=WF&eventid=1029261,Wildfires,disaster
EONET_20933,Wildfire in Australia 1029290,Wildfires,2026-07-01 19:00:00+00:00,142.1737866655656,-13.316574029098811,https://www.gdacs.org/report.aspx?eventtype=WF&eventid=1029290,Wildfires,disaster
EONET_20934,Wildfire in Australia 1029291,Wildfires,2026-07-01 19:00:00+00:00,142.06568331511795,-13.230156709168098,https://www.gdacs.org/report.aspx?eventtype=WF&eventid=1029291,Wildfires,disaster
EONET_20963,Wildfire in Canada 1029317,Wildfires,2026-07-01 19:00:00+00:00,-121.3361784492188,61.79468664834296,https://www.gdacs.org/report.aspx?eventtype=WF&eventid=1029317,Wildfires,disaster
EONET_20964,Wildfire in Angola 1029301,Wildfires,2026-07-01 19:00:00+00:00,19.762881047018105,-7.37040452180768,https://www.gdacs.org/report.aspx?eventtype=WF&eventid=1029301,Wildfires,disaster
EONET_20965,Wildfire in The Democratic Republic of Congo 1029319,Wildfires,2026-07-01 19:00:00+00:00,26.07417658096315,-6.221135670974447,https://www.gdacs.org/report.aspx?eventtype=WF&eventid=1029319,Wildfires,disaster
EONET_20985,Wildfire in Australia 1029327,Wildfires,2026-07-01 19:00:00+00:00,137.62374647094745,-17.885781740100267,https://www.gdacs.org/report.aspx?eventtype=WF&eventid=1029327,Wildfires,disaster
EONET_20986,Wildfire in Australia 1029328,Wildfires,2026-07-01 19:00:00+00:00,137.6198562800326,-18.183882752404298,https://www.gdacs.org/report.aspx?eventtype=WF&eventid=1029328,Wildfires,disaster
EONET_20987,Wildfire in Australia 1029329,Wildfires,2026-07-01 19:00:00+00:00,130.6538937109057,-11.686086263797195,https://www.gdacs.org/report.aspx?eventtype=WF&eventid=1029329,Wildfires,disaster
EONET_20988,Wildfire in Australia 1029333,Wildfires,2026-07-01 19:00:00+00:00,133.72934036692956,-14.278502064575903,https://www.gdacs.org/report.aspx?eventtype=WF&eventid=1029333,Wildfires,disaster
EONET_21146,Wildfire in Canada 1029348,Wildfires,2026-07-01 19:00:00+00:00,-78.976754111714,50.21412053337,https://www.gdacs.org/report.aspx?eventtype=WF&eventid=1029348,Wildfires,disaster
EONET_21147,Wildfire in Canada 1029349,Wildfires,2026-07-01 19:00:00+00:00,-78.636348107401,50.122981960313,https://www.gdacs.org/report.aspx?eventtype=WF&eventid=1029349,Wildfires,disaster
EONET_21148,Wildfire in The Democratic Republic of Congo 1029337,Wildfires,2026-07-01 19:00:00+00:00,29.06637811329,-8.2474890162314,https://www.gdacs.org/report.aspx?eventtype=WF&eventid=1029337,Wildfires,disaster
EONET_21177,Wildfire in Canada 1029377,Wildfires,2026-07-01 19:00:00+00:00,-78.183604075484,51.631142877009,https://www.gdacs.org/report.aspx?eventtype=WF&eventid=1029377,Wildfires,disaster
EONET_21178,Wildfire in Australia 1029384,Wildfires,2026-07-01 19:00:00+00:00,133.41996969116,-13.169764642305,https://www.gdacs.org/report.aspx?eventtype=WF&eventid=1029384,Wildfires,disaster
EONET_21218,Wildfire in The Democratic Republic of Congo 1029399,Wildfires,2026-07-01 19:00:00+00:00,18.677609174233,-7.052837655739,https://www.gdacs.org/report.aspx?eventtype=WF&eventid=1029399,Wildfires,disaster
EONET_21219,"Wildfire in The Democratic Republic of Congo, Zambia 1029400",Wildfires,2026-07-01 19:00:00+00:00,24.738502595411,-11.278673552964,https://www.gdacs.org/report.aspx?eventtype=WF&eventid=1029400,Wildfires,disaster
EONET_21220,Wildfire in Canada 1029425,Wildfires,2026-07-01 19:00:00+00:00,-119.6818557714,63.635614662099,https://www.gdacs.org/report.aspx?eventtype=WF&eventid=1029425,Wildfires,disaster
EONET_21221,Wildfire in Canada 1029411,Wildfires,2026-07-01 19:00:00+00:00,-78.189922626377,51.618265022463,https://www.gdacs.org/report.aspx?eventtype=WF&eventid=1029411,Wildfires,disaster
EONET_21267,Wildfire in Angola 1029436,Wildfires,2026-07-01 19:00:00+00:00,17.124206576611,-8.3428696204397,https://www.gdacs.org/report.aspx?eventtype=WF&eventid=1029436,Wildfires,disaster
EONET_21290,Wildfire in Russian Federation 1029446,Wildfires,2026-07-01 19:00:00+00:00,90.417066393835,59.386054796932,https://www.gdacs.org/report.aspx?eventtype=WF&eventid=1029446,Wildfires,disaster
EONET_21291,Wildfire in Canada 1029457,Wildfires,2026-07-01 19:00:00+00:00,-78.468653002419,50.522190981993,https://www.gdacs.org/report.aspx?eventtype=WF&eventid=1029457,Wildfires,disaster
EONET_21292,Wildfire in Canada 1029458,Wildfires,2026-07-01 19:00:00+00:00,-117.57112558828,65.723420212693,https://www.gdacs.org/report.aspx?eventtype=WF&eventid=1029458,Wildfires,disaster
EONET_21293,Wildfire in Angola 1029453,Wildfires,2026-07-01 19:00:00+00:00,15.046294332351,-10.351749454249,https://www.gdacs.org/report.aspx?eventtype=WF&eventid=1029453,Wildfires,disaster
EONET_21356,Wildfire in Canada 1029488,Wildfires,2026-07-01 19:00:00+00:00,-117.34512959143,66.381290306691,https://www.gdacs.org/report.aspx?eventtype=WF&eventid=1029488,Wildfires,disaster
EONET_20878,Tropical Storm Douglas,Severe Storms,2026-07-01 18:00:00+00:00,-126.9,15.5,https://www.metoc.navy.mil/jtwc/products/ep0426.tcw,Severe Storms,disaster
EONET_20878,Tropical Storm Douglas,Severe Storms,2026-07-02 00:00:00+00:00,-127.0,16.2,https://www.metoc.navy.mil/jtwc/products/ep0426.tcw,Severe Storms,disaster
EONET_20878,Tropical Storm Douglas,Severe Storms,2026-07-02 06:00:00+00:00,-127.1,16.7,https://www.metoc.navy.mil/jtwc/products/ep0426.tcw,Severe Storms,disaster
EONET_20878,Tropical Storm Douglas,Severe Storms,2026-07-02 12:00:00+00:00,-127.1,17.1,https://www.metoc.navy.mil/jtwc/products/ep0426.tcw,Severe Storms,disaster
EONET_20878,Tropical Storm Douglas,Severe Storms,2026-07-02 18:00:00+00:00,-127.3,17.7,https://www.metoc.navy.mil/jtwc/products/ep0426.tcw,Severe Storms,disaster
EONET_20878,Tropical Storm Douglas,Severe Storms,2026-07-03 00:00:00+00:00,-127.5,18.5,https://www.metoc.navy.mil/jtwc/products/ep0426.tcw,Severe Storms,disaster
EONET_20878,Tropical Storm Douglas,Severe Storms,2026-07-03 06:00:00+00:00,-128.0,19.1,https://www.metoc.navy.mil/jtwc/products/ep0426.tcw,Severe Storms,disaster
EONET_21057,"Wildfire BUTTERFIELD SPRING, Malheur, Oregon",Wildfires,2026-07-01 16:13:00+00:00,-117.077351,44.124394,https://irwin.doi.gov/observer/incidents/2026-ORVAD-260120,Wildfires,disaster
EONET_21058,"Wildfire POINT, Santa Clara, California",Wildfires,2026-07-01 12:09:00+00:00,-121.213209,37.06813,https://irwin.doi.gov/observer/incidents/2026-CAMMU-013212,Wildfires,disaster
EONET_20877,Super Typhoon Bavi,Severe Storms,2026-07-01 12:00:00+00:00,162.4,9.7,https://www.metoc.navy.mil/jtwc/products/wp0926.tcw,Severe Storms,disaster
EONET_20877,Super Typhoon Bavi,Severe Storms,2026-07-01 18:00:00+00:00,161.4,10.4,https://www.metoc.navy.mil/jtwc/products/wp0926.tcw,Severe Storms,disaster
EONET_20877,Super Typhoon Bavi,Severe Storms,2026-07-02 00:00:00+00:00,160.2,11.1,https://www.metoc.navy.mil/jtwc/products/wp0926.tcw,Severe Storms,disaster
EONET_20877,Super Typhoon Bavi,Severe Storms,2026-07-02 06:00:00+00:00,159.0,11.8,https://www.metoc.navy.mil/jtwc/products/wp0926.tcw,Severe Storms,disaster
EONET_20877,Super Typhoon Bavi,Severe Storms,2026-07-02 12:00:00+00:00,158.0,12.3,https://www.metoc.navy.mil/jtwc/products/wp0926.tcw,Severe Storms,disaster
EONET_20877,Super Typhoon Bavi,Severe Storms,2026-07-02 18:00:00+00:00,156.6,12.6,https://www.metoc.navy.mil/jtwc/products/wp0926.tcw,Severe Storms,disaster
EONET_20877,Super Typhoon Bavi,Severe Storms,2026-07-03 00:00:00+00:00,155.3,12.7,https://www.metoc.navy.mil/jtwc/products/wp0926.tcw,Severe Storms,disaster
EONET_20877,Super Typhoon Bavi,Severe Storms,2026-07-03 06:00:00+00:00,154.2,12.9,https://www.metoc.navy.mil/jtwc/products/wp0926.tcw,Severe Storms,disaster
EONET_20877,Super Typhoon Bavi,Severe Storms,2026-07-03 12:00:00+00:00,153.1,12.8,https://www.metoc.navy.mil/jtwc/products/wp0926.tcw,Severe Storms,disaster
EONET_20877,Super Typhoon Bavi,Severe Storms,2026-07-03 18:00:00+00:00,152.2,12.7,https://www.metoc.navy.mil/jtwc/products/wp0926.tcw,Severe Storms,disaster
EONET_20877,Super Typhoon Bavi,Severe Storms,2026-07-04 00:00:00+00:00,151.5,12.5,https://www.metoc.navy.mil/jtwc/products/wp0926.tcw,Severe Storms,disaster
EONET_20877,Super Typhoon Bavi,Severe Storms,2026-07-04 06:00:00+00:00,150.8,12.5,https://www.metoc.navy.mil/jtwc/products/wp0926.tcw,Severe Storms,disaster
EONET_20877,Super Typhoon Bavi,Severe Storms,2026-07-04 12:00:00+00:00,150.2,12.7,https://www.metoc.navy.mil/jtwc/products/wp0926.tcw,Severe Storms,disaster
EONET_20877,Super Typhoon Bavi,Severe Storms,2026-07-04 18:00:00+00:00,149.6,12.7,https://www.metoc.navy.mil/jtwc/products/wp0926.tcw,Severe Storms,disaster
EONET_20877,Super Typhoon Bavi,Severe Storms,2026-07-05 00:00:00+00:00,148.9,12.9,https://www.metoc.navy.mil/jtwc/products/wp0926.tcw,Severe Storms,disaster
EONET_20877,Super Typhoon Bavi,Severe Storms,2026-07-05 06:00:00+00:00,148.1,13.4,https://www.metoc.navy.mil/jtwc/products/wp0926.tcw,Severe Storms,disaster
EONET_20877,Super Typhoon Bavi,Severe Storms,2026-07-05 12:00:00+00:00,146.9,13.7,https://www.metoc.navy.mil/jtwc/products/wp0926.tcw,Severe Storms,disaster
EONET_20877,Super Typhoon Bavi,Severe Storms,2026-07-05 18:00:00+00:00,146.1,14.0,https://www.metoc.navy.mil/jtwc/products/wp0926.tcw,Severe Storms,disaster
EONET_20877,Super Typhoon Bavi,Severe Storms,2026-07-06 00:00:00+00:00,145.0,14.3,https://www.metoc.navy.mil/jtwc/products/wp0926.tcw,Severe Storms,disaster
EONET_20877,Super Typhoon Bavi,Severe Storms,2026-07-06 06:00:00+00:00,144.0,14.9,https://www.metoc.navy.mil/jtwc/products/wp0926.tcw,Severe Storms,disaster
EONET_20877,Super Typhoon Bavi,Severe Storms,2026-07-06 12:00:00+00:00,142.7,15.4,https://www.metoc.navy.mil/jtwc/products/wp0926.tcw,Severe Storms,disaster
EONET_20877,Super Typhoon Bavi,Severe Storms,2026-07-06 18:00:00+00:00,141.1,15.9,https://www.metoc.navy.mil/jtwc/products/wp0926.tcw,Severe Storms,disaster
EONET_20877,Super Typhoon Bavi,Severe Storms,2026-07-07 00:00:00+00:00,139.9,16.2,https://www.metoc.navy.mil/jtwc/products/wp0926.tcw,Severe Storms,disaster
EONET_20877,Super Typhoon Bavi,Severe Storms,2026-07-07 06:00:00+00:00,138.4,16.5,https://www.metoc.navy.mil/jtwc/products/wp0926.tcw,Severe Storms,disaster
EONET_20877,Super Typhoon Bavi,Severe Storms,2026-07-07 12:00:00+00:00,136.7,16.8,https://www.metoc.navy.mil/jtwc/products/wp0926.tcw,Severe Storms,disaster
EONET_20877,Super Typhoon Bavi,Severe Storms,2026-07-07 18:00:00+00:00,135.3,16.8,https://www.metoc.navy.mil/jtwc/products/wp0926.tcw,Severe Storms,disaster
EONET_20877,Super Typhoon Bavi,Severe Storms,2026-07-08 00:00:00+00:00,134.1,16.9,https://www.metoc.navy.mil/jtwc/products/wp0926.tcw,Severe Storms,disaster
EONET_20877,Super Typhoon Bavi,Severe Storms,2026-07-08 06:00:00+00:00,133.0,16.9,https://www.metoc.navy.mil/jtwc/products/wp0926.tcw,Severe Storms,disaster
EONET_20877,Super Typhoon Bavi,Severe Storms,2026-07-08 12:00:00+00:00,131.8,17.3,https://www.metoc.navy.mil/jtwc/products/wp0926.tcw,Severe Storms,disaster
EONET_20877,Super Typhoon Bavi,Severe Storms,2026-07-08 18:00:00+00:00,130.8,17.6,https://www.metoc.navy.mil/jtwc/products/wp0926.tcw,Severe Storms,disaster
EONET_20877,Super Typhoon Bavi,Severe Storms,2026-07-09 00:00:00+00:00,129.9,18.3,https://www.metoc.navy.mil/jtwc/products/wp0926.tcw,Severe Storms,disaster
EONET_20877,Super Typhoon Bavi,Severe Storms,2026-07-09 06:00:00+00:00,129.0,18.7,https://www.metoc.navy.mil/jtwc/products/wp0926.tcw,Severe Storms,disaster
EONET_20877,Super Typhoon Bavi,Severe Storms,2026-07-09 12:00:00+00:00,128.8,19.2,https://www.metoc.navy.mil/jtwc/products/wp0926.tcw,Severe Storms,disaster
EONET_20877,Super Typhoon Bavi,Severe Storms,2026-07-09 18:00:00+00:00,128.2,20.1,https://www.metoc.navy.mil/jtwc/products/wp0926.tcw,Severe Storms,disaster
EONET_20877,Super Typhoon Bavi,Severe Storms,2026-07-10 00:00:00+00:00,127.3,20.8,https://www.metoc.navy.mil/jtwc/products/wp0926.tcw,Severe Storms,disaster
EONET_20877,Super Typhoon Bavi,Severe Storms,2026-07-10 06:00:00+00:00,126.9,21.9,https://www.metoc.navy.mil/jtwc/products/wp0926.tcw,Severe Storms,disaster
EONET_20877,Super Typhoon Bavi,Severe Storms,2026-07-10 12:00:00+00:00,126.0,22.7,https://www.metoc.navy.mil/jtwc/products/wp0926.tcw,Severe Storms,disaster
EONET_20877,Super Typhoon Bavi,Severe Storms,2026-07-10 18:00:00+00:00,125.2,23.8,https://www.metoc.navy.mil/jtwc/products/wp0926.tcw,Severe Storms,disaster
EONET_20877,Super Typhoon Bavi,Severe Storms,2026-07-11 00:00:00+00:00,124.6,25.0,https://www.metoc.navy.mil/jtwc/products/wp0926.tcw,Severe Storms,disaster
EONET_20877,Super Typhoon Bavi,Severe Storms,2026-07-11 06:00:00+00:00,123.2,26.6,https://www.metoc.navy.mil/jtwc/products/wp0926.tcw,Severe Storms,disaster
EONET_20877,Super Typhoon Bavi,Severe Storms,2026-07-11 12:00:00+00:00,121.8,27.6,https://www.metoc.navy.mil/jtwc/products/wp0926.tcw,Severe Storms,disaster
EONET_20877,Super Typhoon Bavi,Severe Storms,2026-07-11 18:00:00+00:00,120.4,28.7,https://www.metoc.navy.mil/jtwc/products/wp0926.tcw,Severe Storms,disaster
EONET_20999,"Wildfire Siruk, Yukon-Koyukuk, Alaska",Wildfires,2026-07-01 00:11:00+00:00,-153.440667,66.690333,https://irwin.doi.gov/observer/incidents/2026-AKTAD-000340,Wildfires,disaster
EONET_20879,Flood in Slovakia 1103998,Floods,2026-06-30 20:00:00+00:00,17.7221491,48.28845,https://www.gdacs.org/report.aspx?eventtype=FL&eventid=1103998,Floods,disaster
EONET_20880,Flood in Thailand 1103996,Floods,2026-06-30 20:00:00+00:00,98.918584,8.0617339,https://www.gdacs.org/report.aspx?eventtype=FL&eventid=1103996,Floods,disaster
EONET_20881,Flood in Nigeria 1103997,Floods,2026-06-30 20:00:00+00:00,3.3941795,6.4550575,https://www.gdacs.org/report.aspx?eventtype=FL&eventid=1103997,Floods,disaster
EONET_20897,Flood in Peru 1104000,Floods,2026-06-30 20:00:00+00:00,-76.3777409,-10.7195033,https://www.gdacs.org/report.aspx?eventtype=FL&eventid=1104000,Floods,disaster
EONET_20883,Wildfire in Angola 1029229,Wildfires,2026-06-30 19:00:00+00:00,20.210612409383792,-8.277766918477814,https://www.gdacs.org/report.aspx?eventtype=WF&eventid=1029229,Wildfires,disaster
EONET_20902,Wildfire in Botswana 1029243,Wildfires,2026-06-30 19:00:00+00:00,25.05988802646389,-17.996734495835195,https://www.gdacs.org/report.aspx?eventtype=WF&eventid=1029243,Wildfires,disaster
EONET_20935,Wildfire in Tanzania 1029268,Wildfires,2026-06-30 19:00:00+00:00,34.61333248100981,-2.9602519526976407,https://www.gdacs.org/report.aspx?eventtype=WF&eventid=1029268,Wildfires,disaster
EONET_20936,"Wildfire in Angola, The Democratic Republic of Congo 1029272",Wildfires,2026-06-30 19:00:00+00:00,19.770246588521665,-7.01873073839854,https://www.gdacs.org/report.aspx?eventtype=WF&eventid=1029272,Wildfires,disaster
EONET_20937,Wildfire in The Democratic Republic of Congo 1029273,Wildfires,2026-06-30 19:00:00+00:00,18.609053258116788,-6.988800965258946,https://www.gdacs.org/report.aspx?eventtype=WF&eventid=1029273,Wildfires,disaster
EONET_20938,Wildfire in Australia 1029292,Wildfires,2026-06-30 19:00:00+00:00,133.69867644812413,-12.388287113228348,https://www.gdacs.org/report.aspx?eventtype=WF&eventid=1029292,Wildfires,disaster
EONET_20939,Wildfire in Brazil 1029293,Wildfires,2026-06-30 19:00:00+00:00,-44.519949470717584,-12.755836004748614,https://www.gdacs.org/report.aspx?eventtype=WF&eventid=1029293,Wildfires,disaster
EONET_20940,Wildfire in Australia 1029294,Wildfires,2026-06-30 19:00:00+00:00,137.85949561195892,-17.784091343406573,https://www.gdacs.org/report.aspx?eventtype=WF&eventid=1029294,Wildfires,disaster
EONET_20966,Wildfire in The Democratic Republic of Congo 1029302,Wildfires,2026-06-30 19:00:00+00:00,18.78543978196113,-7.252279153281658,https://www.gdacs.org/report.aspx?eventtype=WF&eventid=1029302,Wildfires,disaster
EONET_21149,Wildfire in Zambia 1029338,Wildfires,2026-06-30 19:00:00+00:00,32.296045857459,-9.4836632299771,https://www.gdacs.org/report.aspx?eventtype=WF&eventid=1029338,Wildfires,disaster
EONET_21179,Wildfire in Angola 1029365,Wildfires,2026-06-30 19:00:00+00:00,17.358121983359,-9.2396216472409,https://www.gdacs.org/report.aspx?eventtype=WF&eventid=1029365,Wildfires,disaster
EONET_21222,Wildfire in The Democratic Republic of Congo 1029401,Wildfires,2026-06-30 19:00:00+00:00,18.37882331321,-7.3001993028691,https://www.gdacs.org/report.aspx?eventtype=WF&eventid=1029401,Wildfires,disaster
EONET_21268,Wildfire in The Democratic Republic of Congo 1029437,Wildfires,2026-06-30 19:00:00+00:00,18.51617211385,-7.0358035916556,https://www.gdacs.org/report.aspx?eventtype=WF&eventid=1029437,Wildfires,disaster
EONET_21294,Wildfire in Angola 1029454,Wildfires,2026-06-30 19:00:00+00:00,17.704742462193,-11.469650126355,https://www.gdacs.org/report.aspx?eventtype=WF&eventid=1029454,Wildfires,disaster
EONET_21295,Wildfire in Australia 1029465,Wildfires,2026-06-30 19:00:00+00:00,135.54908259121,-12.330100467871,https://www.gdacs.org/report.aspx?eventtype=WF&eventid=1029465,Wildfires,disaster
EONET_21357,Wildfire in Australia 1029494,Wildfires,2026-06-30 19:00:00+00:00,143.63671045078,-14.320812949243,https://www.gdacs.org/report.aspx?eventtype=WF&eventid=1029494,Wildfires,disaster
EONET_21043,"Wildfire Black Bird Ranch (14), DeSoto, Florida",Wildfires,2026-06-30 14:26:00+00:00,-81.6786111,27.1283333,https://irwin.doi.gov/observer/incidents/2026-FLFLS-261500472,Wildfires,disaster
EONET_21067,"Wildfire ATLANTIC (06), Broward, Florida",Wildfires,2026-06-29 20:42:00+00:00,-80.3108333,26.2161111,https://irwin.doi.gov/observer/incidents/2026-FLFLS-261800100,Wildfires,disaster
EONET_21046,"Wildfire Sheep Head, Huerfano, Colorado",Wildfires,2026-06-29 20:40:00+00:00,-105.136974,37.699535,https://irwin.doi.gov/observer/incidents/2026-COHUX-001163,Wildfires,disaster
EONET_20903,Wildfire in The Democratic Republic of Congo 1029244,Wildfires,2026-06-29 19:00:00+00:00,18.865964795261945,-7.781657065823887,https://www.gdacs.org/report.aspx?eventtype=WF&eventid=1029244,Wildfires,disaster
EONET_20941,Wildfire in Australia 1029295,Wildfires,2026-06-29 19:00:00+00:00,142.30872516882488,-14.599660142730068,https://www.gdacs.org/report.aspx?eventtype=WF&eventid=1029295,Wildfires,disaster
EONET_20942,Wildfire in Papua New Guinea 1029296,Wildfires,2026-06-29 19:00:00+00:00,145.6722666001889,-5.881033191135722,https://www.gdacs.org/report.aspx?eventtype=WF&eventid=1029296,Wildfires,disaster
EONET_20943,Wildfire in Zambia 1029274,Wildfires,2026-06-29 19:00:00+00:00,26.021711871524683,-14.403860130000044,https://www.gdacs.org/report.aspx?eventtype=WF&eventid=1029274,Wildfires,disaster
EONET_20967,Wildfire in Tanzania 1029303,Wildfires,2026-06-29 19:00:00+00:00,33.898583329826,-9.048494615349409,https://www.gdacs.org/report.aspx?eventtype=WF&eventid=1029303,Wildfires,disaster
EONET_20968,Wildfire in Canada 1029312,Wildfires,2026-06-29 19:00:00+00:00,-95.21276826611766,56.94495479417053,https://www.gdacs.org/report.aspx?eventtype=WF&eventid=1029312,Wildfires,disaster
EONET_20989,Wildfire in The Democratic Republic of Congo 1029322,Wildfires,2026-06-29 19:00:00+00:00,24.826077704753867,-3.9728981159534897,https://www.gdacs.org/report.aspx?eventtype=WF&eventid=1029322,Wildfires,disaster
EONET_21150,Wildfire in The Democratic Republic of Congo 1029339,Wildfires,2026-06-29 19:00:00+00:00,18.33372990084,-7.1428326995767,https://www.gdacs.org/report.aspx?eventtype=WF&eventid=1029339,Wildfires,disaster
EONET_21151,"Wildfire in The Democratic Republic of Congo, Angola 1029341",Wildfires,2026-06-29 19:00:00+00:00,19.43612682092,-7.5490230646212,https://www.gdacs.org/report.aspx?eventtype=WF&eventid=1029341,Wildfires,disaster
EONET_21152,Wildfire in The Democratic Republic of Congo 1029340,Wildfires,2026-06-29 19:00:00+00:00,18.505587062337,-7.5893085956008,https://www.gdacs.org/report.aspx?eventtype=WF&eventid=1029340,Wildfires,disaster
EONET_21180,Wildfire in Canada 1029378,Wildfires,2026-06-29 19:00:00+00:00,-66.564814368113,56.945223328083,https://www.gdacs.org/report.aspx?eventtype=WF&eventid=1029378,Wildfires,disaster
EONET_21181,Wildfire in Russian Federation 1029379,Wildfires,2026-06-29 19:00:00+00:00,127.99206376631,64.998042257317,https://www.gdacs.org/report.aspx?eventtype=WF&eventid=1029379,Wildfires,disaster
EONET_21182,Wildfire in The Democratic Republic of Congo 1029366,Wildfires,2026-06-29 19:00:00+00:00,26.477707195062,-6.0293736541778,https://www.gdacs.org/report.aspx?eventtype=WF&eventid=1029366,Wildfires,disaster
EONET_21183,Wildfire in The Democratic Republic of Congo 1029367,Wildfires,2026-06-29 19:00:00+00:00,18.412793133152,-7.4684349660329,https://www.gdacs.org/report.aspx?eventtype=WF&eventid=1029367,Wildfires,disaster
EONET_21223,Wildfire in Angola 1029402,Wildfires,2026-06-29 19:00:00+00:00,20.094978085275,-7.4732015003187,https://www.gdacs.org/report.aspx?eventtype=WF&eventid=1029402,Wildfires,disaster
EONET_21296,Wildfire in The Democratic Republic of Congo 1029455,Wildfires,2026-06-29 19:00:00+00:00,24.41163943608,-3.9837591874139,https://www.gdacs.org/report.aspx?eventtype=WF&eventid=1029455,Wildfires,disaster
EONET_21358,Wildfire in Canada 1029495,Wildfires,2026-06-29 19:00:00+00:00,-91.37827342062,48.57853340579,https://www.gdacs.org/report.aspx?eventtype=WF&eventid=1029495,Wildfires,disaster
EONET_21053,"Wildfire Log Road, Sioux, Nebraska",Wildfires,2026-06-29 17:50:00+00:00,-103.637694,42.765917,https://irwin.doi.gov/observer/incidents/2026-NENES-260581,Wildfires,disaster
EONET_21084,"Wildfire HELLS BAY (48), Orange, Florida",Wildfires,2026-06-29 15:11:00+00:00,-81.0536111,28.3491667,https://irwin.doi.gov/observer/incidents/2026-FLFLS-261200409,Wildfires,disaster
EONET_21037,"Wildfire LAMBDIN, Walla Walla, Washington",Wildfires,2026-06-29 14:11:00+00:00,-118.872567,46.051583,https://irwin.doi.gov/observer/incidents/2026-WAMCR-260297,Wildfires,disaster
EONET_21019,"Wildfire Aspen Acres, Custer, Colorado",Wildfires,2026-06-29 10:21:00+00:00,-105.071268,38.019315,https://irwin.doi.gov/observer/incidents/2026-COCUX-001160,Wildfires,disaster
EONET_21085,"Prescribed Fire RX Brewster 5525, Brewster, Texas",Wildfires,2026-06-29 09:04:00+00:00,-103.00642,30.35554,https://irwin.doi.gov/observer/incidents/2026-TXTXS-265526,Wildfires,disaster
EONET_20858,Flood in Italy 1103980,Floods,2026-06-28 20:00:00+00:00,7.923549,45.060735,https://www.gdacs.org/report.aspx?eventtype=FL&eventid=1103980,Floods,disaster
EONET_20898,Flood in Paraguay 1103999,Floods,2026-06-28 20:00:00+00:00,-57.1252096,-26.408432,https://www.gdacs.org/report.aspx?eventtype=FL&eventid=1103999,Floods,disaster
EONET_21079,"Wildfire ROMERO, Modoc, California",Wildfires,2026-06-28 19:46:00+00:00,-120.503409,41.285504,https://irwin.doi.gov/observer/incidents/2026-CANOD-003963,Wildfires,disaster
EONET_20826,"Wildfire in The Democratic Republic of Congo, Angola 1029186",Wildfires,2026-06-28 19:00:00+00:00,19.689573343497425,-6.9589572996696045,https://www.gdacs.org/report.aspx?eventtype=WF&eventid=1029186,Wildfires,disaster
EONET_20827,Wildfire in The Democratic Republic of Congo 1029187,Wildfires,2026-06-28 19:00:00+00:00,18.736430417814105,-7.721537254806408,https://www.gdacs.org/report.aspx?eventtype=WF&eventid=1029187,Wildfires,disaster
EONET_20828,Wildfire in Australia 1029208,Wildfires,2026-06-28 19:00:00+00:00,134.81278378488722,-14.30535869275984,https://www.gdacs.org/report.aspx?eventtype=WF&eventid=1029208,Wildfires,disaster
EONET_20829,Wildfire in United States 1029196,Wildfires,2026-06-28 19:00:00+00:00,-105.00799497824693,38.03427678171815,https://www.gdacs.org/report.aspx?eventtype=WF&eventid=1029196,Wildfires,disaster
EONET_20884,Wildfire in Botswana 1029230,Wildfires,2026-06-28 19:00:00+00:00,25.353597377514298,-18.350474927998352,https://www.gdacs.org/report.aspx?eventtype=WF&eventid=1029230,Wildfires,disaster
EONET_20904,Wildfire in Angola 1029245,Wildfires,2026-06-28 19:00:00+00:00,21.44019407726592,-9.01756432207462,https://www.gdacs.org/report.aspx?eventtype=WF&eventid=1029245,Wildfires,disaster
EONET_20944,Wildfire in The Democratic Republic of Congo 1029276,Wildfires,2026-06-28 19:00:00+00:00,26.26845069219911,-9.60937275860454,https://www.gdacs.org/report.aspx?eventtype=WF&eventid=1029276,Wildfires,disaster
EONET_20945,Wildfire in Canada 1029281,Wildfires,2026-06-28 19:00:00+00:00,-100.24977143424614,57.86792070063596,https://www.gdacs.org/report.aspx?eventtype=WF&eventid=1029281,Wildfires,disaster
EONET_20946,Wildfire in Canada 1029297,Wildfires,2026-06-28 19:00:00+00:00,-98.42518409844206,59.18105230623768,https://www.gdacs.org/report.aspx?eventtype=WF&eventid=1029297,Wildfires,disaster
EONET_20947,Wildfire in The Democratic Republic of Congo 1029275,Wildfires,2026-06-28 19:00:00+00:00,18.43804823999105,-6.852150996820509,https://www.gdacs.org/report.aspx?eventtype=WF&eventid=1029275,Wildfires,disaster
EONET_20969,Wildfire in Canada 1029304,Wildfires,2026-06-28 19:00:00+00:00,-101.10304362359342,57.54471629374121,https://www.gdacs.org/report.aspx?eventtype=WF&eventid=1029304,Wildfires,disaster
EONET_20970,Wildfire in The Democratic Republic of Congo 1029305,Wildfires,2026-06-28 19:00:00+00:00,18.309403177994408,-6.928979774749573,https://www.gdacs.org/report.aspx?eventtype=WF&eventid=1029305,Wildfires,disaster
EONET_20990,Wildfire in The Democratic Republic of Congo 1029323,Wildfires,2026-06-28 19:00:00+00:00,17.371450536220028,-5.194397802503665,https://www.gdacs.org/report.aspx?eventtype=WF&eventid=1029323,Wildfires,disaster
EONET_21153,Wildfire in The Democratic Republic of Congo 1029342,Wildfires,2026-06-28 19:00:00+00:00,18.430786577224,-7.050374298353,https://www.gdacs.org/report.aspx?eventtype=WF&eventid=1029342,Wildfires,disaster
EONET_21154,Wildfire in Angola 1029343,Wildfires,2026-06-28 19:00:00+00:00,16.818589041387,-10.739870996574,https://www.gdacs.org/report.aspx?eventtype=WF&eventid=1029343,Wildfires,disaster
EONET_21184,Wildfire in The Democratic Republic of Congo 1029360,Wildfires,2026-06-28 19:00:00+00:00,18.529323149174,-6.6901420517534,https://www.gdacs.org/report.aspx?eventtype=WF&eventid=1029360,Wildfires,disaster
EONET_21185,Wildfire in Angola 1029380,Wildfires,2026-06-28 19:00:00+00:00,21.621379398382,-9.208436446441,https://www.gdacs.org/report.aspx?eventtype=WF&eventid=1029380,Wildfires,disaster
EONET_21224,Wildfire in Canada 1029412,Wildfires,2026-06-28 19:00:00+00:00,-117.45065311431,65.194498755899,https://www.gdacs.org/report.aspx?eventtype=WF&eventid=1029412,Wildfires,disaster
EONET_21225,Wildfire in The Democratic Republic of Congo 1029403,Wildfires,2026-06-28 19:00:00+00:00,18.624273705995,-7.8087369594816,https://www.gdacs.org/report.aspx?eventtype=WF&eventid=1029403,Wildfires,disaster
EONET_21226,Wildfire in Angola 1029404,Wildfires,2026-06-28 19:00:00+00:00,17.853107983052,-10.789921848856,https://www.gdacs.org/report.aspx?eventtype=WF&eventid=1029404,Wildfires,disaster
EONET_21297,Wildfire in Australia 1029447,Wildfires,2026-06-28 19:00:00+00:00,137.06497159529,-35.762097357002,https://www.gdacs.org/report.aspx?eventtype=WF&eventid=1029447,Wildfires,disaster
EONET_21035,"Wildfire Willow, Lake, Colorado",Wildfires,2026-06-28 18:47:00+00:00,-106.44032,39.23358,https://irwin.doi.gov/observer/incidents/2026-COPSF-001153,Wildfires,disaster
EONET_21051,"Wildfire CARLTON EAST, Sarasota, Florida",Wildfires,2026-06-28 16:50:00+00:00,-82.3005556,27.15,https://irwin.doi.gov/observer/incidents/2026-FLFLS-261500453,Wildfires,disaster
EONET_20292,Flood in Türkiye 1103920,Floods,2026-06-27 20:00:00+00:00,36.4534072,37.2401223,https://www.gdacs.org/report.aspx?eventtype=FL&eventid=1103920,Floods,disaster
EONET_20859,Flood in Mexico 1103981,Floods,2026-06-27 20:00:00+00:00,-98.0,18.833333,https://www.gdacs.org/report.aspx?eventtype=FL&eventid=1103981,Floods,disaster
EONET_20860,Flood in Venezuela 1103982,Floods,2026-06-27 20:00:00+00:00,-69.7415288,9.0369521,https://www.gdacs.org/report.aspx?eventtype=FL&eventid=1103982,Floods,disaster
EONET_21059,"Wildfire Horse Head, San Juan, Utah",Wildfires,2026-06-27 19:56:00+00:00,-109.18345,37.71545,https://irwin.doi.gov/observer/incidents/2026-UTDRD-005117,Wildfires,disaster
EONET_21015,"Wildfire Gold Mountain, Ouray, Colorado",Wildfires,2026-06-27 19:53:00+00:00,-107.682124,38.051567,https://irwin.doi.gov/observer/incidents/2026-COGMF-000099,Wildfires,disaster
EONET_20759,Wildfire in United States 1029143,Wildfires,2026-06-27 19:00:00+00:00,-108.6359631943572,37.693866484137054,https://www.gdacs.org/report.aspx?eventtype=WF&eventid=1029143,Wildfires,disaster
EONET_20830,Wildfire in Canada 1029209,Wildfires,2026-06-27 19:00:00+00:00,-71.8829198411219,53.842884044619574,https://www.gdacs.org/report.aspx?eventtype=WF&eventid=1029209,Wildfires,disaster
EONET_20831,Wildfire in United States 1029197,Wildfires,2026-06-27 19:00:00+00:00,-107.64927636238792,38.08058936545356,https://www.gdacs.org/report.aspx?eventtype=WF&eventid=1029197,Wildfires,disaster
EONET_20862,Wildfire in Canada 1029224,Wildfires,2026-06-27 19:00:00+00:00,-102.8087504652889,58.22126792173019,https://www.gdacs.org/report.aspx?eventtype=WF&eventid=1029224,Wildfires,disaster
EONET_20885,Wildfire in Canada 1029234,Wildfires,2026-06-27 19:00:00+00:00,-108.58942331450191,60.46400258451255,https://www.gdacs.org/report.aspx?eventtype=WF&eventid=1029234,Wildfires,disaster
EONET_20886,Wildfire in Canada 1029235,Wildfires,2026-06-27 19:00:00+00:00,-78.92754838377228,49.973697890960615,https://www.gdacs.org/report.aspx?eventtype=WF&eventid=1029235,Wildfires,disaster
EONET_20905,Wildfire in Canada 1029252,Wildfires,2026-06-27 19:00:00+00:00,-97.3770134704988,57.232643252503635,https://www.gdacs.org/report.aspx?eventtype=WF&eventid=1029252,Wildfires,disaster
EONET_20906,Wildfire in Canada 1029262,Wildfires,2026-06-27 19:00:00+00:00,-97.0556080958184,58.31622253885826,https://www.gdacs.org/report.aspx?eventtype=WF&eventid=1029262,Wildfires,disaster
EONET_20907,Wildfire in Canada 1029263,Wildfires,2026-06-27 19:00:00+00:00,-109.97973104078493,60.71004517681177,https://www.gdacs.org/report.aspx?eventtype=WF&eventid=1029263,Wildfires,disaster
EONET_20908,Wildfire in Canada 1029253,Wildfires,2026-06-27 19:00:00+00:00,-61.16705343789003,53.74955426411679,https://www.gdacs.org/report.aspx?eventtype=WF&eventid=1029253,Wildfires,disaster
EONET_20948,Wildfire in Tanzania 1029269,Wildfires,2026-06-27 19:00:00+00:00,34.44458152083315,-2.7339811754194816,https://www.gdacs.org/report.aspx?eventtype=WF&eventid=1029269,Wildfires,disaster
EONET_20949,Wildfire in Canada 1029282,Wildfires,2026-06-27 19:00:00+00:00,-98.65749470479142,58.693947919848235,https://www.gdacs.org/report.aspx?eventtype=WF&eventid=1029282,Wildfires,disaster
EONET_20991,Wildfire in Canada 1029330,Wildfires,2026-06-27 19:00:00+00:00,-93.81652178936508,56.98611528154643,https://www.gdacs.org/report.aspx?eventtype=WF&eventid=1029330,Wildfires,disaster
EONET_21186,Wildfire in Zambia 1029368,Wildfires,2026-06-27 19:00:00+00:00,24.740619455593,-13.189158044927,https://www.gdacs.org/report.aspx?eventtype=WF&eventid=1029368,Wildfires,disaster
EONET_21269,Wildfire in Angola 1029438,Wildfires,2026-06-27 19:00:00+00:00,20.864602398885,-9.3763379444349,https://www.gdacs.org/report.aspx?eventtype=WF&eventid=1029438,Wildfires,disaster
EONET_21001,"Wildfire Ferris, Montezuma, Colorado",Wildfires,2026-06-27 18:39:00+00:00,-108.67098,37.629229,https://irwin.doi.gov/observer/incidents/2026-COSJF-000536,Wildfires,disaster
EONET_21071,"Wildfire IRON, Riverside, California",Wildfires,2026-06-27 17:24:00+00:00,-117.128829,33.939174,https://irwin.doi.gov/observer/incidents/2026-CARRU-103569,Wildfires,disaster
EONET_21017,"Wildfire Doe Canyon, Dolores, Colorado",Wildfires,2026-06-27 15:03:00+00:00,-108.688017,37.711183,https://irwin.doi.gov/observer/incidents/2026-COSJF-000532,Wildfires,disaster
EONET_21061,"Wildfire Jones, Grand, Utah",Wildfires,2026-06-27 11:08:00+00:00,-109.073833,39.071217,https://irwin.doi.gov/observer/incidents/2026-COGRD-260191,Wildfires,disaster
EONET_21027,"Wildfire Snyder, Grand, Utah",Wildfires,2026-06-27 09:56:00+00:00,-109.058533,39.007876,https://irwin.doi.gov/observer/incidents/2026-UTDRD-005113,Wildfires,disaster
EONET_20823,Flood in Netherlands 1103978,Floods,2026-06-26 20:00:00+00:00,4.9202409,52.2325145,https://www.gdacs.org/report.aspx?eventtype=FL&eventid=1103978,Floods,disaster
EONET_20824,Flood in Islamic Republic of Iran 1103976,Floods,2026-06-26 20:00:00+00:00,47.6764836,38.3979293,https://www.gdacs.org/report.aspx?eventtype=FL&eventid=1103976,Floods,disaster
EONET_20861,Flood in Georgia 1103979,Floods,2026-06-26 20:00:00+00:00,42.1359434,43.1939185,https://www.gdacs.org/report.aspx?eventtype=FL&eventid=1103979,Floods,disaster
EONET_21045,"Wildfire Cecil, Yukon-Koyukuk, Alaska",Wildfires,2026-06-26 19:48:00+00:00,-155.154033,64.73125,https://irwin.doi.gov/observer/incidents/2026-AKTAD-000315,Wildfires,disaster
EONET_20737,Wildfire in United States 1029113,Wildfires,2026-06-26 19:00:00+00:00,-112.11264256950044,39.12308583330315,https://www.gdacs.org/report.aspx?eventtype=WF&eventid=1029113,Wildfires,disaster
EONET_20760,Wildfire in United States 1029144,Wildfires,2026-06-26 19:00:00+00:00,-109.02374881847288,39.05620601955452,https://www.gdacs.org/report.aspx?eventtype=WF&eventid=1029144,Wildfires,disaster
EONET_20761,Wildfire in United States 1029145,Wildfires,2026-06-26 19:00:00+00:00,-109.76740308687292,37.804288609206054,https://www.gdacs.org/report.aspx?eventtype=WF&eventid=1029145,Wildfires,disaster
EONET_20797,Wildfire in Canada 1029156,Wildfires,2026-06-26 19:00:00+00:00,-123.55880346094244,63.392431081302014,https://www.gdacs.org/report.aspx?eventtype=WF&eventid=1029156,Wildfires,disaster
EONET_20798,Wildfire in Canada 1029175,Wildfires,2026-06-26 19:00:00+00:00,-61.61559019005209,55.39995428064012,https://www.gdacs.org/report.aspx?eventtype=WF&eventid=1029175,Wildfires,disaster
EONET_20799,Wildfire in Canada 1029176,Wildfires,2026-06-26 19:00:00+00:00,-69.68711848787817,52.28332834214709,https://www.gdacs.org/report.aspx?eventtype=WF&eventid=1029176,Wildfires,disaster
EONET_20832,Wildfire in Canada 1029181,Wildfires,2026-06-26 19:00:00+00:00,-121.51509627133092,61.81763248684577,https://www.gdacs.org/report.aspx?eventtype=WF&eventid=1029181,Wildfires,disaster
EONET_20833,Wildfire in Canada 1029198,Wildfires,2026-06-26 19:00:00+00:00,-114.61892003763938,59.40692461665107,https://www.gdacs.org/report.aspx?eventtype=WF&eventid=1029198,Wildfires,disaster
EONET_20834,Wildfire in Canada 1029199,Wildfires,2026-06-26 19:00:00+00:00,-99.14638758709884,56.70090553065681,https://www.gdacs.org/report.aspx?eventtype=WF&eventid=1029199,Wildfires,disaster
EONET_20835,Wildfire in Canada 1029188,Wildfires,2026-06-26 19:00:00+00:00,-62.63901679033579,54.13246873029031,https://www.gdacs.org/report.aspx?eventtype=WF&eventid=1029188,Wildfires,disaster
EONET_20863,Wildfire in Canada 1029225,Wildfires,2026-06-26 19:00:00+00:00,-97.05823040331026,57.88310447827637,https://www.gdacs.org/report.aspx?eventtype=WF&eventid=1029225,Wildfires,disaster
EONET_20864,Wildfire in Sudan 1029214,Wildfires,2026-06-26 19:00:00+00:00,33.06689882794203,8.339735668283568,https://www.gdacs.org/report.aspx?eventtype=WF&eventid=1029214,Wildfires,disaster
EONET_20865,Wildfire in The Democratic Republic of Congo 1029215,Wildfires,2026-06-26 19:00:00+00:00,25.74145487808945,-5.007028214529881,https://www.gdacs.org/report.aspx?eventtype=WF&eventid=1029215,Wildfires,disaster
EONET_20887,Wildfire in Canada 1029237,Wildfires,2026-06-26 19:00:00+00:00,-101.54111119127371,56.84831590502918,https://www.gdacs.org/report.aspx?eventtype=WF&eventid=1029237,Wildfires,disaster
EONET_20888,Wildfire in Canada 1029236,Wildfires,2026-06-26 19:00:00+00:00,-110.26894936905302,60.41493758687464,https://www.gdacs.org/report.aspx?eventtype=WF&eventid=1029236,Wildfires,disaster
EONET_20889,Wildfire in Canada 1029241,Wildfires,2026-06-26 19:00:00+00:00,-103.24070480140654,57.922594203632734,https://www.gdacs.org/report.aspx?eventtype=WF&eventid=1029241,Wildfires,disaster
EONET_20909,Wildfire in Canada 1029264,Wildfires,2026-06-26 19:00:00+00:00,-109.73307740828872,63.11967819536069,https://www.gdacs.org/report.aspx?eventtype=WF&eventid=1029264,Wildfires,disaster
EONET_20910,Wildfire in Canada 1029265,Wildfires,2026-06-26 19:00:00+00:00,-102.93499450459808,56.35216230748563,https://www.gdacs.org/report.aspx?eventtype=WF&eventid=1029265,Wildfires,disaster
EONET_20911,Wildfire in Canada 1029254,Wildfires,2026-06-26 19:00:00+00:00,-101.44502785259508,57.72473845987174,https://www.gdacs.org/report.aspx?eventtype=WF&eventid=1029254,Wildfires,disaster
EONET_20912,Wildfire in Canada 1029256,Wildfires,2026-06-26 19:00:00+00:00,-97.93992130967148,58.02408606314871,https://www.gdacs.org/report.aspx?eventtype=WF&eventid=1029256,Wildfires,disaster
EONET_20971,Wildfire in Canada 1029313,Wildfires,2026-06-26 19:00:00+00:00,-101.70012419428085,60.32069741809525,https://www.gdacs.org/report.aspx?eventtype=WF&eventid=1029313,Wildfires,disaster
EONET_20972,Wildfire in Angola 1029306,Wildfires,2026-06-26 19:00:00+00:00,20.944983194413968,-8.517763489198028,https://www.gdacs.org/report.aspx?eventtype=WF&eventid=1029306,Wildfires,disaster
EONET_20973,Wildfire in Canada 1029314,Wildfires,2026-06-26 19:00:00+00:00,-97.64428735074564,58.27202168384491,https://www.gdacs.org/report.aspx?eventtype=WF&eventid=1029314,Wildfires,disaster
EONET_21155,Wildfire in Canada 1029350,Wildfires,2026-06-26 19:00:00+00:00,-66.99252311231,57.981009519198,https://www.gdacs.org/report.aspx?eventtype=WF&eventid=1029350,Wildfires,disaster
EONET_21070,"Wildfire STEAMBOAT, Gila, Arizona",Wildfires,2026-06-26 18:59:00+00:00,-110.865,33.148167,https://irwin.doi.gov/observer/incidents/2026-AZGID-000321,Wildfires,disaster
EONET_21030,"Wildfire Wild Goose, Millard, Utah",Wildfires,2026-06-26 18:24:00+00:00,-112.172072,39.106205,https://irwin.doi.gov/observer/incidents/2026-UTFIF-260220,Wildfires,disaster
EONET_21033,"Wildfire Babylon, San Juan, Utah",Wildfires,2026-06-26 17:54:00+00:00,-109.808667,37.734333,https://irwin.doi.gov/observer/incidents/2026-UTMLF-005112,Wildfires,disaster
EONET_21029,"Wildfire Beehive, Rio Arriba, New Mexico",Wildfires,2026-06-26 17:20:00+00:00,-106.1649,36.737348,https://irwin.doi.gov/observer/incidents/2026-NMCAF-000357,Wildfires,disaster
EONET_21063,"Wildfire PETERSON, Klickitat, Washington",Wildfires,2026-06-26 16:54:00+00:00,-119.940022,45.945754,https://irwin.doi.gov/observer/incidents/2026-WAKLCN-260280,Wildfires,disaster
EONET_21032,"Wildfire Dry Canyon, Lincoln, Nevada",Wildfires,2026-06-26 16:33:00+00:00,-114.1387,38.00545,https://irwin.doi.gov/observer/incidents/2026-NVELD-040141,Wildfires,disaster
EONET_21026,"Wildfire Cherry, Juab, Utah",Wildfires,2026-06-26 15:55:00+00:00,-112.3595,39.852883,https://irwin.doi.gov/observer/incidents/2026-UTWDD-260218,Wildfires,disaster
EONET_21064,"Wildfire Michigan, Yukon-Koyukuk, Alaska",Wildfires,2026-06-26 12:32:00+00:00,-151.22,67.320833,https://irwin.doi.gov/observer/incidents/2026-AKTAD-000309,Wildfires,disaster
EONET_21060,"Wildfire Allen, Yukon-Koyukuk, Alaska",Wildfires,2026-06-26 12:28:00+00:00,-151.853617,67.529167,https://irwin.doi.gov/observer/incidents/2026-AKTAD-000308,Wildfires,disaster
EONET_21075,"Wildfire EHREN CUTOFF (51), Pasco, Florida",Wildfires,2026-06-25 22:10:00+00:00,-82.4180556,28.3311111,https://irwin.doi.gov/observer/incidents/2026-FLFLS-261100489,Wildfires,disaster
EONET_21069,"Wildfire Doorstep, Yukon-Koyukuk, Alaska",Wildfires,2026-06-25 20:24:00+00:00,-150.391833,66.783333,https://irwin.doi.gov/observer/incidents/2026-AKUYD-000298,Wildfires,disaster
EONET_20825,Flood in Brazil 1103977,Floods,2026-06-25 20:00:00+00:00,-53.6421338,-27.6616073,https://www.gdacs.org/report.aspx?eventtype=FL&eventid=1103977,Floods,disaster
EONET_21081,"Wildfire Kumiva, Pershing, Nevada",Wildfires,2026-06-25 19:21:00+00:00,-119.201767,40.409217,https://irwin.doi.gov/observer/incidents/2026-NVWID-020305,Wildfires,disaster
EONET_20738,Wildfire in Australia 1029096,Wildfires,2026-06-25 19:00:00+00:00,138.82218751065454,-16.920300225234783,https://www.gdacs.org/report.aspx?eventtype=WF&eventid=1029096,Wildfires,disaster
EONET_20762,Wildfire in Canada 1029146,Wildfires,2026-06-25 19:00:00+00:00,-65.67758567072565,53.493246386106186,https://www.gdacs.org/report.aspx?eventtype=WF&eventid=1029146,Wildfires,disaster
EONET_20763,Wildfire in Canada 1029138,Wildfires,2026-06-25 19:00:00+00:00,-100.89071191088163,56.68907269877293,https://www.gdacs.org/report.aspx?eventtype=WF&eventid=1029138,Wildfires,disaster
EONET_20764,Wildfire in Australia 1029120,Wildfires,2026-06-25 19:00:00+00:00,141.89538629341746,-13.907798006563938,https://www.gdacs.org/report.aspx?eventtype=WF&eventid=1029120,Wildfires,disaster
EONET_20800,Wildfire in Canada 1029164,Wildfires,2026-06-25 19:00:00+00:00,-62.79075982915795,54.3408376014346,https://www.gdacs.org/report.aspx?eventtype=WF&eventid=1029164,Wildfires,disaster
EONET_20801,Wildfire in Canada 1029165,Wildfires,2026-06-25 19:00:00+00:00,-113.97935426967352,60.08829560480441,https://www.gdacs.org/report.aspx?eventtype=WF&eventid=1029165,Wildfires,disaster
EONET_20802,Wildfire in Canada 1029166,Wildfires,2026-06-25 19:00:00+00:00,-102.70632996886084,56.004567739828104,https://www.gdacs.org/report.aspx?eventtype=WF&eventid=1029166,Wildfires,disaster
EONET_20803,Wildfire in Canada 1029167,Wildfires,2026-06-25 19:00:00+00:00,-69.15309005740865,53.08511169553526,https://www.gdacs.org/report.aspx?eventtype=WF&eventid=1029167,Wildfires,disaster
EONET_20804,Wildfire in Canada 1029171,Wildfires,2026-06-25 19:00:00+00:00,-99.73882261657631,56.41613807044688,https://www.gdacs.org/report.aspx?eventtype=WF&eventid=1029171,Wildfires,disaster
EONET_20836,Wildfire in Tanzania 1029182,Wildfires,2026-06-25 19:00:00+00:00,34.36035400060436,-2.2844418886643783,https://www.gdacs.org/report.aspx?eventtype=WF&eventid=1029182,Wildfires,disaster
EONET_20837,Wildfire in Canada 1029183,Wildfires,2026-06-25 19:00:00+00:00,-103.46235587283331,55.49252558042101,https://www.gdacs.org/report.aspx?eventtype=WF&eventid=1029183,Wildfires,disaster
EONET_20838,Wildfire in Canada 1029200,Wildfires,2026-06-25 19:00:00+00:00,-113.398546640656,60.21607196111869,https://www.gdacs.org/report.aspx?eventtype=WF&eventid=1029200,Wildfires,disaster
EONET_20839,Wildfire in Canada 1029201,Wildfires,2026-06-25 19:00:00+00:00,-106.09044264630784,56.89022066273228,https://www.gdacs.org/report.aspx?eventtype=WF&eventid=1029201,Wildfires,disaster
EONET_20840,Wildfire in Canada 1029202,Wildfires,2026-06-25 19:00:00+00:00,-102.57901390889448,59.51535880295799,https://www.gdacs.org/report.aspx?eventtype=WF&eventid=1029202,Wildfires,disaster
EONET_20841,Wildfire in Canada 1029203,Wildfires,2026-06-25 19:00:00+00:00,-117.6470393668998,65.16096247036415,https://www.gdacs.org/report.aspx?eventtype=WF&eventid=1029203,Wildfires,disaster
EONET_20842,Wildfire in Canada 1029204,Wildfires,2026-06-25 19:00:00+00:00,-112.9011608783186,60.14898008120636,https://www.gdacs.org/report.aspx?eventtype=WF&eventid=1029204,Wildfires,disaster
EONET_20866,Wildfire in Canada 1029226,Wildfires,2026-06-25 19:00:00+00:00,-101.5835959994762,58.99123140972444,https://www.gdacs.org/report.aspx?eventtype=WF&eventid=1029226,Wildfires,disaster
EONET_20867,Wildfire in The Democratic Republic of Congo 1029216,Wildfires,2026-06-25 19:00:00+00:00,22.86078189561143,-7.825597864322511,https://www.gdacs.org/report.aspx?eventtype=WF&eventid=1029216,Wildfires,disaster
EONET_20890,Wildfire in Canada 1029228,Wildfires,2026-06-25 19:00:00+00:00,-103.39194562279424,57.3734615739991,https://www.gdacs.org/report.aspx?eventtype=WF&eventid=1029228,Wildfires,disaster
EONET_20891,Wildfire in Canada 1029233,Wildfires,2026-06-25 19:00:00+00:00,-79.05122483551196,50.105914519358265,https://www.gdacs.org/report.aspx?eventtype=WF&eventid=1029233,Wildfires,disaster
EONET_20892,Wildfire in Canada 1029238,Wildfires,2026-06-25 19:00:00+00:00,-78.95122995905719,50.885316450310825,https://www.gdacs.org/report.aspx?eventtype=WF&eventid=1029238,Wildfires,disaster
EONET_20893,Wildfire in Canada 1029239,Wildfires,2026-06-25 19:00:00+00:00,-100.01497858435296,59.3861798110735,https://www.gdacs.org/report.aspx?eventtype=WF&eventid=1029239,Wildfires,disaster
EONET_20913,Wildfire in Canada 1029257,Wildfires,2026-06-25 19:00:00+00:00,-101.03673016208148,58.72099712200141,https://www.gdacs.org/report.aspx?eventtype=WF&eventid=1029257,Wildfires,disaster
EONET_20914,Wildfire in Canada 1029258,Wildfires,2026-06-25 19:00:00+00:00,-117.15645335958116,65.57462432717293,https://www.gdacs.org/report.aspx?eventtype=WF&eventid=1029258,Wildfires,disaster
EONET_20915,Wildfire in Canada 1029255,Wildfires,2026-06-25 19:00:00+00:00,-102.6667304830326,59.3080358195424,https://www.gdacs.org/report.aspx?eventtype=WF&eventid=1029255,Wildfires,disaster
EONET_20916,Wildfire in Canada 1029266,Wildfires,2026-06-25 19:00:00+00:00,-103.05756334951928,56.11247925075964,https://www.gdacs.org/report.aspx?eventtype=WF&eventid=1029266,Wildfires,disaster
EONET_20917,Wildfire in Australia 1029267,Wildfires,2026-06-25 19:00:00+00:00,142.51824801107438,-13.10030705762607,https://www.gdacs.org/report.aspx?eventtype=WF&eventid=1029267,Wildfires,disaster
EONET_20950,Wildfire in The Democratic Republic of Congo 1029277,Wildfires,2026-06-25 19:00:00+00:00,24.51822541249453,-4.084320947756844,https://www.gdacs.org/report.aspx?eventtype=WF&eventid=1029277,Wildfires,disaster
EONET_20951,Wildfire in Canada 1029298,Wildfires,2026-06-25 19:00:00+00:00,-101.41931036403992,57.564160810170904,https://www.gdacs.org/report.aspx?eventtype=WF&eventid=1029298,Wildfires,disaster
EONET_20952,Wildfire in Canada 1029283,Wildfires,2026-06-25 19:00:00+00:00,-100.69199137268436,60.28100499176543,https://www.gdacs.org/report.aspx?eventtype=WF&eventid=1029283,Wildfires,disaster
EONET_20974,Wildfire in Canada 1029315,Wildfires,2026-06-25 19:00:00+00:00,-99.6151845389662,59.96740850696696,https://www.gdacs.org/report.aspx?eventtype=WF&eventid=1029315,Wildfires,disaster
EONET_20975,Wildfire in Canada 1029316,Wildfires,2026-06-25 19:00:00+00:00,-97.92629914486707,57.579495772562915,https://www.gdacs.org/report.aspx?eventtype=WF&eventid=1029316,Wildfires,disaster
EONET_20992,Wildfire in Russian Federation 1029321,Wildfires,2026-06-25 19:00:00+00:00,81.24393406358142,63.061368852594086,https://www.gdacs.org/report.aspx?eventtype=WF&eventid=1029321,Wildfires,disaster
EONET_20993,Wildfire in The Democratic Republic of Congo 1029324,Wildfires,2026-06-25 19:00:00+00:00,18.930648271832847,-7.18904979177264,https://www.gdacs.org/report.aspx?eventtype=WF&eventid=1029324,Wildfires,disaster
EONET_21156,Wildfire in The Democratic Republic of Congo 1029344,Wildfires,2026-06-25 19:00:00+00:00,27.02417425134,-6.7352649068634,https://www.gdacs.org/report.aspx?eventtype=WF&eventid=1029344,Wildfires,disaster
EONET_21157,Wildfire in Russian Federation 1029357,Wildfires,2026-06-25 19:00:00+00:00,83.050104527042,62.397915326213,https://www.gdacs.org/report.aspx?eventtype=WF&eventid=1029357,Wildfires,disaster
EONET_21227,Wildfire in Bolivia 1029413,Wildfires,2026-06-25 19:00:00+00:00,-59.565877075534,-16.390284314804,https://www.gdacs.org/report.aspx?eventtype=WF&eventid=1029413,Wildfires,disaster
EONET_21228,Wildfire in Australia 1029414,Wildfires,2026-06-25 19:00:00+00:00,132.58280537892,-11.275539395375,https://www.gdacs.org/report.aspx?eventtype=WF&eventid=1029414,Wildfires,disaster
EONET_21270,Wildfire in Angola 1029439,Wildfires,2026-06-25 19:00:00+00:00,18.3423683782,-9.6728741894032,https://www.gdacs.org/report.aspx?eventtype=WF&eventid=1029439,Wildfires,disaster
EONET_21036,"Wildfire Parsnip Peak, Lincoln, Nevada",Wildfires,2026-06-25 14:41:00+00:00,-114.293,38.083333,https://irwin.doi.gov/observer/incidents/2026-NVELD-040135,Wildfires,disaster
EONET_21056,"Wildfire Kilusiktok, Nome, Alaska",Wildfires,2026-06-25 12:23:00+00:00,-159.667333,65.332833,https://irwin.doi.gov/observer/incidents/2026-AKGAD-000296,Wildfires,disaster
EONET_20822,Iceberg D33D,Sea and Lake Ice,2026-06-25 00:00:00+00:00,-55.51,-64.35,https://usicecenter.gov/pub/Iceberg_Tabular.csv,Sea and Lake Ice,disaster
EONET_20822,Iceberg D33D,Sea and Lake Ice,2026-07-23 00:00:00+00:00,-55.47,-63.78,https://usicecenter.gov/pub/Iceberg_Tabular.csv,Sea and Lake Ice,disaster
EONET_20882,Flood in Vietnam 1103992,Floods,2026-06-24 20:00:00+00:00,106.1060926,22.7426936,https://www.gdacs.org/report.aspx?eventtype=FL&eventid=1103992,Floods,disaster
EONET_20739,Wildfire in The Democratic Republic of Congo 1029112,Wildfires,2026-06-24 19:00:00+00:00,27.082105187840963,-8.748168183686138,https://www.gdacs.org/report.aspx?eventtype=WF&eventid=1029112,Wildfires,disaster
EONET_20740,Wildfire in Australia 1029114,Wildfires,2026-06-24 19:00:00+00:00,131.29109973541776,-13.056166071655744,https://www.gdacs.org/report.aspx?eventtype=WF&eventid=1029114,Wildfires,disaster
EONET_20765,Wildfire in The Democratic Republic of Congo 1029121,Wildfires,2026-06-24 19:00:00+00:00,26.442573085877232,-6.326821824359799,https://www.gdacs.org/report.aspx?eventtype=WF&eventid=1029121,Wildfires,disaster
EONET_20766,Wildfire in Canada 1029139,Wildfires,2026-06-24 19:00:00+00:00,-99.09136401479392,55.65646117030281,https://www.gdacs.org/report.aspx?eventtype=WF&eventid=1029139,Wildfires,disaster
EONET_20767,Wildfire in Canada 1029140,Wildfires,2026-06-24 19:00:00+00:00,-106.68014619366863,58.45472701036584,https://www.gdacs.org/report.aspx?eventtype=WF&eventid=1029140,Wildfires,disaster
EONET_20768,Wildfire in Canada 1029147,Wildfires,2026-06-24 19:00:00+00:00,-98.79264893786964,55.44590390348008,https://www.gdacs.org/report.aspx?eventtype=WF&eventid=1029147,Wildfires,disaster
EONET_20769,Wildfire in Australia 1029148,Wildfires,2026-06-24 19:00:00+00:00,137.12545992351193,-17.787203230678177,https://www.gdacs.org/report.aspx?eventtype=WF&eventid=1029148,Wildfires,disaster
EONET_20805,Wildfire in Tanzania 1029157,Wildfires,2026-06-24 19:00:00+00:00,31.31466134653309,-4.441224267039434,https://www.gdacs.org/report.aspx?eventtype=WF&eventid=1029157,Wildfires,disaster
EONET_20806,Wildfire in Canada 1029172,Wildfires,2026-06-24 19:00:00+00:00,-117.50760519851676,65.66101903632621,https://www.gdacs.org/report.aspx?eventtype=WF&eventid=1029172,Wildfires,disaster
EONET_20807,Wildfire in Canada 1029160,Wildfires,2026-06-24 19:00:00+00:00,-117.20632650944698,65.13835436625597,https://www.gdacs.org/report.aspx?eventtype=WF&eventid=1029160,Wildfires,disaster
EONET_20808,Wildfire in Canada 1029168,Wildfires,2026-06-24 19:00:00+00:00,-114.79977201611452,59.47621161297169,https://www.gdacs.org/report.aspx?eventtype=WF&eventid=1029168,Wildfires,disaster
EONET_20809,Wildfire in Canada 1029177,Wildfires,2026-06-24 19:00:00+00:00,-119.43730506202772,65.52172929147739,https://www.gdacs.org/report.aspx?eventtype=WF&eventid=1029177,Wildfires,disaster
EONET_20843,Wildfire in Canada 1029205,Wildfires,2026-06-24 19:00:00+00:00,-102.92737507482737,59.43371806657526,https://www.gdacs.org/report.aspx?eventtype=WF&eventid=1029205,Wildfires,disaster
EONET_20844,Wildfire in Canada 1029210,Wildfires,2026-06-24 19:00:00+00:00,-101.97864306830942,58.12875564948522,https://www.gdacs.org/report.aspx?eventtype=WF&eventid=1029210,Wildfires,disaster
EONET_20845,Wildfire in Canada 1029211,Wildfires,2026-06-24 19:00:00+00:00,-103.77529554391222,58.73359981042132,https://www.gdacs.org/report.aspx?eventtype=WF&eventid=1029211,Wildfires,disaster
EONET_20868,Wildfire in Tanzania 1029217,Wildfires,2026-06-24 19:00:00+00:00,35.04493215101438,-2.483207313448213,https://www.gdacs.org/report.aspx?eventtype=WF&eventid=1029217,Wildfires,disaster
EONET_20869,Wildfire in Canada 1029213,Wildfires,2026-06-24 19:00:00+00:00,-115.5107104666898,64.78463449725213,https://www.gdacs.org/report.aspx?eventtype=WF&eventid=1029213,Wildfires,disaster
EONET_20870,Wildfire in Canada 1029227,Wildfires,2026-06-24 19:00:00+00:00,-67.88607685735688,56.34762299375651,https://www.gdacs.org/report.aspx?eventtype=WF&eventid=1029227,Wildfires,disaster
EONET_20871,Wildfire in The Democratic Republic of Congo 1029218,Wildfires,2026-06-24 19:00:00+00:00,16.20254582587479,-4.865998982035415,https://www.gdacs.org/report.aspx?eventtype=WF&eventid=1029218,Wildfires,disaster
EONET_20918,Wildfire in Angola 1029246,Wildfires,2026-06-24 19:00:00+00:00,20.796578462570732,-8.976423439975319,https://www.gdacs.org/report.aspx?eventtype=WF&eventid=1029246,Wildfires,disaster
EONET_20919,Wildfire in Canada 1029242,Wildfires,2026-06-24 19:00:00+00:00,-103.76303974081009,58.91439500535924,https://www.gdacs.org/report.aspx?eventtype=WF&eventid=1029242,Wildfires,disaster
EONET_20920,Wildfire in Russian Federation 1029247,Wildfires,2026-06-24 19:00:00+00:00,86.56659638798551,62.5141200014834,https://www.gdacs.org/report.aspx?eventtype=WF&eventid=1029247,Wildfires,disaster
EONET_20953,Wildfire in Canada 1029284,Wildfires,2026-06-24 19:00:00+00:00,-99.2546370661116,58.087417817728976,https://www.gdacs.org/report.aspx?eventtype=WF&eventid=1029284,Wildfires,disaster
EONET_20976,Wildfire in Angola 1029307,Wildfires,2026-06-24 19:00:00+00:00,18.46104428714652,-9.891520324680055,https://www.gdacs.org/report.aspx?eventtype=WF&eventid=1029307,Wildfires,disaster
EONET_20994,Wildfire in The Democratic Republic of Congo 1029325,Wildfires,2026-06-24 19:00:00+00:00,20.006481655800567,-6.765425173569405,https://www.gdacs.org/report.aspx?eventtype=WF&eventid=1029325,Wildfires,disaster
EONET_21158,Wildfire in The Democratic Republic of Congo 1029345,Wildfires,2026-06-24 19:00:00+00:00,28.732289571401,-7.9308934980387,https://www.gdacs.org/report.aspx?eventtype=WF&eventid=1029345,Wildfires,disaster
EONET_21068,"Wildfire Mud, Yukon-Koyukuk, Alaska",Wildfires,2026-06-24 16:07:00+00:00,-157.622817,64.16785,https://irwin.doi.gov/observer/incidents/2026-AKGAD-000287,Wildfires,disaster
EONET_21101,"Wildfire AREA 2, Palm Beach, Florida",Wildfires,2026-06-24 14:53:00+00:00,-80.4602778,26.4113889,https://irwin.doi.gov/observer/incidents/2026-FLFLS-261800098,Wildfires,disaster
EONET_21104,"Wildfire Lox Mutual Aid 06/24, Broward, Florida",Wildfires,2026-06-24 13:03:00+00:00,-80.51182,26.310827,https://irwin.doi.gov/observer/incidents/2026-FLLXR-002007,Wildfires,disaster
EONET_21093,"Wildfire Platt Trap  (22), Glades, Florida",Wildfires,2026-06-24 09:40:00+00:00,-81.1741667,26.9361111,https://irwin.doi.gov/observer/incidents/2026-FLFLS-261600476,Wildfires,disaster
EONET_21009,"Wildfire McCauley Springs, Sandoval, New Mexico",Wildfires,2026-06-24 09:00:00+00:00,-106.626,35.827218,https://irwin.doi.gov/observer/incidents/2026-NMSNF-000312,Wildfires,disaster
EONET_21086,"Wildfire Orange Hammock (58), Sarasota, Florida",Wildfires,2026-06-23 21:59:00+00:00,-82.085,27.0902778,https://irwin.doi.gov/observer/incidents/2026-FLFLS-261500419,Wildfires,disaster
EONET_20736,Flood in Myanmar 1103975,Floods,2026-06-23 20:00:00+00:00,96.0263532,19.91049,https://www.gdacs.org/report.aspx?eventtype=FL&eventid=1103975,Floods,disaster
EONET_20926,Flood in Japan 1103993,Floods,2026-06-23 20:00:00+00:00,130.6341345,32.6450475,https://www.gdacs.org/report.aspx?eventtype=FL&eventid=1103993,Floods,disaster
EONET_20694,Wildfire in Australia 1029070,Wildfires,2026-06-23 19:00:00+00:00,134.8580100035355,-15.176702797573558,https://www.gdacs.org/report.aspx?eventtype=WF&eventid=1029070,Wildfires,disaster
EONET_20713,Wildfire in Angola 1029075,Wildfires,2026-06-23 19:00:00+00:00,21.431925077691595,-8.73778473699811,https://www.gdacs.org/report.aspx?eventtype=WF&eventid=1029075,Wildfires,disaster
EONET_20714,Wildfire in Australia 1029092,Wildfires,2026-06-23 19:00:00+00:00,130.21613084656167,-13.707298870541324,https://www.gdacs.org/report.aspx?eventtype=WF&eventid=1029092,Wildfires,disaster
EONET_20715,Wildfire in Australia 1029073,Wildfires,2026-06-23 19:00:00+00:00,132.3345422698933,-13.455292642878687,https://www.gdacs.org/report.aspx?eventtype=WF&eventid=1029073,Wildfires,disaster
EONET_20716,Wildfire in Australia 1029074,Wildfires,2026-06-23 19:00:00+00:00,133.07161745517203,-12.0708104801376,https://www.gdacs.org/report.aspx?eventtype=WF&eventid=1029074,Wildfires,disaster
EONET_20741,Wildfire in Australia 1029115,Wildfires,2026-06-23 19:00:00+00:00,130.11272656454548,-13.924397713242616,https://www.gdacs.org/report.aspx?eventtype=WF&eventid=1029115,Wildfires,disaster
EONET_20742,Wildfire in Australia 1029116,Wildfires,2026-06-23 19:00:00+00:00,132.10525075122115,-13.387891975198292,https://www.gdacs.org/report.aspx?eventtype=WF&eventid=1029116,Wildfires,disaster
EONET_20770,Wildfire in Russian Federation 1029149,Wildfires,2026-06-23 19:00:00+00:00,81.57162473885148,63.22744893856397,https://www.gdacs.org/report.aspx?eventtype=WF&eventid=1029149,Wildfires,disaster
EONET_20771,Wildfire in Russian Federation 1029150,Wildfires,2026-06-23 19:00:00+00:00,125.83750001110684,55.336338256975225,https://www.gdacs.org/report.aspx?eventtype=WF&eventid=1029150,Wildfires,disaster
EONET_20772,Wildfire in Australia 1029151,Wildfires,2026-06-23 19:00:00+00:00,141.81223233115696,-13.744549385159631,https://www.gdacs.org/report.aspx?eventtype=WF&eventid=1029151,Wildfires,disaster
EONET_20773,Wildfire in Canada 1029141,Wildfires,2026-06-23 19:00:00+00:00,-72.92580981100642,53.84899232221059,https://www.gdacs.org/report.aspx?eventtype=WF&eventid=1029141,Wildfires,disaster
EONET_20774,Wildfire in Tanzania 1029122,Wildfires,2026-06-23 19:00:00+00:00,31.983245915594622,-7.531943514746287,https://www.gdacs.org/report.aspx?eventtype=WF&eventid=1029122,Wildfires,disaster
EONET_20810,Wildfire in Canada 1029178,Wildfires,2026-06-23 19:00:00+00:00,-72.40337168963732,54.063154594344205,https://www.gdacs.org/report.aspx?eventtype=WF&eventid=1029178,Wildfires,disaster
EONET_20811,Wildfire in Russian Federation 1029179,Wildfires,2026-06-23 19:00:00+00:00,122.4923160330398,55.494795011376446,https://www.gdacs.org/report.aspx?eventtype=WF&eventid=1029179,Wildfires,disaster
EONET_20812,Wildfire in The Democratic Republic of Congo 1029161,Wildfires,2026-06-23 19:00:00+00:00,26.572951674999615,-5.795238833669102,https://www.gdacs.org/report.aspx?eventtype=WF&eventid=1029161,Wildfires,disaster
EONET_20813,Wildfire in Canada 1029158,Wildfires,2026-06-23 19:00:00+00:00,-122.28526734494508,61.795566818334926,https://www.gdacs.org/report.aspx?eventtype=WF&eventid=1029158,Wildfires,disaster
EONET_20846,Wildfire in Canada 1029207,Wildfires,2026-06-23 19:00:00+00:00,-118.9905980372872,65.67661204464517,https://www.gdacs.org/report.aspx?eventtype=WF&eventid=1029207,Wildfires,disaster
EONET_20847,Wildfire in Australia 1029212,Wildfires,2026-06-23 19:00:00+00:00,126.18339472141768,-14.476041200160806,https://www.gdacs.org/report.aspx?eventtype=WF&eventid=1029212,Wildfires,disaster
EONET_20848,Wildfire in Tanzania 1029184,Wildfires,2026-06-23 19:00:00+00:00,30.857801464135985,-6.853720603429325,https://www.gdacs.org/report.aspx?eventtype=WF&eventid=1029184,Wildfires,disaster
EONET_20849,Wildfire in Canada 1029206,Wildfires,2026-06-23 19:00:00+00:00,-103.8655001360441,61.31650240801666,https://www.gdacs.org/report.aspx?eventtype=WF&eventid=1029206,Wildfires,disaster
EONET_20894,Wildfire in The Democratic Republic of Congo 1029231,Wildfires,2026-06-23 19:00:00+00:00,26.189376537093978,-5.6136491478262,https://www.gdacs.org/report.aspx?eventtype=WF&eventid=1029231,Wildfires,disaster
EONET_20921,Wildfire in Canada 1029248,Wildfires,2026-06-23 19:00:00+00:00,-113.51448583280172,60.24767379629001,https://www.gdacs.org/report.aspx?eventtype=WF&eventid=1029248,Wildfires,disaster
EONET_20922,Wildfire in United States 1029259,Wildfires,2026-06-23 19:00:00+00:00,-108.63472570916686,33.314762963946215,https://www.gdacs.org/report.aspx?eventtype=WF&eventid=1029259,Wildfires,disaster
EONET_20954,Wildfire in The Democratic Republic of Congo 1029278,Wildfires,2026-06-23 19:00:00+00:00,19.04073882298844,-7.217458828622345,https://www.gdacs.org/report.aspx?eventtype=WF&eventid=1029278,Wildfires,disaster
EONET_20955,"Wildfire in The Democratic Republic of Congo, Zambia 1029270",Wildfires,2026-06-23 19:00:00+00:00,28.780391916641076,-12.954269221750952,https://www.gdacs.org/report.aspx?eventtype=WF&eventid=1029270,Wildfires,disaster
EONET_20977,Wildfire in The Democratic Republic of Congo 1029308,Wildfires,2026-06-23 19:00:00+00:00,27.127918682670053,-6.776581623984634,https://www.gdacs.org/report.aspx?eventtype=WF&eventid=1029308,Wildfires,disaster
EONET_21159,Wildfire in The Democratic Republic of Congo 1029346,Wildfires,2026-06-23 19:00:00+00:00,24.092669171627,-3.7094747794155,https://www.gdacs.org/report.aspx?eventtype=WF&eventid=1029346,Wildfires,disaster
EONET_21187,Wildfire in Australia 1029385,Wildfires,2026-06-23 19:00:00+00:00,130.53055315474,-11.362283701793,https://www.gdacs.org/report.aspx?eventtype=WF&eventid=1029385,Wildfires,disaster
EONET_21188,Wildfire in The Democratic Republic of Congo 1029369,Wildfires,2026-06-23 19:00:00+00:00,26.825768723985,-6.8285012788698,https://www.gdacs.org/report.aspx?eventtype=WF&eventid=1029369,Wildfires,disaster
EONET_21229,Wildfire in The Democratic Republic of Congo 1029405,Wildfires,2026-06-23 19:00:00+00:00,23.508374031775,-3.6963445219658,https://www.gdacs.org/report.aspx?eventtype=WF&eventid=1029405,Wildfires,disaster
EONET_21230,Wildfire in The Democratic Republic of Congo 1029406,Wildfires,2026-06-23 19:00:00+00:00,23.768925732815,-3.2473898994676,https://www.gdacs.org/report.aspx?eventtype=WF&eventid=1029406,Wildfires,disaster
EONET_21016,"Wildfire Kinky Creek, Teton, Wyoming",Wildfires,2026-06-23 17:59:00+00:00,-110.221765,43.428487,https://irwin.doi.gov/observer/incidents/2026-WYBTF-002606,Wildfires,disaster
EONET_21023,"Wildfire CANYON VENADO, Torrance, New Mexico",Wildfires,2026-06-23 16:21:00+00:00,-105.585484,34.998876,https://irwin.doi.gov/observer/incidents/2026-NMN6S-000349,Wildfires,disaster
EONET_21088,"Wildfire Wagon Wheel, Baca, Colorado",Wildfires,2026-06-23 03:03:00+00:00,-103.072,37.226833,https://irwin.doi.gov/observer/incidents/2026-COPSF-001053,Wildfires,disaster
EONET_20671,Tropical Storm Higos,Severe Storms,2026-06-23 00:00:00+00:00,145.7,14.7,https://www.metoc.navy.mil/jtwc/products/wp0826.tcw,Severe Storms,disaster
EONET_20671,Tropical Storm Higos,Severe Storms,2026-06-23 06:00:00+00:00,144.8,14.7,https://www.metoc.navy.mil/jtwc/products/wp0826.tcw,Severe Storms,disaster
EONET_20671,Tropical Storm Higos,Severe Storms,2026-06-23 12:00:00+00:00,143.9,14.8,https://www.metoc.navy.mil/jtwc/products/wp0826.tcw,Severe Storms,disaster
EONET_20671,Tropical Storm Higos,Severe Storms,2026-06-23 18:00:00+00:00,142.8,14.9,https://www.metoc.navy.mil/jtwc/products/wp0826.tcw,Severe Storms,disaster
EONET_20671,Tropical Storm Higos,Severe Storms,2026-06-24 00:00:00+00:00,141.9,15.1,https://www.metoc.navy.mil/jtwc/products/wp0826.tcw,Severe Storms,disaster
EONET_20671,Tropical Storm Higos,Severe Storms,2026-06-24 06:00:00+00:00,140.8,15.7,https://www.metoc.navy.mil/jtwc/products/wp0826.tcw,Severe Storms,disaster
EONET_20671,Tropical Storm Higos,Severe Storms,2026-06-24 12:00:00+00:00,139.7,16.3,https://www.metoc.navy.mil/jtwc/products/wp0826.tcw,Severe Storms,disaster
EONET_20671,Tropical Storm Higos,Severe Storms,2026-06-24 18:00:00+00:00,138.5,17.0,https://www.metoc.navy.mil/jtwc/products/wp0826.tcw,Severe Storms,disaster
EONET_20671,Tropical Storm Higos,Severe Storms,2026-06-25 00:00:00+00:00,137.6,17.8,https://www.metoc.navy.mil/jtwc/products/wp0826.tcw,Severe Storms,disaster
EONET_20671,Tropical Storm Higos,Severe Storms,2026-06-25 06:00:00+00:00,135.5,19.7,https://www.metoc.navy.mil/jtwc/products/wp0826.tcw,Severe Storms,disaster
EONET_20671,Tropical Storm Higos,Severe Storms,2026-06-25 12:00:00+00:00,135.0,21.2,https://www.metoc.navy.mil/jtwc/products/wp0826.tcw,Severe Storms,disaster
EONET_20671,Tropical Storm Higos,Severe Storms,2026-06-25 18:00:00+00:00,134.1,22.4,https://www.metoc.navy.mil/jtwc/products/wp0826.tcw,Severe Storms,disaster
EONET_20671,Tropical Storm Higos,Severe Storms,2026-06-26 00:00:00+00:00,133.6,25.0,https://www.metoc.navy.mil/jtwc/products/wp0826.tcw,Severe Storms,disaster
EONET_20671,Tropical Storm Higos,Severe Storms,2026-06-26 06:00:00+00:00,134.6,28.4,https://www.metoc.navy.mil/jtwc/products/wp0826.tcw,Severe Storms,disaster
EONET_20671,Tropical Storm Higos,Severe Storms,2026-06-26 12:00:00+00:00,136.1,31.8,https://www.metoc.navy.mil/jtwc/products/wp0826.tcw,Severe Storms,disaster
EONET_20671,Tropical Storm Higos,Severe Storms,2026-06-26 18:00:00+00:00,137.5,34.0,https://www.metoc.navy.mil/jtwc/products/wp0826.tcw,Severe Storms,disaster
EONET_20671,Tropical Storm Higos,Severe Storms,2026-06-27 00:00:00+00:00,142.9,36.4,https://www.metoc.navy.mil/jtwc/products/wp0826.tcw,Severe Storms,disaster
EONET_20693,Flood in India 1103972,Floods,2026-06-22 20:00:00+00:00,72.9257184,19.114541,https://www.gdacs.org/report.aspx?eventtype=FL&eventid=1103972,Floods,disaster
EONET_20711,Flood in Bulgaria 1103973,Floods,2026-06-22 20:00:00+00:00,24.39821,43.64638,https://www.gdacs.org/report.aspx?eventtype=FL&eventid=1103973,Floods,disaster
EONET_20712,Flood in The Republic of North Macedonia 1103974,Floods,2026-06-22 20:00:00+00:00,21.3302511,41.0316005,https://www.gdacs.org/report.aspx?eventtype=FL&eventid=1103974,Floods,disaster
EONET_20653,Wildfire in Australia 1029030,Wildfires,2026-06-22 19:00:00+00:00,135.46190866838072,-15.75861744799452,https://www.gdacs.org/report.aspx?eventtype=WF&eventid=1029030,Wildfires,disaster
EONET_20654,Wildfire in Australia 1029031,Wildfires,2026-06-22 19:00:00+00:00,129.92372122183687,-13.59120422481217,https://www.gdacs.org/report.aspx?eventtype=WF&eventid=1029031,Wildfires,disaster
EONET_20655,Wildfire in United States 1029032,Wildfires,2026-06-22 19:00:00+00:00,-112.46922640617332,38.27339457096819,https://www.gdacs.org/report.aspx?eventtype=WF&eventid=1029032,Wildfires,disaster
EONET_20674,Wildfire in Syrian Arab Republic 1029038,Wildfires,2026-06-22 19:00:00+00:00,41.072866343309215,36.93566564968834,https://www.gdacs.org/report.aspx?eventtype=WF&eventid=1029038,Wildfires,disaster
EONET_20675,Wildfire in Australia 1029048,Wildfires,2026-06-22 19:00:00+00:00,135.69625426618575,-16.00775029072823,https://www.gdacs.org/report.aspx?eventtype=WF&eventid=1029048,Wildfires,disaster
EONET_20676,Wildfire in Australia 1029051,Wildfires,2026-06-22 19:00:00+00:00,130.14663943909088,-13.530344060397097,https://www.gdacs.org/report.aspx?eventtype=WF&eventid=1029051,Wildfires,disaster
EONET_20695,Wildfire in Brazil 1029068,Wildfires,2026-06-22 19:00:00+00:00,-53.29245485567946,-9.942006539050684,https://www.gdacs.org/report.aspx?eventtype=WF&eventid=1029068,Wildfires,disaster
EONET_20717,Wildfire in Australia 1029076,Wildfires,2026-06-22 19:00:00+00:00,130.26418471518778,-13.56300063752948,https://www.gdacs.org/report.aspx?eventtype=WF&eventid=1029076,Wildfires,disaster
EONET_20718,Wildfire in Australia 1029077,Wildfires,2026-06-22 19:00:00+00:00,133.22660599776344,-14.277634879289648,https://www.gdacs.org/report.aspx?eventtype=WF&eventid=1029077,Wildfires,disaster
EONET_20743,Wildfire in Canada 1029110,Wildfires,2026-06-22 19:00:00+00:00,-72.7111431739108,54.30414747764325,https://www.gdacs.org/report.aspx?eventtype=WF&eventid=1029110,Wildfires,disaster
EONET_20744,Wildfire in Australia 1029097,Wildfires,2026-06-22 19:00:00+00:00,142.70066965104837,-12.397704112318207,https://www.gdacs.org/report.aspx?eventtype=WF&eventid=1029097,Wildfires,disaster
EONET_20775,Wildfire in Angola 1029123,Wildfires,2026-06-22 19:00:00+00:00,21.398377873375107,-9.450850275413202,https://www.gdacs.org/report.aspx?eventtype=WF&eventid=1029123,Wildfires,disaster
EONET_20776,Wildfire in Canada 1029142,Wildfires,2026-06-22 19:00:00+00:00,-71.20088729882926,55.10725038163808,https://www.gdacs.org/report.aspx?eventtype=WF&eventid=1029142,Wildfires,disaster
EONET_20814,Wildfire in Canada 1029169,Wildfires,2026-06-22 19:00:00+00:00,-76.41249416517552,54.73358538434072,https://www.gdacs.org/report.aspx?eventtype=WF&eventid=1029169,Wildfires,disaster
EONET_20815,Wildfire in Russian Federation 1029173,Wildfires,2026-06-22 19:00:00+00:00,124.49928952161518,57.137790379489545,https://www.gdacs.org/report.aspx?eventtype=WF&eventid=1029173,Wildfires,disaster
EONET_20872,Wildfire in The Democratic Republic of Congo 1029219,Wildfires,2026-06-22 19:00:00+00:00,23.32657538988753,-2.364118683956616,https://www.gdacs.org/report.aspx?eventtype=WF&eventid=1029219,Wildfires,disaster
EONET_20873,Wildfire in Angola 1029220,Wildfires,2026-06-22 19:00:00+00:00,19.90796642362726,-7.083895061043452,https://www.gdacs.org/report.aspx?eventtype=WF&eventid=1029220,Wildfires,disaster
EONET_20895,Wildfire in Angola 1029232,Wildfires,2026-06-22 19:00:00+00:00,18.0146564934512,-9.367682433613815,https://www.gdacs.org/report.aspx?eventtype=WF&eventid=1029232,Wildfires,disaster
EONET_20923,Wildfire in The Democratic Republic of Congo 1029249,Wildfires,2026-06-22 19:00:00+00:00,28.682528719727348,-8.207813369477028,https://www.gdacs.org/report.aspx?eventtype=WF&eventid=1029249,Wildfires,disaster
EONET_20956,Wildfire in The Democratic Republic of Congo 1029279,Wildfires,2026-06-22 19:00:00+00:00,23.460795542743515,-3.607249374717445,https://www.gdacs.org/report.aspx?eventtype=WF&eventid=1029279,Wildfires,disaster
EONET_20978,Wildfire in Angola 1029309,Wildfires,2026-06-22 19:00:00+00:00,18.26255622657384,-8.942163795412958,https://www.gdacs.org/report.aspx?eventtype=WF&eventid=1029309,Wildfires,disaster
EONET_21025,"Wildfire Cottonwood, Beaver, Utah",Wildfires,2026-06-22 18:49:00+00:00,-112.550767,38.26975,https://irwin.doi.gov/observer/incidents/2026-UTFIF-260198,Wildfires,disaster
EONET_21091,"Wildfire LYTLE, Malheur, Oregon",Wildfires,2026-06-22 17:01:00+00:00,-117.178802,43.908947,https://irwin.doi.gov/observer/incidents/2026-ORVAD-260105,Wildfires,disaster
EONET_21028,"Wildfire Sacaton, Catron, New Mexico",Wildfires,2026-06-22 11:22:00+00:00,-108.6735,33.274833,https://irwin.doi.gov/observer/incidents/2026-NMGNF-000354,Wildfires,disaster
EONET_21092,"Wildfire Buffalo, Southeast Fairbanks, Alaska",Wildfires,2026-06-21 23:39:00+00:00,-146.008333,63.9195,https://irwin.doi.gov/observer/incidents/2026-AKMID-000263,Wildfires,disaster
EONET_21052,"Wildfire GARRED ROAD, Douglas, Washington",Wildfires,2026-06-21 22:09:00+00:00,-119.371668,47.6388,https://irwin.doi.gov/observer/incidents/2026-WAWFS-260260,Wildfires,disaster
EONET_20650,Flood in Hungary 1103967,Floods,2026-06-21 20:00:00+00:00,20.1946279,47.1753833,https://www.gdacs.org/report.aspx?eventtype=FL&eventid=1103967,Floods,disaster
EONET_20637,Wildfire in Australia 1029016,Wildfires,2026-06-21 19:00:00+00:00,142.53827387433876,-12.808622703213054,https://www.gdacs.org/report.aspx?eventtype=WF&eventid=1029016,Wildfires,disaster
EONET_20656,Wildfire in Australia 1029033,Wildfires,2026-06-21 19:00:00+00:00,133.16413507178746,-12.16207064547598,https://www.gdacs.org/report.aspx?eventtype=WF&eventid=1029033,Wildfires,disaster
EONET_20677,Wildfire in Australia 1029052,Wildfires,2026-06-21 19:00:00+00:00,134.96311774689838,-13.780189502750906,https://www.gdacs.org/report.aspx?eventtype=WF&eventid=1029052,Wildfires,disaster
EONET_20719,Wildfire in Canada 1029093,Wildfires,2026-06-21 19:00:00+00:00,-102.01147809772186,55.279195144915654,https://www.gdacs.org/report.aspx?eventtype=WF&eventid=1029093,Wildfires,disaster
EONET_20745,Wildfire in Angola 1029100,Wildfires,2026-06-21 19:00:00+00:00,20.301920064862443,-7.341491941529907,https://www.gdacs.org/report.aspx?eventtype=WF&eventid=1029100,Wildfires,disaster
EONET_20746,Wildfire in Russian Federation 1029117,Wildfires,2026-06-21 19:00:00+00:00,85.82225896568377,62.85061495722907,https://www.gdacs.org/report.aspx?eventtype=WF&eventid=1029117,Wildfires,disaster
EONET_20777,Wildfire in Angola 1029124,Wildfires,2026-06-21 19:00:00+00:00,22.226112884428993,-12.002485374740631,https://www.gdacs.org/report.aspx?eventtype=WF&eventid=1029124,Wildfires,disaster
EONET_20778,Wildfire in The Democratic Republic of Congo 1029125,Wildfires,2026-06-21 19:00:00+00:00,19.379841434432652,-7.31270807088035,https://www.gdacs.org/report.aspx?eventtype=WF&eventid=1029125,Wildfires,disaster
EONET_20816,Wildfire in Brazil 1029170,Wildfires,2026-06-21 19:00:00+00:00,-50.11831557037748,-10.398237268228176,https://www.gdacs.org/report.aspx?eventtype=WF&eventid=1029170,Wildfires,disaster
EONET_20817,Wildfire in Russian Federation 1029174,Wildfires,2026-06-21 19:00:00+00:00,131.06027010292016,54.85986727643824,https://www.gdacs.org/report.aspx?eventtype=WF&eventid=1029174,Wildfires,disaster
EONET_20850,Wildfire in The Democratic Republic of Congo 1029185,Wildfires,2026-06-21 19:00:00+00:00,26.46423195290244,-6.4803457661644295,https://www.gdacs.org/report.aspx?eventtype=WF&eventid=1029185,Wildfires,disaster
EONET_20851,Wildfire in The Democratic Republic of Congo 1029190,Wildfires,2026-06-21 19:00:00+00:00,18.625220941416817,-6.933384332796755,https://www.gdacs.org/report.aspx?eventtype=WF&eventid=1029190,Wildfires,disaster
EONET_20852,Wildfire in The Democratic Republic of Congo 1029189,Wildfires,2026-06-21 19:00:00+00:00,23.52715948306224,-3.391224368941448,https://www.gdacs.org/report.aspx?eventtype=WF&eventid=1029189,Wildfires,disaster
EONET_20874,Wildfire in The Democratic Republic of Congo 1029221,Wildfires,2026-06-21 19:00:00+00:00,23.20934681496528,-3.834833258684761,https://www.gdacs.org/report.aspx?eventtype=WF&eventid=1029221,Wildfires,disaster
EONET_20979,Wildfire in The Democratic Republic of Congo 1029310,Wildfires,2026-06-21 19:00:00+00:00,24.94879516652924,-5.300387611843379,https://www.gdacs.org/report.aspx?eventtype=WF&eventid=1029310,Wildfires,disaster
EONET_21031,"Wildfire Shingle Creek, Idaho, Idaho",Wildfires,2026-06-21 16:03:00+00:00,-116.397033,45.357167,https://irwin.doi.gov/observer/incidents/2026-IDCMS-000183,Wildfires,disaster
EONET_21047,"Wildfire White Tail, Gila, Arizona",Wildfires,2026-06-21 09:36:00+00:00,-110.226,33.551833,https://irwin.doi.gov/observer/incidents/2026-AZSCA-000894,Wildfires,disaster
EONET_21106,"Wildfire BASIN, Malheur, Oregon",Wildfires,2026-06-21 08:13:00+00:00,-117.689133,42.68965,https://irwin.doi.gov/observer/incidents/2026-ORVAD-260100,Wildfires,disaster
EONET_21244,"Wildfire Tatlanika, Denali, Alaska",Wildfires,2026-06-21 02:30:00+00:00,-148.351667,64.2705,https://irwin.doi.gov/observer/incidents/2026-AKFAS-611246,Wildfires,disaster
EONET_21073,"Wildfire Kathul, Southeast Fairbanks, Alaska",Wildfires,2026-06-20 22:42:00+00:00,-142.40666,65.364395,https://irwin.doi.gov/observer/incidents/2026-AKUYD-000233,Wildfires,disaster
EONET_21006,"Wildfire Starry, Denali, Alaska",Wildfires,2026-06-20 22:34:00+00:00,-149.1975,64.328883,https://irwin.doi.gov/observer/incidents/2026-AKFAS-611234,Wildfires,disaster
EONET_21090,"Wildfire Bonneville, Salt Lake, Utah",Wildfires,2026-06-20 20:22:00+00:00,-111.820933,40.7739,https://irwin.doi.gov/observer/incidents/2026-UTUWF-200287,Wildfires,disaster
EONET_20651,Flood in Romania 1103966,Floods,2026-06-20 20:00:00+00:00,22.3481728,47.3819953,https://www.gdacs.org/report.aspx?eventtype=FL&eventid=1103966,Floods,disaster
EONET_21004,"Wildfire Shaw, Southeast Fairbanks, Alaska",Wildfires,2026-06-20 19:42:00+00:00,-145.443333,64.37945,https://irwin.doi.gov/observer/incidents/2026-AKDAS-612226,Wildfires,disaster
EONET_20638,Wildfire in Australia 1029017,Wildfires,2026-06-20 19:00:00+00:00,138.78054098778668,-17.518805224529856,https://www.gdacs.org/report.aspx?eventtype=WF&eventid=1029017,Wildfires,disaster
EONET_20657,Wildfire in Australia 1029034,Wildfires,2026-06-20 19:00:00+00:00,132.82157683929367,-11.612775814397096,https://www.gdacs.org/report.aspx?eventtype=WF&eventid=1029034,Wildfires,disaster
EONET_20678,Wildfire in Dominican Republic 1029053,Wildfires,2026-06-20 19:00:00+00:00,-71.6049367725106,18.194207062582155,https://www.gdacs.org/report.aspx?eventtype=WF&eventid=1029053,Wildfires,disaster
EONET_20679,Wildfire in The Democratic Republic of Congo 1029039,Wildfires,2026-06-20 19:00:00+00:00,26.05590838326456,-5.382230470673559,https://www.gdacs.org/report.aspx?eventtype=WF&eventid=1029039,Wildfires,disaster
EONET_20680,Wildfire in Tanzania 1029042,Wildfires,2026-06-20 19:00:00+00:00,31.21102265099713,-4.329868786788594,https://www.gdacs.org/report.aspx?eventtype=WF&eventid=1029042,Wildfires,disaster
EONET_20696,Wildfire in The Democratic Republic of Congo 1029058,Wildfires,2026-06-20 19:00:00+00:00,22.957933512090875,-7.654893808289762,https://www.gdacs.org/report.aspx?eventtype=WF&eventid=1029058,Wildfires,disaster
EONET_20697,Wildfire in The Democratic Republic of Congo 1029057,Wildfires,2026-06-20 19:00:00+00:00,26.64928583625063,-6.077144448418399,https://www.gdacs.org/report.aspx?eventtype=WF&eventid=1029057,Wildfires,disaster
EONET_20720,Wildfire in Australia 1029078,Wildfires,2026-06-20 19:00:00+00:00,131.07454251455732,-13.170484212220885,https://www.gdacs.org/report.aspx?eventtype=WF&eventid=1029078,Wildfires,disaster
EONET_20721,Wildfire in Angola 1029082,Wildfires,2026-06-20 19:00:00+00:00,20.889624447143746,-8.283266937820283,https://www.gdacs.org/report.aspx?eventtype=WF&eventid=1029082,Wildfires,disaster
EONET_20722,Wildfire in The Democratic Republic of Congo 1029083,Wildfires,2026-06-20 19:00:00+00:00,27.11369725964036,-5.745409515841824,https://www.gdacs.org/report.aspx?eventtype=WF&eventid=1029083,Wildfires,disaster
EONET_20747,Wildfire in The Democratic Republic of Congo 1029101,Wildfires,2026-06-20 19:00:00+00:00,26.69212529118833,-8.90250293187425,https://www.gdacs.org/report.aspx?eventtype=WF&eventid=1029101,Wildfires,disaster
EONET_20748,Wildfire in The Democratic Republic of Congo 1029102,Wildfires,2026-06-20 19:00:00+00:00,23.973477921990114,-4.068795254714486,https://www.gdacs.org/report.aspx?eventtype=WF&eventid=1029102,Wildfires,disaster
EONET_20749,Wildfire in Angola 1029103,Wildfires,2026-06-20 19:00:00+00:00,21.23508410982283,-11.848826557800509,https://www.gdacs.org/report.aspx?eventtype=WF&eventid=1029103,Wildfires,disaster
EONET_20779,Wildfire in Angola 1029126,Wildfires,2026-06-20 19:00:00+00:00,20.723169841334663,-7.677190855288985,https://www.gdacs.org/report.aspx?eventtype=WF&eventid=1029126,Wildfires,disaster
EONET_20780,Wildfire in Russian Federation 1029127,Wildfires,2026-06-20 19:00:00+00:00,159.10304591582738,57.452660220511994,https://www.gdacs.org/report.aspx?eventtype=WF&eventid=1029127,Wildfires,disaster
EONET_20853,Wildfire in Angola 1029191,Wildfires,2026-06-20 19:00:00+00:00,18.375127523651855,-9.8010342146741,https://www.gdacs.org/report.aspx?eventtype=WF&eventid=1029191,Wildfires,disaster
EONET_20957,Wildfire in Angola 1029280,Wildfires,2026-06-20 19:00:00+00:00,17.96610775027261,-9.610527444737114,https://www.gdacs.org/report.aspx?eventtype=WF&eventid=1029280,Wildfires,disaster
EONET_21105,"Wildfire DRY CREEK, Malheur, Oregon",Wildfires,2026-06-20 18:57:00+00:00,-117.669485,42.709201,https://irwin.doi.gov/observer/incidents/2026-ORVAD-260099,Wildfires,disaster
EONET_21087,"Wildfire Hastings, Tooele, Utah",Wildfires,2026-06-20 16:49:00+00:00,-112.94745,40.7299,https://irwin.doi.gov/observer/incidents/2026-UTWDD-200282,Wildfires,disaster
EONET_21107,"Wildfire Shyster, Humboldt, Nevada",Wildfires,2026-06-20 16:39:00+00:00,-118.5754,41.85875,https://irwin.doi.gov/observer/incidents/2026-NVWID-020281,Wildfires,disaster
EONET_21077,"Wildfire MARY, Owyhee, Idaho",Wildfires,2026-06-20 16:33:00+00:00,-115.920833,42.227833,https://irwin.doi.gov/observer/incidents/2026-IDBOD-000530,Wildfires,disaster
EONET_21246,"Wildfire Hoholitna, Lake and Peninsula, Alaska",Wildfires,2026-06-20 14:04:00+00:00,-155.23,60.9,https://irwin.doi.gov/observer/incidents/2026-AKSWS-604220,Wildfires,disaster
EONET_21115,"Wildfire Searcy 149, Searcy, Arkansas",Wildfires,2026-06-20 12:10:00+00:00,-92.774577,35.866437,https://irwin.doi.gov/observer/incidents/2026-ARARS-300149,Wildfires,disaster
EONET_21116,"Wildfire Independence 163, Independence, Arkansas",Wildfires,2026-06-20 12:00:00+00:00,-91.64646,35.88585,https://irwin.doi.gov/observer/incidents/2026-ARARS-300163,Wildfires,disaster
EONET_21118,"Wildfire Fulton 225, Fulton, Arkansas",Wildfires,2026-06-20 08:23:00+00:00,-91.9525,36.4568,https://irwin.doi.gov/observer/incidents/2026-ARARS-300225,Wildfires,disaster
EONET_21049,"Wildfire Iron, Juab, Utah",Wildfires,2026-06-20 02:01:00+00:00,-112.19755,39.976283,https://irwin.doi.gov/observer/incidents/2026-UTSCS-260194,Wildfires,disaster
EONET_21119,"Wildfire Izard 201, Izard, Arkansas",Wildfires,2026-06-19 22:54:00+00:00,-91.87339,35.90866,https://irwin.doi.gov/observer/incidents/2026-ARARS-300201,Wildfires,disaster
EONET_21120,"Wildfire Searcy 189, Searcy, Arkansas",Wildfires,2026-06-19 22:23:00+00:00,-92.77191,35.87584,https://irwin.doi.gov/observer/incidents/2026-ARARS-300189,Wildfires,disaster
EONET_21011,"Wildfire Pocket, Yavapai, Arizona",Wildfires,2026-06-19 20:51:00+00:00,-111.787421,34.967212,https://irwin.doi.gov/observer/incidents/2026-AZCOF-000781,Wildfires,disaster
EONET_20635,Flood in Canada 1103963,Floods,2026-06-19 20:00:00+00:00,-73.8471749,45.4955083,https://www.gdacs.org/report.aspx?eventtype=FL&eventid=1103963,Floods,disaster
EONET_20636,Flood in Czech Republic 1103964,Floods,2026-06-19 20:00:00+00:00,14.0103663,49.6901444,https://www.gdacs.org/report.aspx?eventtype=FL&eventid=1103964,Floods,disaster
EONET_20652,Flood in Belgium 1103965,Floods,2026-06-19 20:00:00+00:00,4.841761,50.4613937,https://www.gdacs.org/report.aspx?eventtype=FL&eventid=1103965,Floods,disaster
EONET_20672,Flood in Honduras 1103969,Floods,2026-06-19 20:00:00+00:00,-88.4690631,14.6181139,https://www.gdacs.org/report.aspx?eventtype=FL&eventid=1103969,Floods,disaster
EONET_21109,"Wildfire STAR, Kern, California",Wildfires,2026-06-19 19:43:00+00:00,-118.7477778,35.2908333,https://irwin.doi.gov/observer/incidents/2026-CAKRN-025235,Wildfires,disaster
EONET_21089,"Wildfire Bear, Denali, Alaska",Wildfires,2026-06-19 19:34:00+00:00,-151.235,63.652,https://irwin.doi.gov/observer/incidents/2026-AKTAD-000212,Wildfires,disaster
EONET_20615,Wildfire in United States 1029002,Wildfires,2026-06-19 19:00:00+00:00,-112.14841171199508,40.00571730639354,https://www.gdacs.org/report.aspx?eventtype=WF&eventid=1029002,Wildfires,disaster
EONET_20639,Wildfire in Australia 1029018,Wildfires,2026-06-19 19:00:00+00:00,126.28496586867452,-16.343472405218904,https://www.gdacs.org/report.aspx?eventtype=WF&eventid=1029018,Wildfires,disaster
EONET_20658,Wildfire in Australia 1029027,Wildfires,2026-06-19 19:00:00+00:00,131.1526523742796,-12.685234747248431,https://www.gdacs.org/report.aspx?eventtype=WF&eventid=1029027,Wildfires,disaster
EONET_20659,Wildfire in Australia 1029028,Wildfires,2026-06-19 19:00:00+00:00,130.7245093846214,-12.84632293158814,https://www.gdacs.org/report.aspx?eventtype=WF&eventid=1029028,Wildfires,disaster
EONET_20660,Wildfire in Australia 1029029,Wildfires,2026-06-19 19:00:00+00:00,127.02245141727752,-15.071411336158231,https://www.gdacs.org/report.aspx?eventtype=WF&eventid=1029029,Wildfires,disaster
EONET_20661,Wildfire in Australia 1029035,Wildfires,2026-06-19 19:00:00+00:00,131.78071547071204,-15.598982136706525,https://www.gdacs.org/report.aspx?eventtype=WF&eventid=1029035,Wildfires,disaster
EONET_20681,Wildfire in Zambia 1029040,Wildfires,2026-06-19 19:00:00+00:00,25.90736375149048,-14.85981246317197,https://www.gdacs.org/report.aspx?eventtype=WF&eventid=1029040,Wildfires,disaster
EONET_20698,Wildfire in The Democratic Republic of Congo 1029059,Wildfires,2026-06-19 19:00:00+00:00,23.80107178362462,-3.695636340833099,https://www.gdacs.org/report.aspx?eventtype=WF&eventid=1029059,Wildfires,disaster
EONET_20723,Wildfire in The Democratic Republic of Congo 1029084,Wildfires,2026-06-19 19:00:00+00:00,24.857550176046292,-5.256280969925036,https://www.gdacs.org/report.aspx?eventtype=WF&eventid=1029084,Wildfires,disaster
EONET_20724,Wildfire in Canada 1029079,Wildfires,2026-06-19 19:00:00+00:00,-75.11805740424411,53.97055764370818,https://www.gdacs.org/report.aspx?eventtype=WF&eventid=1029079,Wildfires,disaster
EONET_20725,Wildfire in Australia 1029094,Wildfires,2026-06-19 19:00:00+00:00,133.59756436501283,-12.09080321614189,https://www.gdacs.org/report.aspx?eventtype=WF&eventid=1029094,Wildfires,disaster
EONET_20726,Wildfire in Australia 1029095,Wildfires,2026-06-19 19:00:00+00:00,129.67748593460365,-14.06911406364148,https://www.gdacs.org/report.aspx?eventtype=WF&eventid=1029095,Wildfires,disaster
EONET_20750,Wildfire in Angola 1029105,Wildfires,2026-06-19 19:00:00+00:00,18.106419947264868,-9.312482466724084,https://www.gdacs.org/report.aspx?eventtype=WF&eventid=1029105,Wildfires,disaster
EONET_20751,Wildfire in Angola 1029104,Wildfires,2026-06-19 19:00:00+00:00,17.797955703496555,-9.233144279299662,https://www.gdacs.org/report.aspx?eventtype=WF&eventid=1029104,Wildfires,disaster
EONET_20781,Wildfire in Australia 1029152,Wildfires,2026-06-19 19:00:00+00:00,131.79339525172804,-15.6805573375157,https://www.gdacs.org/report.aspx?eventtype=WF&eventid=1029152,Wildfires,disaster
EONET_20782,Wildfire in The Democratic Republic of Congo 1029128,Wildfires,2026-06-19 19:00:00+00:00,24.31016540700198,-3.5514761975878724,https://www.gdacs.org/report.aspx?eventtype=WF&eventid=1029128,Wildfires,disaster
EONET_20818,Wildfire in United States 1029159,Wildfires,2026-06-19 19:00:00+00:00,-111.81949872658376,35.00483837584411,https://www.gdacs.org/report.aspx?eventtype=WF&eventid=1029159,Wildfires,disaster
EONET_20819,Wildfire in Canada 1029162,Wildfires,2026-06-19 19:00:00+00:00,-78.3803761834802,53.4655765092336,https://www.gdacs.org/report.aspx?eventtype=WF&eventid=1029162,Wildfires,disaster
EONET_20854,Wildfire in The Democratic Republic of Congo 1029192,Wildfires,2026-06-19 19:00:00+00:00,23.554758711289978,-3.265670795967609,https://www.gdacs.org/report.aspx?eventtype=WF&eventid=1029192,Wildfires,disaster
EONET_20875,Wildfire in The Democratic Republic of Congo 1029222,Wildfires,2026-06-19 19:00:00+00:00,27.09628928991749,-6.683183045315731,https://www.gdacs.org/report.aspx?eventtype=WF&eventid=1029222,Wildfires,disaster
EONET_20896,Wildfire in The Democratic Republic of Congo 1029240,Wildfires,2026-06-19 19:00:00+00:00,26.247485001640182,-5.549254945166767,https://www.gdacs.org/report.aspx?eventtype=WF&eventid=1029240,Wildfires,disaster
EONET_20606,Typhoon Mekkhala,Severe Storms,2026-06-19 12:00:00+00:00,140.0,13.7,https://www.metoc.navy.mil/jtwc/products/wp0726.tcw,Severe Storms,disaster
EONET_20606,Typhoon Mekkhala,Severe Storms,2026-06-19 18:00:00+00:00,138.6,14.0,https://www.metoc.navy.mil/jtwc/products/wp0726.tcw,Severe Storms,disaster
EONET_20606,Typhoon Mekkhala,Severe Storms,2026-06-20 00:00:00+00:00,137.8,14.1,https://www.metoc.navy.mil/jtwc/products/wp0726.tcw,Severe Storms,disaster
EONET_20606,Typhoon Mekkhala,Severe Storms,2026-06-20 06:00:00+00:00,136.7,14.2,https://www.metoc.navy.mil/jtwc/products/wp0726.tcw,Severe Storms,disaster
EONET_20606,Typhoon Mekkhala,Severe Storms,2026-06-20 12:00:00+00:00,135.4,14.3,https://www.metoc.navy.mil/jtwc/products/wp0726.tcw,Severe Storms,disaster
EONET_20606,Typhoon Mekkhala,Severe Storms,2026-06-20 18:00:00+00:00,134.3,14.8,https://www.metoc.navy.mil/jtwc/products/wp0726.tcw,Severe Storms,disaster
EONET_20606,Typhoon Mekkhala,Severe Storms,2026-06-21 00:00:00+00:00,133.0,15.4,https://www.metoc.navy.mil/jtwc/products/wp0726.tcw,Severe Storms,disaster
EONET_20606,Typhoon Mekkhala,Severe Storms,2026-06-21 06:00:00+00:00,131.9,16.1,https://www.metoc.navy.mil/jtwc/products/wp0726.tcw,Severe Storms,disaster
EONET_20606,Typhoon Mekkhala,Severe Storms,2026-06-21 12:00:00+00:00,130.6,16.5,https://www.metoc.navy.mil/jtwc/products/wp0726.tcw,Severe Storms,disaster
EONET_20606,Typhoon Mekkhala,Severe Storms,2026-06-21 18:00:00+00:00,128.9,17.3,https://www.metoc.navy.mil/jtwc/products/wp0726.tcw,Severe Storms,disaster
EONET_20606,Typhoon Mekkhala,Severe Storms,2026-06-22 00:00:00+00:00,127.8,17.5,https://www.metoc.navy.mil/jtwc/products/wp0726.tcw,Severe Storms,disaster
EONET_20606,Typhoon Mekkhala,Severe Storms,2026-06-22 06:00:00+00:00,126.9,17.9,https://www.metoc.navy.mil/jtwc/products/wp0726.tcw,Severe Storms,disaster
EONET_20606,Typhoon Mekkhala,Severe Storms,2026-06-22 12:00:00+00:00,126.1,18.1,https://www.metoc.navy.mil/jtwc/products/wp0726.tcw,Severe Storms,disaster
EONET_20606,Typhoon Mekkhala,Severe Storms,2026-06-22 18:00:00+00:00,125.6,18.3,https://www.metoc.navy.mil/jtwc/products/wp0726.tcw,Severe Storms,disaster
EONET_20606,Typhoon Mekkhala,Severe Storms,2026-06-23 00:00:00+00:00,125.2,18.9,https://www.metoc.navy.mil/jtwc/products/wp0726.tcw,Severe Storms,disaster
EONET_20606,Typhoon Mekkhala,Severe Storms,2026-06-23 06:00:00+00:00,124.8,19.1,https://www.metoc.navy.mil/jtwc/products/wp0726.tcw,Severe Storms,disaster
EONET_20606,Typhoon Mekkhala,Severe Storms,2026-06-23 12:00:00+00:00,124.7,19.6,https://www.metoc.navy.mil/jtwc/products/wp0726.tcw,Severe Storms,disaster
EONET_20606,Typhoon Mekkhala,Severe Storms,2026-06-23 18:00:00+00:00,124.8,20.2,https://www.metoc.navy.mil/jtwc/products/wp0726.tcw,Severe Storms,disaster
EONET_20606,Typhoon Mekkhala,Severe Storms,2026-06-24 00:00:00+00:00,124.6,21.0,https://www.metoc.navy.mil/jtwc/products/wp0726.tcw,Severe Storms,disaster
EONET_20606,Typhoon Mekkhala,Severe Storms,2026-06-24 06:00:00+00:00,124.8,21.8,https://www.metoc.navy.mil/jtwc/products/wp0726.tcw,Severe Storms,disaster
EONET_20606,Typhoon Mekkhala,Severe Storms,2026-06-24 12:00:00+00:00,124.8,22.1,https://www.metoc.navy.mil/jtwc/products/wp0726.tcw,Severe Storms,disaster
EONET_20606,Typhoon Mekkhala,Severe Storms,2026-06-24 18:00:00+00:00,125.0,22.6,https://www.metoc.navy.mil/jtwc/products/wp0726.tcw,Severe Storms,disaster
EONET_20606,Typhoon Mekkhala,Severe Storms,2026-06-25 00:00:00+00:00,125.3,23.7,https://www.metoc.navy.mil/jtwc/products/wp0726.tcw,Severe Storms,disaster
EONET_20606,Typhoon Mekkhala,Severe Storms,2026-06-25 06:00:00+00:00,126.0,24.8,https://www.metoc.navy.mil/jtwc/products/wp0726.tcw,Severe Storms,disaster
EONET_20606,Typhoon Mekkhala,Severe Storms,2026-06-25 12:00:00+00:00,126.2,25.5,https://www.metoc.navy.mil/jtwc/products/wp0726.tcw,Severe Storms,disaster
EONET_20606,Typhoon Mekkhala,Severe Storms,2026-06-25 18:00:00+00:00,126.6,26.8,https://www.metoc.navy.mil/jtwc/products/wp0726.tcw,Severe Storms,disaster
EONET_20606,Typhoon Mekkhala,Severe Storms,2026-06-26 00:00:00+00:00,127.0,27.5,https://www.metoc.navy.mil/jtwc/products/wp0726.tcw,Severe Storms,disaster
EONET_20606,Typhoon Mekkhala,Severe Storms,2026-06-26 06:00:00+00:00,128.0,28.0,https://www.metoc.navy.mil/jtwc/products/wp0726.tcw,Severe Storms,disaster
EONET_20606,Typhoon Mekkhala,Severe Storms,2026-06-26 12:00:00+00:00,129.3,28.5,https://www.metoc.navy.mil/jtwc/products/wp0726.tcw,Severe Storms,disaster
EONET_20606,Typhoon Mekkhala,Severe Storms,2026-06-26 18:00:00+00:00,131.2,29.6,https://www.metoc.navy.mil/jtwc/products/wp0726.tcw,Severe Storms,disaster
EONET_20606,Typhoon Mekkhala,Severe Storms,2026-06-27 00:00:00+00:00,133.2,31.6,https://www.metoc.navy.mil/jtwc/products/wp0726.tcw,Severe Storms,disaster
EONET_20606,Typhoon Mekkhala,Severe Storms,2026-06-27 06:00:00+00:00,135.8,32.7,https://www.metoc.navy.mil/jtwc/products/wp0726.tcw,Severe Storms,disaster
EONET_20606,Typhoon Mekkhala,Severe Storms,2026-06-27 12:00:00+00:00,141.4,35.5,https://www.metoc.navy.mil/jtwc/products/wp0726.tcw,Severe Storms,disaster
EONET_20607,Flood in Ghana 1103954,Floods,2026-06-18 20:00:00+00:00,-1.2417103,5.1080932,https://www.gdacs.org/report.aspx?eventtype=FL&eventid=1103954,Floods,disaster
EONET_20608,Flood in Austria 1103957,Floods,2026-06-18 20:00:00+00:00,15.6723805,47.6053538,https://www.gdacs.org/report.aspx?eventtype=FL&eventid=1103957,Floods,disaster
EONET_20609,Flood in Germany 1103958,Floods,2026-06-18 20:00:00+00:00,14.2413131,53.2977629,https://www.gdacs.org/report.aspx?eventtype=FL&eventid=1103958,Floods,disaster
EONET_20610,Flood in South Korea 1103961,Floods,2026-06-18 20:00:00+00:00,127.0062576,36.7919981,https://www.gdacs.org/report.aspx?eventtype=FL&eventid=1103961,Floods,disaster
EONET_20673,Flood in Timor-Leste 1103968,Floods,2026-06-18 20:00:00+00:00,125.255502,-9.3148991,https://www.gdacs.org/report.aspx?eventtype=FL&eventid=1103968,Floods,disaster
EONET_20662,Wildfire in Australia 1029036,Wildfires,2026-06-18 19:00:00+00:00,131.93506608334306,-15.411339526715096,https://www.gdacs.org/report.aspx?eventtype=WF&eventid=1029036,Wildfires,disaster
EONET_20682,Wildfire in Australia 1029054,Wildfires,2026-06-18 19:00:00+00:00,133.48028567740857,-12.625996307620694,https://www.gdacs.org/report.aspx?eventtype=WF&eventid=1029054,Wildfires,disaster
EONET_20699,Wildfire in The Democratic Republic of Congo 1029060,Wildfires,2026-06-18 19:00:00+00:00,26.943859066531733,-8.817373220827246,https://www.gdacs.org/report.aspx?eventtype=WF&eventid=1029060,Wildfires,disaster
EONET_20700,Wildfire in The Democratic Republic of Congo 1029061,Wildfires,2026-06-18 19:00:00+00:00,23.92426144088532,-0.6294456270264785,https://www.gdacs.org/report.aspx?eventtype=WF&eventid=1029061,Wildfires,disaster
EONET_20701,Wildfire in Australia 1029071,Wildfires,2026-06-18 19:00:00+00:00,142.18477883871088,-12.683278898459884,https://www.gdacs.org/report.aspx?eventtype=WF&eventid=1029071,Wildfires,disaster
EONET_20702,Wildfire in Australia 1029069,Wildfires,2026-06-18 19:00:00+00:00,133.4865869235844,-12.63219269094247,https://www.gdacs.org/report.aspx?eventtype=WF&eventid=1029069,Wildfires,disaster
EONET_20727,Wildfire in Australia 1029080,Wildfires,2026-06-18 19:00:00+00:00,126.17382743652932,-14.976034208807798,https://www.gdacs.org/report.aspx?eventtype=WF&eventid=1029080,Wildfires,disaster
EONET_20728,Wildfire in The Democratic Republic of Congo 1029085,Wildfires,2026-06-18 19:00:00+00:00,25.02798429658874,-5.241924676405305,https://www.gdacs.org/report.aspx?eventtype=WF&eventid=1029085,Wildfires,disaster
EONET_20752,Wildfire in Canada 1029111,Wildfires,2026-06-18 19:00:00+00:00,-77.1758631249205,54.92102927944625,https://www.gdacs.org/report.aspx?eventtype=WF&eventid=1029111,Wildfires,disaster
EONET_20820,Wildfire in Australia 1029180,Wildfires,2026-06-18 19:00:00+00:00,134.6918410183108,-14.376820867385987,https://www.gdacs.org/report.aspx?eventtype=WF&eventid=1029180,Wildfires,disaster
EONET_20855,Wildfire in The Democratic Republic of Congo 1029193,Wildfires,2026-06-18 19:00:00+00:00,26.11840326840245,-8.511663712624616,https://www.gdacs.org/report.aspx?eventtype=WF&eventid=1029193,Wildfires,disaster
EONET_20856,Wildfire in The Democratic Republic of Congo 1029194,Wildfires,2026-06-18 19:00:00+00:00,23.812610716138824,-3.5266799410167784,https://www.gdacs.org/report.aspx?eventtype=WF&eventid=1029194,Wildfires,disaster
EONET_21099,"Wildfire LOST, Kern, California",Wildfires,2026-06-18 12:28:00+00:00,-119.755,35.4186111,https://irwin.doi.gov/observer/incidents/2026-CAKRN-025007,Wildfires,disaster
EONET_20593,Flood in Peru 1103951,Floods,2026-06-17 20:00:00+00:00,-74.5373433,-8.3907581,https://www.gdacs.org/report.aspx?eventtype=FL&eventid=1103951,Floods,disaster
EONET_20611,Flood in Poland 1103955,Floods,2026-06-17 20:00:00+00:00,14.5928676,53.4298114,https://www.gdacs.org/report.aspx?eventtype=FL&eventid=1103955,Floods,disaster
EONET_20612,Flood in France 1103956,Floods,2026-06-17 20:00:00+00:00,3.4973822,50.1851628,https://www.gdacs.org/report.aspx?eventtype=FL&eventid=1103956,Floods,disaster
EONET_20613,Flood in Kyrgyzstan 1103960,Floods,2026-06-17 20:00:00+00:00,69.5711653,39.9407091,https://www.gdacs.org/report.aspx?eventtype=FL&eventid=1103960,Floods,disaster
EONET_20596,Wildfire in Zambia 1028982,Wildfires,2026-06-17 19:00:00+00:00,26.1906523697792,-14.750986927316374,https://www.gdacs.org/report.aspx?eventtype=WF&eventid=1028982,Wildfires,disaster
EONET_20597,Wildfire in Australia 1028983,Wildfires,2026-06-17 19:00:00+00:00,122.60598297756636,-17.228552471207554,https://www.gdacs.org/report.aspx?eventtype=WF&eventid=1028983,Wildfires,disaster
EONET_20616,Wildfire in Australia 1029003,Wildfires,2026-06-17 19:00:00+00:00,142.1613807616356,-12.976175542366292,https://www.gdacs.org/report.aspx?eventtype=WF&eventid=1029003,Wildfires,disaster
EONET_20617,Wildfire in Namibia 1028989,Wildfires,2026-06-17 19:00:00+00:00,17.502759391796555,-19.311759505554058,https://www.gdacs.org/report.aspx?eventtype=WF&eventid=1028989,Wildfires,disaster
EONET_20640,Wildfire in The Democratic Republic of Congo 1029007,Wildfires,2026-06-17 19:00:00+00:00,24.219430305446465,-0.6499673044384144,https://www.gdacs.org/report.aspx?eventtype=WF&eventid=1029007,Wildfires,disaster
EONET_20641,Wildfire in Australia 1029013,Wildfires,2026-06-17 19:00:00+00:00,125.58374333359504,-17.261628507452027,https://www.gdacs.org/report.aspx?eventtype=WF&eventid=1029013,Wildfires,disaster
EONET_20663,Wildfire in The Democratic Republic of Congo 1029021,Wildfires,2026-06-17 19:00:00+00:00,25.12519946585595,-8.47254470396893,https://www.gdacs.org/report.aspx?eventtype=WF&eventid=1029021,Wildfires,disaster
EONET_20664,Wildfire in United States 1029037,Wildfires,2026-06-17 19:00:00+00:00,-114.68549414849474,37.37887286239014,https://www.gdacs.org/report.aspx?eventtype=WF&eventid=1029037,Wildfires,disaster
EONET_20665,Wildfire in Tanzania 1029022,Wildfires,2026-06-17 19:00:00+00:00,30.95228326714311,-4.758574138178614,https://www.gdacs.org/report.aspx?eventtype=WF&eventid=1029022,Wildfires,disaster
EONET_20683,Wildfire in The Democratic Republic of Congo 1029043,Wildfires,2026-06-17 19:00:00+00:00,28.028630834700703,-4.448489137491024,https://www.gdacs.org/report.aspx?eventtype=WF&eventid=1029043,Wildfires,disaster
EONET_20684,Wildfire in The Democratic Republic of Congo 1029050,Wildfires,2026-06-17 19:00:00+00:00,26.711109998997827,-5.650687811389487,https://www.gdacs.org/report.aspx?eventtype=WF&eventid=1029050,Wildfires,disaster
EONET_20703,Wildfire in Russian Federation 1029072,Wildfires,2026-06-17 19:00:00+00:00,170.76752797085783,63.61283819455551,https://www.gdacs.org/report.aspx?eventtype=WF&eventid=1029072,Wildfires,disaster
EONET_20704,Wildfire in The Democratic Republic of Congo 1029062,Wildfires,2026-06-17 19:00:00+00:00,25.393279255393352,-5.347325449031939,https://www.gdacs.org/report.aspx?eventtype=WF&eventid=1029062,Wildfires,disaster
EONET_20705,Wildfire in The Democratic Republic of Congo 1029063,Wildfires,2026-06-17 19:00:00+00:00,23.315608932609308,-3.2472337820385095,https://www.gdacs.org/report.aspx?eventtype=WF&eventid=1029063,Wildfires,disaster
EONET_20729,Wildfire in The Democratic Republic of Congo 1029086,Wildfires,2026-06-17 19:00:00+00:00,23.625281595822624,-3.7383496529445472,https://www.gdacs.org/report.aspx?eventtype=WF&eventid=1029086,Wildfires,disaster
EONET_20753,Wildfire in Australia 1029098,Wildfires,2026-06-17 19:00:00+00:00,142.39406009179825,-12.894247018582808,https://www.gdacs.org/report.aspx?eventtype=WF&eventid=1029098,Wildfires,disaster
EONET_20783,Wildfire in The Democratic Republic of Congo 1029118,Wildfires,2026-06-17 19:00:00+00:00,23.418034881971582,-3.824337092184267,https://www.gdacs.org/report.aspx?eventtype=WF&eventid=1029118,Wildfires,disaster
EONET_20784,Wildfire in The Democratic Republic of Congo 1029129,Wildfires,2026-06-17 19:00:00+00:00,27.797022334906345,-7.617213112898888,https://www.gdacs.org/report.aspx?eventtype=WF&eventid=1029129,Wildfires,disaster
EONET_20785,Wildfire in Angola 1029130,Wildfires,2026-06-17 19:00:00+00:00,18.13614213486807,-9.403615903739084,https://www.gdacs.org/report.aspx?eventtype=WF&eventid=1029130,Wildfires,disaster
EONET_20786,Wildfire in The Democratic Republic of Congo 1029131,Wildfires,2026-06-17 19:00:00+00:00,24.751582531799173,-4.015355859420057,https://www.gdacs.org/report.aspx?eventtype=WF&eventid=1029131,Wildfires,disaster
EONET_20787,Wildfire in The Democratic Republic of Congo 1029132,Wildfires,2026-06-17 19:00:00+00:00,24.23582238505878,-3.634770739735473,https://www.gdacs.org/report.aspx?eventtype=WF&eventid=1029132,Wildfires,disaster
EONET_20788,Wildfire in The Democratic Republic of Congo 1029133,Wildfires,2026-06-17 19:00:00+00:00,23.827735305023644,-3.340258646723215,https://www.gdacs.org/report.aspx?eventtype=WF&eventid=1029133,Wildfires,disaster
EONET_20789,Wildfire in Angola 1029134,Wildfires,2026-06-17 19:00:00+00:00,20.81807557305656,-7.558026715619333,https://www.gdacs.org/report.aspx?eventtype=WF&eventid=1029134,Wildfires,disaster
EONET_20790,Wildfire in Australia 1029153,Wildfires,2026-06-17 19:00:00+00:00,132.0264286168712,-18.323964405335353,https://www.gdacs.org/report.aspx?eventtype=WF&eventid=1029153,Wildfires,disaster
EONET_20791,Wildfire in Australia 1029154,Wildfires,2026-06-17 19:00:00+00:00,125.1422537842879,-16.97073005001154,https://www.gdacs.org/report.aspx?eventtype=WF&eventid=1029154,Wildfires,disaster
EONET_20876,Wildfire in The Democratic Republic of Congo 1029223,Wildfires,2026-06-17 19:00:00+00:00,23.84480076225788,-3.348703898315745,https://www.gdacs.org/report.aspx?eventtype=WF&eventid=1029223,Wildfires,disaster
EONET_21111,"Wildfire School Lands, Woods, Oklahoma",Wildfires,2026-06-17 18:41:00+00:00,-99.0227778,36.6627778,https://irwin.doi.gov/observer/incidents/2026-OKOKS-260760,Wildfires,disaster
EONET_21097,"Wildfire Coptic, Miami-Dade, Florida",Wildfires,2026-06-17 18:25:00+00:00,-80.561833,25.684,https://irwin.doi.gov/observer/incidents/2026-FLEVP-001936,Wildfires,disaster
EONET_21082,"Wildfire Cable Creek, Umatilla, Oregon",Wildfires,2026-06-17 18:09:00+00:00,-118.78471,45.12807,https://irwin.doi.gov/observer/incidents/2026-OR973S-000148,Wildfires,disaster
EONET_21114,"Prescribed Fire OCF Penner Pond Rx 0618, Marion, Florida",Wildfires,2026-06-17 16:26:00+00:00,-81.806,29.474,https://irwin.doi.gov/observer/incidents/2026-FLFNF-001934,Wildfires,disaster
EONET_21034,"Wildfire Kane Springs, Lincoln, Nevada",Wildfires,2026-06-17 14:56:00+00:00,-114.630351,37.284493,https://irwin.doi.gov/observer/incidents/2026-NVELD-040107,Wildfires,disaster
EONET_21020,"Wildfire Grapevine, Lincoln, Nevada",Wildfires,2026-06-17 14:28:00+00:00,-114.304702,37.380844,https://irwin.doi.gov/observer/incidents/2026-NVELD-040106,Wildfires,disaster
EONET_20558,"Median Wildfire, Gooding, Idaho",Wildfires,2026-06-17 13:57:00+00:00,-114.767567,42.805867,https://irwin.doi.gov/observer/incidents/5c3a9dc4-43ad-4b51-9110-554a2267d827,Wildfires,disaster
EONET_21095,"Wildfire Median, Gooding, Idaho",Wildfires,2026-06-17 13:57:00+00:00,-114.767567,42.805867,https://irwin.doi.gov/observer/incidents/2026-IDGOX-000081,Wildfires,disaster
EONET_20565,"TRAIL 13 (09) Wildfire, Citrus, Florida",Wildfires,2026-06-16 23:57:00+00:00,-82.4186111,28.7994444,https://irwin.doi.gov/observer/incidents/8d86b276-309e-484d-844e-2f2f6419be72,Wildfires,disaster
EONET_21121,"Wildfire TRAIL 13 (09), Citrus, Florida",Wildfires,2026-06-16 23:57:00+00:00,-82.4186111,28.7994444,https://irwin.doi.gov/observer/incidents/2026-FLFLS-261100459,Wildfires,disaster
EONET_20560,"Kartar Wildfire, Okanogan, Washington",Wildfires,2026-06-16 23:43:00+00:00,-119.390027,48.250361,https://irwin.doi.gov/observer/incidents/860ef78f-f819-411e-b109-ce167510fc50,Wildfires,disaster
EONET_21050,"Wildfire Kartar, Okanogan, Washington",Wildfires,2026-06-16 23:43:00+00:00,-119.390027,48.250361,https://irwin.doi.gov/observer/incidents/2026-WACOA-260106,Wildfires,disaster
EONET_20562,"Omak Lake Road Wildfire, Okanogan, Washington",Wildfires,2026-06-16 22:53:00+00:00,-119.410833,48.274722,https://irwin.doi.gov/observer/incidents/b109ff45-8c62-4301-aef9-77acc3736ac4,Wildfires,disaster
EONET_21123,"Wildfire Omak Lake Road, Okanogan, Washington",Wildfires,2026-06-16 22:53:00+00:00,-119.410833,48.274722,https://irwin.doi.gov/observer/incidents/2026-WACOA-260107,Wildfires,disaster
EONET_21039,"Wildfire ROZA, Kittitas, Washington",Wildfires,2026-06-16 22:24:00+00:00,-120.4575,46.7493,https://irwin.doi.gov/observer/incidents/2026-WASPD-260234,Wildfires,disaster
EONET_21024,"Wildfire WELL (13), Miami-Dade, Florida",Wildfires,2026-06-16 21:24:00+00:00,-80.4038889,25.8430556,https://irwin.doi.gov/observer/incidents/2026-FLFLS-261800093,Wildfires,disaster
EONET_21080,"Wildfire Tucannon Mutual Aid, Columbia, Washington",Wildfires,2026-06-16 20:53:00+00:00,-117.949575,46.489365,https://irwin.doi.gov/observer/incidents/2026-WAWFS-020144,Wildfires,disaster
EONET_20594,Flood in Colombia 1103952,Floods,2026-06-16 20:00:00+00:00,-74.6212148,7.2775955,https://www.gdacs.org/report.aspx?eventtype=FL&eventid=1103952,Floods,disaster
EONET_20595,Flood in Pakistan 1103953,Floods,2026-06-16 20:00:00+00:00,70.9090919,31.827527,https://www.gdacs.org/report.aspx?eventtype=FL&eventid=1103953,Floods,disaster
EONET_20614,Flood in Georgia 1103959,Floods,2026-06-16 20:00:00+00:00,44.6959371,42.0844709,https://www.gdacs.org/report.aspx?eventtype=FL&eventid=1103959,Floods,disaster
EONET_20598,Wildfire in Australia 1028984,Wildfires,2026-06-16 19:00:00+00:00,142.50272780485798,-12.889727879096824,https://www.gdacs.org/report.aspx?eventtype=WF&eventid=1028984,Wildfires,disaster
EONET_20618,Wildfire in Ethiopia 1028990,Wildfires,2026-06-16 19:00:00+00:00,33.94419721295479,8.17301890250419,https://www.gdacs.org/report.aspx?eventtype=WF&eventid=1028990,Wildfires,disaster
EONET_20619,Wildfire in Angola 1028991,Wildfires,2026-06-16 19:00:00+00:00,21.28237288720681,-9.153307000948605,https://www.gdacs.org/report.aspx?eventtype=WF&eventid=1028991,Wildfires,disaster
EONET_20620,Wildfire in United States 1029004,Wildfires,2026-06-16 19:00:00+00:00,-114.26240205437324,37.40256903492005,https://www.gdacs.org/report.aspx?eventtype=WF&eventid=1029004,Wildfires,disaster
EONET_20621,Wildfire in Australia 1029005,Wildfires,2026-06-16 19:00:00+00:00,142.666093938221,-13.036997358955013,https://www.gdacs.org/report.aspx?eventtype=WF&eventid=1029005,Wildfires,disaster
EONET_20642,Wildfire in Sudan 1029008,Wildfires,2026-06-16 19:00:00+00:00,32.55115912277139,8.787266349738575,https://www.gdacs.org/report.aspx?eventtype=WF&eventid=1029008,Wildfires,disaster
EONET_20643,Wildfire in Australia 1029019,Wildfires,2026-06-16 19:00:00+00:00,142.26354718162435,-12.87868427957591,https://www.gdacs.org/report.aspx?eventtype=WF&eventid=1029019,Wildfires,disaster
EONET_20666,Wildfire in The Democratic Republic of Congo 1029023,Wildfires,2026-06-16 19:00:00+00:00,26.547584777490304,-6.104760502486955,https://www.gdacs.org/report.aspx?eventtype=WF&eventid=1029023,Wildfires,disaster
EONET_20685,Wildfire in Russian Federation 1029055,Wildfires,2026-06-16 19:00:00+00:00,92.27775237133214,60.70782880369374,https://www.gdacs.org/report.aspx?eventtype=WF&eventid=1029055,Wildfires,disaster
EONET_20686,Wildfire in The Democratic Republic of Congo 1029044,Wildfires,2026-06-16 19:00:00+00:00,27.3102696552952,-5.901889115235594,https://www.gdacs.org/report.aspx?eventtype=WF&eventid=1029044,Wildfires,disaster
EONET_20730,Wildfire in The Democratic Republic of Congo 1029087,Wildfires,2026-06-16 19:00:00+00:00,20.230146522787244,-6.7610308592132835,https://www.gdacs.org/report.aspx?eventtype=WF&eventid=1029087,Wildfires,disaster
EONET_20792,Wildfire in Angola 1029135,Wildfires,2026-06-16 19:00:00+00:00,17.62171963987245,-9.288827913109987,https://www.gdacs.org/report.aspx?eventtype=WF&eventid=1029135,Wildfires,disaster
EONET_20924,Wildfire in Angola 1029250,Wildfires,2026-06-16 19:00:00+00:00,16.5712712417757,-9.542997591843545,https://www.gdacs.org/report.aspx?eventtype=WF&eventid=1029250,Wildfires,disaster
EONET_20559,"Old Emigrant Wildfire, Umatilla, Oregon",Wildfires,2026-06-16 16:43:00+00:00,-118.615417,45.616957,https://irwin.doi.gov/observer/incidents/7c9d552d-eb84-4cb3-8976-5873efb213a5,Wildfires,disaster
EONET_21083,"Wildfire Old Emigrant, Umatilla, Oregon",Wildfires,2026-06-16 16:43:00+00:00,-118.615417,45.616957,https://irwin.doi.gov/observer/incidents/2026-OR973S-000139,Wildfires,disaster
EONET_20561,"Sawmill Wildfire, Iron, Utah",Wildfires,2026-06-16 16:11:00+00:00,-113.70575,38.09192,https://irwin.doi.gov/observer/incidents/10c567ab-d92d-40ca-a142-d6a6f36c7865,Wildfires,disaster
EONET_21048,"Wildfire Sawmill, Iron, Utah",Wildfires,2026-06-16 16:11:00+00:00,-113.714044,38.086724,https://irwin.doi.gov/observer/incidents/2026-UTCPD-000225,Wildfires,disaster
EONET_20563,"LINCOLN Wildfire, Merced, California",Wildfires,2026-06-16 13:07:00+00:00,-120.725895,37.277012,https://irwin.doi.gov/observer/incidents/023a7052-d8c3-44c2-bdd6-88e163cc7d66,Wildfires,disaster
EONET_21065,"Wildfire LINCOLN, Merced, California",Wildfires,2026-06-16 13:07:00+00:00,-120.725895,37.277012,https://irwin.doi.gov/observer/incidents/2026-CAMMU-012074,Wildfires,disaster
EONET_20567,"QUARRY 2 (13) Wildfire, Miami-Dade, Florida",Wildfires,2026-06-15 22:51:00+00:00,-80.4233333,25.8116667,https://irwin.doi.gov/observer/incidents/68b107c6-f3de-4663-b19f-5e5de9243ace,Wildfires,disaster
EONET_21022,"Wildfire QUARRY 2 (13), Miami-Dade, Florida",Wildfires,2026-06-15 22:51:00+00:00,-80.4233333,25.8116667,https://irwin.doi.gov/observer/incidents/2026-FLFLS-261800092,Wildfires,disaster
EONET_20568,"CHALK Wildfire, Elmore, Idaho",Wildfires,2026-06-15 20:55:00+00:00,-115.531195,42.979816,https://irwin.doi.gov/observer/incidents/380e90a2-31a4-4bfc-81d2-32f300e90f86,Wildfires,disaster
EONET_21076,"Wildfire CHALK, Elmore, Idaho",Wildfires,2026-06-15 20:55:00+00:00,-115.531195,42.979816,https://irwin.doi.gov/observer/incidents/2026-IDBOD-000460,Wildfires,disaster
EONET_21018,"Wildfire Sycamore, Gila, Arizona",Wildfires,2026-06-15 20:37:00+00:00,-110.754833,33.624167,https://irwin.doi.gov/observer/incidents/2026-AZTNF-000839,Wildfires,disaster
EONET_20540,Flood in Spain 1103948,Floods,2026-06-15 20:00:00+00:00,-1.4860622,43.1653625,https://www.gdacs.org/report.aspx?eventtype=FL&eventid=1103948,Floods,disaster
EONET_20573,Wildfire in Botswana 1028958,Wildfires,2026-06-15 19:00:00+00:00,22.701468830992944,-20.498318994572664,https://www.gdacs.org/report.aspx?eventtype=WF&eventid=1028958,Wildfires,disaster
EONET_20586,Wildfire in Australia 1028975,Wildfires,2026-06-15 19:00:00+00:00,142.49166947583657,-13.187878925025368,https://www.gdacs.org/report.aspx?eventtype=WF&eventid=1028975,Wildfires,disaster
EONET_20599,Wildfire in Russian Federation 1028985,Wildfires,2026-06-15 19:00:00+00:00,84.96869862664218,59.48171950413898,https://www.gdacs.org/report.aspx?eventtype=WF&eventid=1028985,Wildfires,disaster
EONET_20622,Wildfire in Ethiopia 1028992,Wildfires,2026-06-15 19:00:00+00:00,33.827655584976874,8.082010231718773,https://www.gdacs.org/report.aspx?eventtype=WF&eventid=1028992,Wildfires,disaster
EONET_20687,Wildfire in Australia 1029056,Wildfires,2026-06-15 19:00:00+00:00,132.5475552356966,-13.019726871052464,https://www.gdacs.org/report.aspx?eventtype=WF&eventid=1029056,Wildfires,disaster
EONET_20706,Wildfire in The Democratic Republic of Congo 1029064,Wildfires,2026-06-15 19:00:00+00:00,23.40133997788168,-2.2376612751507214,https://www.gdacs.org/report.aspx?eventtype=WF&eventid=1029064,Wildfires,disaster
EONET_20707,Wildfire in The Democratic Republic of Congo 1029065,Wildfires,2026-06-15 19:00:00+00:00,23.398102493541003,-3.3653420244323815,https://www.gdacs.org/report.aspx?eventtype=WF&eventid=1029065,Wildfires,disaster
EONET_20754,Wildfire in The Democratic Republic of Congo 1029106,Wildfires,2026-06-15 19:00:00+00:00,23.75017886473509,-8.904755888175293,https://www.gdacs.org/report.aspx?eventtype=WF&eventid=1029106,Wildfires,disaster
EONET_20755,Wildfire in The Democratic Republic of Congo 1029107,Wildfires,2026-06-15 19:00:00+00:00,23.65027220697667,-3.839760678987939,https://www.gdacs.org/report.aspx?eventtype=WF&eventid=1029107,Wildfires,disaster
EONET_20756,Wildfire in The Democratic Republic of Congo 1029108,Wildfires,2026-06-15 19:00:00+00:00,23.626797274307332,-3.340591145345517,https://www.gdacs.org/report.aspx?eventtype=WF&eventid=1029108,Wildfires,disaster
EONET_20793,Wildfire in The Democratic Republic of Congo 1029119,Wildfires,2026-06-15 19:00:00+00:00,23.7478283856425,-3.230017021717498,https://www.gdacs.org/report.aspx?eventtype=WF&eventid=1029119,Wildfires,disaster
EONET_20794,Wildfire in Australia 1029155,Wildfires,2026-06-15 19:00:00+00:00,142.7496338534703,-14.20261479668398,https://www.gdacs.org/report.aspx?eventtype=WF&eventid=1029155,Wildfires,disaster
EONET_20821,Wildfire in The Democratic Republic of Congo 1029163,Wildfires,2026-06-15 19:00:00+00:00,26.67228680200833,-6.699741061186849,https://www.gdacs.org/report.aspx?eventtype=WF&eventid=1029163,Wildfires,disaster
EONET_20569,"Dellenbaugh Wildfire, Mohave, Arizona",Wildfires,2026-06-15 18:32:00+00:00,-113.535333,36.075,https://irwin.doi.gov/observer/incidents/d2a2e720-cb4f-4f98-a6c6-3417fa0ad791,Wildfires,disaster
EONET_21074,"Wildfire Dellenbaugh, Mohave, Arizona",Wildfires,2026-06-15 18:32:00+00:00,-113.535333,36.075,https://irwin.doi.gov/observer/incidents/2026-NVLAP-000211,Wildfires,disaster
EONET_20570,"APQ Area 5A RX 0615 Prescribed Fire, Polk, Florida",Wildfires,2026-06-15 18:30:00+00:00,-81.330714,27.720842,https://irwin.doi.gov/observer/incidents/2a3db5ce-77d5-4236-9b66-4e227dd2a974,Wildfires,disaster
EONET_21126,"Prescribed Fire APQ Area 5A RX 0615, Polk, Florida",Wildfires,2026-06-15 18:30:00+00:00,-81.330714,27.720842,https://irwin.doi.gov/observer/incidents/2026-FLAPQ-001911,Wildfires,disaster
EONET_20564,"SHORE Wildfire, Riverside, California",Wildfires,2026-06-15 18:24:00+00:00,-117.103582,33.976656,https://irwin.doi.gov/observer/incidents/03f662a5-8682-4222-802b-db472aa03c6a,Wildfires,disaster
EONET_21100,"Wildfire SHORE., Riverside, California",Wildfires,2026-06-15 18:24:00+00:00,-117.103582,33.976656,https://irwin.doi.gov/observer/incidents/2026-CARRU-096793,Wildfires,disaster
EONET_21113,"Wildfire MATEO, San Diego, California",Wildfires,2026-06-15 17:58:00+00:00,-117.487667,33.462444,https://irwin.doi.gov/observer/incidents/2026-CAPMQ-002208,Wildfires,disaster
EONET_20566,"Rock Canyon Wildfire, Coconino, Arizona",Wildfires,2026-06-15 17:00:00+00:00,-112.2032,36.9157,https://irwin.doi.gov/observer/incidents/132c618c-7786-4fbc-852a-23493bf028f9,Wildfires,disaster
EONET_21012,"Wildfire Rock Canyon, Coconino, Arizona",Wildfires,2026-06-15 17:00:00+00:00,-112.2032,36.9157,https://irwin.doi.gov/observer/incidents/2026-AZA1S-000208,Wildfires,disaster
EONET_20710,"Nevados del Chillan Volcano, Chile",Volcanoes,2026-06-15 00:00:00+00:00,-71.378,-36.868,https://volcano.si.edu/volcano.cfm?vn=357070,Volcanoes,disaster
EONET_20541,Flood in Portugal 1103947,Floods,2026-06-14 20:00:00+00:00,-7.128034,40.7818172,https://www.gdacs.org/report.aspx?eventtype=FL&eventid=1103947,Floods,disaster
EONET_20542,Flood in Tunisia 1103945,Floods,2026-06-14 20:00:00+00:00,8.3547342,36.2220401,https://www.gdacs.org/report.aspx?eventtype=FL&eventid=1103945,Floods,disaster
EONET_20543,Flood in Bosnia &amp; Herzegovina 1103946,Floods,2026-06-14 20:00:00+00:00,18.4309501,43.8591032,https://www.gdacs.org/report.aspx?eventtype=FL&eventid=1103946,Floods,disaster
EONET_20572,Flood in Guatemala 1103949,Floods,2026-06-14 20:00:00+00:00,-91.5647814,14.3040004,https://www.gdacs.org/report.aspx?eventtype=FL&eventid=1103949,Floods,disaster
EONET_20585,Flood in Indonesia 1103950,Floods,2026-06-14 20:00:00+00:00,95.9715039,4.418877,https://www.gdacs.org/report.aspx?eventtype=FL&eventid=1103950,Floods,disaster
EONET_20520,"Green Gate (26) Wildfire, Hendry, Florida",Wildfires,2026-06-14 19:39:00+00:00,-81.1661111,26.3666667,https://irwin.doi.gov/observer/incidents/4938d3ea-e3f3-4275-bbdb-d6cd0251c8e2,Wildfires,disaster
EONET_20502,Wildfire in Australia 1028924,Wildfires,2026-06-14 19:00:00+00:00,142.4122203856778,-16.42474695553931,https://www.gdacs.org/report.aspx?eventtype=WF&eventid=1028924,Wildfires,disaster
EONET_20503,Wildfire in Australia 1028925,Wildfires,2026-06-14 19:00:00+00:00,142.11171560309728,-14.180763159781865,https://www.gdacs.org/report.aspx?eventtype=WF&eventid=1028925,Wildfires,disaster
EONET_20544,Wildfire in Russian Federation 1028945,Wildfires,2026-06-14 19:00:00+00:00,124.13665965620172,55.30943714180636,https://www.gdacs.org/report.aspx?eventtype=WF&eventid=1028945,Wildfires,disaster
EONET_20574,Wildfire in The Democratic Republic of Congo 1028962,Wildfires,2026-06-14 19:00:00+00:00,18.450912929468224,-6.45130603213751,https://www.gdacs.org/report.aspx?eventtype=WF&eventid=1028962,Wildfires,disaster
EONET_20575,Wildfire in United States 1028966,Wildfires,2026-06-14 19:00:00+00:00,-80.45082944340456,25.846417396054804,https://www.gdacs.org/report.aspx?eventtype=WF&eventid=1028966,Wildfires,disaster
EONET_20600,Wildfire in Russian Federation 1028986,Wildfires,2026-06-14 19:00:00+00:00,84.10133965754613,62.60644180644274,https://www.gdacs.org/report.aspx?eventtype=WF&eventid=1028986,Wildfires,disaster
EONET_20623,Wildfire in Russian Federation 1028987,Wildfires,2026-06-14 19:00:00+00:00,87.74306584160698,61.96475783411119,https://www.gdacs.org/report.aspx?eventtype=WF&eventid=1028987,Wildfires,disaster
EONET_20644,Wildfire in The Democratic Republic of Congo 1029009,Wildfires,2026-06-14 19:00:00+00:00,27.82944431859159,-4.499010417757006,https://www.gdacs.org/report.aspx?eventtype=WF&eventid=1029009,Wildfires,disaster
EONET_20667,Wildfire in The Democratic Republic of Congo 1029024,Wildfires,2026-06-14 19:00:00+00:00,20.08874607944617,-6.644427977902156,https://www.gdacs.org/report.aspx?eventtype=WF&eventid=1029024,Wildfires,disaster
EONET_20688,Wildfire in The Democratic Republic of Congo 1029045,Wildfires,2026-06-14 19:00:00+00:00,25.661355342720743,-7.217288211863029,https://www.gdacs.org/report.aspx?eventtype=WF&eventid=1029045,Wildfires,disaster
EONET_20689,Wildfire in Australia 1029049,Wildfires,2026-06-14 19:00:00+00:00,142.10644030548994,-13.794804591262723,https://www.gdacs.org/report.aspx?eventtype=WF&eventid=1029049,Wildfires,disaster
EONET_20708,Wildfire in The Democratic Republic of Congo 1029066,Wildfires,2026-06-14 19:00:00+00:00,23.77714566080545,-3.8721477375559936,https://www.gdacs.org/report.aspx?eventtype=WF&eventid=1029066,Wildfires,disaster
EONET_20857,Wildfire in The Democratic Republic of Congo 1029195,Wildfires,2026-06-14 19:00:00+00:00,27.496208591549752,-7.29206059206568,https://www.gdacs.org/report.aspx?eventtype=WF&eventid=1029195,Wildfires,disaster
EONET_20523,"MIDNIGHT FIRE (53) Wildfire, Polk, Florida",Wildfires,2026-06-14 17:18:00+00:00,-81.9430556,27.7152778,https://irwin.doi.gov/observer/incidents/c61d92b4-87be-470d-ae01-0835c4bbfa08,Wildfires,disaster
EONET_21129,"Wildfire MIDNIGHT FIRE (53), Polk, Florida",Wildfires,2026-06-14 17:18:00+00:00,-81.9430556,27.7152778,https://irwin.doi.gov/observer/incidents/2026-FLFLS-261400311,Wildfires,disaster
EONET_21103,"Wildfire OIE, Benton, Washington",Wildfires,2026-06-14 16:42:00+00:00,-119.57664,46.27276,https://irwin.doi.gov/observer/incidents/2026-WABENN-260224,Wildfires,disaster
EONET_20516,"4170 Tule Rd Wildfire, Yakima, Washington",Wildfires,2026-06-14 16:30:00+00:00,-120.3144,46.27602,https://irwin.doi.gov/observer/incidents/508c8cf0-37e0-4de8-8135-3ecd306c7386,Wildfires,disaster
EONET_21072,"Wildfire 4170 Tule Rd, Yakima, Washington",Wildfires,2026-06-14 16:30:00+00:00,-120.3144,46.27602,https://irwin.doi.gov/observer/incidents/2026-WAYAA-000023,Wildfires,disaster
EONET_20514,"PV Wildfire, Ada, Idaho",Wildfires,2026-06-14 14:52:00+00:00,-116.220336,43.363867,https://irwin.doi.gov/observer/incidents/c8ced12a-10c8-4afb-a3a6-125e4eee44fa,Wildfires,disaster
EONET_21078,"Wildfire PV, Ada, Idaho",Wildfires,2026-06-14 14:52:00+00:00,-116.220336,43.363867,https://irwin.doi.gov/observer/incidents/2026-IDBOD-000452,Wildfires,disaster
EONET_20513,"Rookery Wildfire, Volusia, Florida",Wildfires,2026-06-14 10:57:00+00:00,-81.426633,29.07815,https://irwin.doi.gov/observer/incidents/6e1a283f-4803-4eb5-8b92-ad3f2431cc30,Wildfires,disaster
EONET_21042,"Wildfire Rookery, Volusia, Florida",Wildfires,2026-06-14 10:57:00+00:00,-81.426633,29.07815,https://irwin.doi.gov/observer/incidents/2026-FLLWR-001886,Wildfires,disaster
EONET_20571,"TWIN SISTERS Wildfire, Walla Walla, Washington",Wildfires,2026-06-14 10:26:00+00:00,-118.90997,46.05679,https://irwin.doi.gov/observer/incidents/40432b79-397f-4c30-8667-2dce4a76a6fe,Wildfires,disaster
EONET_21102,"Wildfire TWIN SISTERS, Walla Walla, Washington",Wildfires,2026-06-14 10:26:00+00:00,-118.90997,46.05679,https://irwin.doi.gov/observer/incidents/2026-WAWFS-260222,Wildfires,disaster
EONET_20517,"JUNIPER DUNES Wildfire, Franklin, Washington",Wildfires,2026-06-14 10:25:00+00:00,-118.896108,46.346137,https://irwin.doi.gov/observer/incidents/2bf2fcd4-a94b-4bc9-a0c2-32da863eeb9b,Wildfires,disaster
EONET_21041,"Wildfire JUNIPER DUNES, Franklin, Washington",Wildfires,2026-06-14 10:25:00+00:00,-118.896108,46.346137,https://irwin.doi.gov/observer/incidents/2026-WASPD-260221,Wildfires,disaster
EONET_20525,Flood in Mexico 1103944,Floods,2026-06-13 20:00:00+00:00,-100.5403411,28.6913408,https://www.gdacs.org/report.aspx?eventtype=FL&eventid=1103944,Floods,disaster
EONET_20504,Wildfire in Australia 1028926,Wildfires,2026-06-13 19:00:00+00:00,133.7543429063048,-13.384087398001604,https://www.gdacs.org/report.aspx?eventtype=WF&eventid=1028926,Wildfires,disaster
EONET_20545,Wildfire in Brazil 1028953,Wildfires,2026-06-13 19:00:00+00:00,-46.965508689198586,-8.960977424300507,https://www.gdacs.org/report.aspx?eventtype=WF&eventid=1028953,Wildfires,disaster
EONET_20587,Wildfire in Australia 1028976,Wildfires,2026-06-13 19:00:00+00:00,134.11192959313942,-13.173954249625826,https://www.gdacs.org/report.aspx?eventtype=WF&eventid=1028976,Wildfires,disaster
EONET_20601,Wildfire in The Democratic Republic of Congo 1028979,Wildfires,2026-06-13 19:00:00+00:00,26.70489596898491,-6.197986898893775,https://www.gdacs.org/report.aspx?eventtype=WF&eventid=1028979,Wildfires,disaster
EONET_20602,Wildfire in Russian Federation 1028977,Wildfires,2026-06-13 19:00:00+00:00,84.29235935069956,60.21142745927929,https://www.gdacs.org/report.aspx?eventtype=WF&eventid=1028977,Wildfires,disaster
EONET_20624,Wildfire in Russian Federation 1029000,Wildfires,2026-06-13 19:00:00+00:00,85.29215801248367,62.37002166829888,https://www.gdacs.org/report.aspx?eventtype=WF&eventid=1029000,Wildfires,disaster
EONET_20645,Wildfire in Australia 1029014,Wildfires,2026-06-13 19:00:00+00:00,127.46582178552951,-15.654768253135154,https://www.gdacs.org/report.aspx?eventtype=WF&eventid=1029014,Wildfires,disaster
EONET_20668,Wildfire in The Democratic Republic of Congo 1029025,Wildfires,2026-06-13 19:00:00+00:00,26.81981085009369,-6.250826995793532,https://www.gdacs.org/report.aspx?eventtype=WF&eventid=1029025,Wildfires,disaster
EONET_20690,Wildfire in The Democratic Republic of Congo 1029046,Wildfires,2026-06-13 19:00:00+00:00,19.88705364564587,-6.326262862073974,https://www.gdacs.org/report.aspx?eventtype=WF&eventid=1029046,Wildfires,disaster
EONET_20731,Wildfire in Russian Federation 1029081,Wildfires,2026-06-13 19:00:00+00:00,94.14619780744351,61.94273753838612,https://www.gdacs.org/report.aspx?eventtype=WF&eventid=1029081,Wildfires,disaster
EONET_20757,Wildfire in The Democratic Republic of Congo 1029109,Wildfires,2026-06-13 19:00:00+00:00,24.415310680933064,-3.4685724849698985,https://www.gdacs.org/report.aspx?eventtype=WF&eventid=1029109,Wildfires,disaster
EONET_20795,Wildfire in The Democratic Republic of Congo 1029136,Wildfires,2026-06-13 19:00:00+00:00,24.2835958751097,-3.052031060236759,https://www.gdacs.org/report.aspx?eventtype=WF&eventid=1029136,Wildfires,disaster
EONET_20519,"WYLY Wildfire, Kern, California",Wildfires,2026-06-13 17:54:00+00:00,-118.6341667,35.2638889,https://irwin.doi.gov/observer/incidents/8a228972-3098-42ab-9d28-5e402cd514bf,Wildfires,disaster
EONET_21125,"Wildfire WYLY, Kern, California",Wildfires,2026-06-13 17:54:00+00:00,-118.6341667,35.2638889,https://irwin.doi.gov/observer/incidents/2026-CAKRN-024220,Wildfires,disaster
EONET_20515,"26 Wildfire, Morton, Kansas",Wildfires,2026-06-13 15:16:00+00:00,-101.5906,37.1118,https://irwin.doi.gov/observer/incidents/79502bc1-5c23-420d-a637-83a37410215c,Wildfires,disaster
EONET_21128,"Wildfire 26, Morton, Kansas",Wildfires,2026-06-13 15:16:00+00:00,-101.5906,37.1118,https://irwin.doi.gov/observer/incidents/2026-KSMTX-000930,Wildfires,disaster
EONET_20518,"SNAKE RIVER Wildfire, Whitman, Washington",Wildfires,2026-06-13 10:37:00+00:00,-117.19118,46.4322,https://irwin.doi.gov/observer/incidents/6cdddfc2-32e2-4ed0-8e24-401809af71a3,Wildfires,disaster
EONET_21117,"Wildfire SNAKE RIVER, Whitman, Washington",Wildfires,2026-06-13 10:37:00+00:00,-117.19118,46.4322,https://irwin.doi.gov/observer/incidents/2026-WAWFS-001375,Wildfires,disaster
EONET_20499,Flood in Philippines 1103942,Floods,2026-06-12 20:00:00+00:00,124.8500742,5.8883557,https://www.gdacs.org/report.aspx?eventtype=FL&eventid=1103942,Floods,disaster
EONET_20500,Flood in Türkiye 1103943,Floods,2026-06-12 20:00:00+00:00,32.8087786,39.9661061,https://www.gdacs.org/report.aspx?eventtype=FL&eventid=1103943,Floods,disaster
EONET_20484,Wildfire in Zambia 1028904,Wildfires,2026-06-12 19:00:00+00:00,25.443081972078488,-15.346593303789502,https://www.gdacs.org/report.aspx?eventtype=WF&eventid=1028904,Wildfires,disaster
EONET_20526,Wildfire in The Democratic Republic of Congo 1028930,Wildfires,2026-06-12 19:00:00+00:00,18.623358436994593,-6.555369269013503,https://www.gdacs.org/report.aspx?eventtype=WF&eventid=1028930,Wildfires,disaster
EONET_20546,Wildfire in The Democratic Republic of Congo 1028946,Wildfires,2026-06-12 19:00:00+00:00,23.977568377255142,-4.056770052776474,https://www.gdacs.org/report.aspx?eventtype=WF&eventid=1028946,Wildfires,disaster
EONET_20547,Wildfire in The Democratic Republic of Congo 1028947,Wildfires,2026-06-12 19:00:00+00:00,17.85086225927886,-6.8836776933868995,https://www.gdacs.org/report.aspx?eventtype=WF&eventid=1028947,Wildfires,disaster
EONET_20548,Wildfire in Brazil 1028954,Wildfires,2026-06-12 19:00:00+00:00,-48.49549197652227,-6.153689443693378,https://www.gdacs.org/report.aspx?eventtype=WF&eventid=1028954,Wildfires,disaster
EONET_20576,Wildfire in Tanzania 1028959,Wildfires,2026-06-12 19:00:00+00:00,34.95961391380694,-1.658830674043192,https://www.gdacs.org/report.aspx?eventtype=WF&eventid=1028959,Wildfires,disaster
EONET_20588,Wildfire in Botswana 1028971,Wildfires,2026-06-12 19:00:00+00:00,22.694404223669373,-20.502798342804272,https://www.gdacs.org/report.aspx?eventtype=WF&eventid=1028971,Wildfires,disaster
EONET_20589,"Wildfire in Ethiopia, Sudan 1028970",Wildfires,2026-06-12 19:00:00+00:00,33.70464652764423,7.695250366361293,https://www.gdacs.org/report.aspx?eventtype=WF&eventid=1028970,Wildfires,disaster
EONET_20603,Wildfire in The Democratic Republic of Congo 1028980,Wildfires,2026-06-12 19:00:00+00:00,24.46378980795887,-3.310305267748899,https://www.gdacs.org/report.aspx?eventtype=WF&eventid=1028980,Wildfires,disaster
EONET_20691,Wildfire in The Democratic Republic of Congo 1029047,Wildfires,2026-06-12 19:00:00+00:00,23.790377908063736,-3.1486581410662087,https://www.gdacs.org/report.aspx?eventtype=WF&eventid=1029047,Wildfires,disaster
EONET_20732,Wildfire in The Democratic Republic of Congo 1029088,Wildfires,2026-06-12 19:00:00+00:00,24.104795094336215,-3.5746352362057805,https://www.gdacs.org/report.aspx?eventtype=WF&eventid=1029088,Wildfires,disaster
EONET_20733,Wildfire in The Democratic Republic of Congo 1029089,Wildfires,2026-06-12 19:00:00+00:00,24.556964190227195,-3.7019539698896273,https://www.gdacs.org/report.aspx?eventtype=WF&eventid=1029089,Wildfires,disaster
EONET_20522,"Kilolitna Wildfire, Yukon-Koyukuk, Alaska",Wildfires,2026-06-12 12:12:00+00:00,-151.805649,66.047957,https://irwin.doi.gov/observer/incidents/2b964609-cd9a-49ca-9cfd-7f619752086e,Wildfires,disaster
EONET_21112,"Wildfire Kilolitna, Yukon-Koyukuk, Alaska",Wildfires,2026-06-12 12:12:00+00:00,-151.805649,66.047957,https://irwin.doi.gov/observer/incidents/2026-AKTAD-000177,Wildfires,disaster
EONET_20524,"Unit 16/20 Rx Prescribed Fire, Bibb, Alabama",Wildfires,2026-06-12 11:08:00+00:00,-87.047567,33.062922,https://irwin.doi.gov/observer/incidents/c12a7126-d9c6-4bf7-be0f-2b05fe17d037,Wildfires,disaster
EONET_21130,"Prescribed Fire Unit 16/20 Rx, Bibb, Alabama",Wildfires,2026-06-12 11:08:00+00:00,-87.047567,33.062922,https://irwin.doi.gov/observer/incidents/2026-ALCRR-000346,Wildfires,disaster
EONET_21066,"Wildfire Canyon, Yukon-Koyukuk, Alaska",Wildfires,2026-06-11 21:35:00+00:00,-150.813113,65.449075,https://irwin.doi.gov/observer/incidents/2026-AKTAD-000174,Wildfires,disaster
EONET_20450,Wildfire in Australia 1028879,Wildfires,2026-06-11 19:00:00+00:00,142.5443337537059,-12.589260915633671,https://www.gdacs.org/report.aspx?eventtype=WF&eventid=1028879,Wildfires,disaster
EONET_20466,Wildfire in The Democratic Republic of Congo 1028886,Wildfires,2026-06-11 19:00:00+00:00,19.31206592998262,-6.637666471031358,https://www.gdacs.org/report.aspx?eventtype=WF&eventid=1028886,Wildfires,disaster
EONET_20467,Wildfire in Brazil 1028897,Wildfires,2026-06-11 19:00:00+00:00,-46.69050869237126,-11.235138379626322,https://www.gdacs.org/report.aspx?eventtype=WF&eventid=1028897,Wildfires,disaster
EONET_20468,Wildfire in Australia 1028898,Wildfires,2026-06-11 19:00:00+00:00,131.50193435101338,-13.51797962948999,https://www.gdacs.org/report.aspx?eventtype=WF&eventid=1028898,Wildfires,disaster
EONET_20485,Wildfire in Australia 1028905,Wildfires,2026-06-11 19:00:00+00:00,133.57779815647447,-14.058115110567558,https://www.gdacs.org/report.aspx?eventtype=WF&eventid=1028905,Wildfires,disaster
EONET_20486,Wildfire in Australia 1028916,Wildfires,2026-06-11 19:00:00+00:00,131.54984883415122,-13.525345177490214,https://www.gdacs.org/report.aspx?eventtype=WF&eventid=1028916,Wildfires,disaster
EONET_20487,Wildfire in Australia 1028917,Wildfires,2026-06-11 19:00:00+00:00,123.90413525809804,-16.73887624222877,https://www.gdacs.org/report.aspx?eventtype=WF&eventid=1028917,Wildfires,disaster
EONET_20527,Wildfire in The Democratic Republic of Congo 1028931,Wildfires,2026-06-11 19:00:00+00:00,26.654605406979535,-6.432781445978022,https://www.gdacs.org/report.aspx?eventtype=WF&eventid=1028931,Wildfires,disaster
EONET_20549,Wildfire in Russian Federation 1028955,Wildfires,2026-06-11 19:00:00+00:00,90.59795115567998,59.10097386058258,https://www.gdacs.org/report.aspx?eventtype=WF&eventid=1028955,Wildfires,disaster
EONET_20550,Wildfire in Russian Federation 1028956,Wildfires,2026-06-11 19:00:00+00:00,90.30910946477005,59.43320857144882,https://www.gdacs.org/report.aspx?eventtype=WF&eventid=1028956,Wildfires,disaster
EONET_20577,Wildfire in Russian Federation 1028967,Wildfires,2026-06-11 19:00:00+00:00,89.73283093991624,59.32636467487234,https://www.gdacs.org/report.aspx?eventtype=WF&eventid=1028967,Wildfires,disaster
EONET_20578,Wildfire in Russian Federation 1028960,Wildfires,2026-06-11 19:00:00+00:00,90.46594449141688,59.81861323323651,https://www.gdacs.org/report.aspx?eventtype=WF&eventid=1028960,Wildfires,disaster
EONET_20579,Wildfire in The Democratic Republic of Congo 1028963,Wildfires,2026-06-11 19:00:00+00:00,20.23125169468678,-6.518747404072268,https://www.gdacs.org/report.aspx?eventtype=WF&eventid=1028963,Wildfires,disaster
EONET_20625,Wildfire in The Democratic Republic of Congo 1029001,Wildfires,2026-06-11 19:00:00+00:00,26.68866959949124,-6.278085488862925,https://www.gdacs.org/report.aspx?eventtype=WF&eventid=1029001,Wildfires,disaster
EONET_20626,Wildfire in The Democratic Republic of Congo 1028994,Wildfires,2026-06-11 19:00:00+00:00,23.271813481311348,-3.138934208336005,https://www.gdacs.org/report.aspx?eventtype=WF&eventid=1028994,Wildfires,disaster
EONET_20627,Wildfire in Russian Federation 1028993,Wildfires,2026-06-11 19:00:00+00:00,90.8916699258175,59.08953351363435,https://www.gdacs.org/report.aspx?eventtype=WF&eventid=1028993,Wildfires,disaster
EONET_20646,Wildfire in The Democratic Republic of Congo 1029010,Wildfires,2026-06-11 19:00:00+00:00,29.08837926046672,-4.493932549299573,https://www.gdacs.org/report.aspx?eventtype=WF&eventid=1029010,Wildfires,disaster
EONET_20692,Wildfire in The Democratic Republic of Congo 1029041,Wildfires,2026-06-11 19:00:00+00:00,24.366046589050217,-3.1960516062593283,https://www.gdacs.org/report.aspx?eventtype=WF&eventid=1029041,Wildfires,disaster
EONET_20734,Wildfire in The Democratic Republic of Congo 1029090,Wildfires,2026-06-11 19:00:00+00:00,23.86021890179692,-2.921777812636492,https://www.gdacs.org/report.aspx?eventtype=WF&eventid=1029090,Wildfires,disaster
EONET_20735,Wildfire in The Democratic Republic of Congo 1029091,Wildfires,2026-06-11 19:00:00+00:00,24.007631852229157,-3.3034219456846543,https://www.gdacs.org/report.aspx?eventtype=WF&eventid=1029091,Wildfires,disaster
EONET_20758,Wildfire in Russian Federation 1029099,Wildfires,2026-06-11 19:00:00+00:00,90.54392198988675,59.94051406709327,https://www.gdacs.org/report.aspx?eventtype=WF&eventid=1029099,Wildfires,disaster
EONET_20796,Wildfire in The Democratic Republic of Congo 1029137,Wildfires,2026-06-11 19:00:00+00:00,28.22153387806352,-6.92710723563813,https://www.gdacs.org/report.aspx?eventtype=WF&eventid=1029137,Wildfires,disaster
EONET_20465,Flood in Malaysia 1103939,Floods,2026-06-10 20:00:00+00:00,113.0472803,3.1874261,https://www.gdacs.org/report.aspx?eventtype=FL&eventid=1103939,Floods,disaster
EONET_20501,Flood in Brazil 1103940,Floods,2026-06-10 20:00:00+00:00,-51.8148872,-24.4842187,https://www.gdacs.org/report.aspx?eventtype=FL&eventid=1103940,Floods,disaster
EONET_20469,Wildfire in Australia 1028899,Wildfires,2026-06-10 19:00:00+00:00,134.70337611487264,-12.825820366179917,https://www.gdacs.org/report.aspx?eventtype=WF&eventid=1028899,Wildfires,disaster
EONET_20470,Wildfire in Australia 1028900,Wildfires,2026-06-10 19:00:00+00:00,131.06509261805598,-13.401184701168486,https://www.gdacs.org/report.aspx?eventtype=WF&eventid=1028900,Wildfires,disaster
EONET_20488,Wildfire in Angola 1028906,Wildfires,2026-06-10 19:00:00+00:00,21.485915841357635,-12.900538969682543,https://www.gdacs.org/report.aspx?eventtype=WF&eventid=1028906,Wildfires,disaster
EONET_20489,Wildfire in Australia 1028918,Wildfires,2026-06-10 19:00:00+00:00,134.0722774186489,-13.071537368803869,https://www.gdacs.org/report.aspx?eventtype=WF&eventid=1028918,Wildfires,disaster
EONET_20505,Wildfire in Tanzania 1028919,Wildfires,2026-06-10 19:00:00+00:00,31.044582825023248,-4.808194809466016,https://www.gdacs.org/report.aspx?eventtype=WF&eventid=1028919,Wildfires,disaster
EONET_20528,Wildfire in The Democratic Republic of Congo 1028932,Wildfires,2026-06-10 19:00:00+00:00,26.961049660862543,-9.048126851549338,https://www.gdacs.org/report.aspx?eventtype=WF&eventid=1028932,Wildfires,disaster
EONET_20529,Wildfire in Australia 1028942,Wildfires,2026-06-10 19:00:00+00:00,125.12547101184911,-15.215824890028824,https://www.gdacs.org/report.aspx?eventtype=WF&eventid=1028942,Wildfires,disaster
EONET_20551,Wildfire in The Democratic Republic of Congo 1028949,Wildfires,2026-06-10 19:00:00+00:00,23.9553298513203,-3.2119000108911697,https://www.gdacs.org/report.aspx?eventtype=WF&eventid=1028949,Wildfires,disaster
EONET_20552,Wildfire in Russian Federation 1028944,Wildfires,2026-06-10 19:00:00+00:00,90.25356240066354,59.53666449529018,https://www.gdacs.org/report.aspx?eventtype=WF&eventid=1028944,Wildfires,disaster
EONET_20553,Wildfire in The Democratic Republic of Congo 1028948,Wildfires,2026-06-10 19:00:00+00:00,24.008266238539104,-3.5286935901511143,https://www.gdacs.org/report.aspx?eventtype=WF&eventid=1028948,Wildfires,disaster
EONET_20580,Wildfire in Russian Federation 1028968,Wildfires,2026-06-10 19:00:00+00:00,90.79069651383392,59.486333004601875,https://www.gdacs.org/report.aspx?eventtype=WF&eventid=1028968,Wildfires,disaster
EONET_20590,Wildfire in Australia 1028973,Wildfires,2026-06-10 19:00:00+00:00,141.802610529256,-13.305037312166528,https://www.gdacs.org/report.aspx?eventtype=WF&eventid=1028973,Wildfires,disaster
EONET_20628,Wildfire in The Democratic Republic of Congo 1028995,Wildfires,2026-06-10 19:00:00+00:00,24.413296725382992,-3.325201982013827,https://www.gdacs.org/report.aspx?eventtype=WF&eventid=1028995,Wildfires,disaster
EONET_20647,Wildfire in The Democratic Republic of Congo 1029011,Wildfires,2026-06-10 19:00:00+00:00,27.220687475091363,-9.324576792726,https://www.gdacs.org/report.aspx?eventtype=WF&eventid=1029011,Wildfires,disaster
EONET_20669,Wildfire in Russian Federation 1029020,Wildfires,2026-06-10 19:00:00+00:00,88.95192673535956,60.80062652115256,https://www.gdacs.org/report.aspx?eventtype=WF&eventid=1029020,Wildfires,disaster
EONET_20670,Wildfire in The Democratic Republic of Congo 1029026,Wildfires,2026-06-10 19:00:00+00:00,24.48948354755528,-3.931595500695285,https://www.gdacs.org/report.aspx?eventtype=WF&eventid=1029026,Wildfires,disaster
EONET_20446,"Little Schloss RX Prescribed Fire, Shenandoah, Virginia",Wildfires,2026-06-10 14:51:00+00:00,-78.636,38.925944,https://irwin.doi.gov/observer/incidents/f066e958-c756-47ce-bfc2-434cea024aec,Wildfires,disaster
EONET_21132,"Prescribed Fire Little Schloss RX, Shenandoah, Virginia",Wildfires,2026-06-10 14:51:00+00:00,-78.636,38.925944,https://irwin.doi.gov/observer/incidents/2026-VAVAF-260053,Wildfires,disaster
EONET_20445,"CR X and CR 2 Wildfire, Prowers, Colorado",Wildfires,2026-06-09 21:20:00+00:00,-102.726028,37.966389,https://irwin.doi.gov/observer/incidents/9732982a-81ab-48e6-8e0f-47cefbe60ac2,Wildfires,disaster
EONET_21124,"Wildfire CR X and CR 2, Prowers, Colorado",Wildfires,2026-06-09 21:20:00+00:00,-102.726028,37.966389,https://irwin.doi.gov/observer/incidents/2026-COPWX-000894,Wildfires,disaster
EONET_20442,"South Fork Wildfire, Sioux, Nebraska",Wildfires,2026-06-09 20:08:00+00:00,-103.638333,42.659167,https://irwin.doi.gov/observer/incidents/979b5387-72fa-480b-bd4f-cde2c4fe9ed3,Wildfires,disaster
EONET_21098,"Wildfire South Fork, Sioux, Nebraska",Wildfires,2026-06-09 20:08:00+00:00,-103.638333,42.659167,https://irwin.doi.gov/observer/incidents/2026-NENBF-260530,Wildfires,disaster
EONET_20425,Wildfire in United States 1028867,Wildfires,2026-06-09 19:00:00+00:00,-103.57346060509504,42.67068758222755,https://www.gdacs.org/report.aspx?eventtype=WF&eventid=1028867,Wildfires,disaster
EONET_20426,Wildfire in Australia 1028855,Wildfires,2026-06-09 19:00:00+00:00,130.92042005514722,-13.339263985718068,https://www.gdacs.org/report.aspx?eventtype=WF&eventid=1028855,Wildfires,disaster
EONET_20451,Wildfire in Australia 1028880,Wildfires,2026-06-09 19:00:00+00:00,131.0001419093015,-13.28211367836668,https://www.gdacs.org/report.aspx?eventtype=WF&eventid=1028880,Wildfires,disaster
EONET_20452,Wildfire in Australia 1028881,Wildfires,2026-06-09 19:00:00+00:00,127.73374021630556,-14.901558728921804,https://www.gdacs.org/report.aspx?eventtype=WF&eventid=1028881,Wildfires,disaster
EONET_20490,Wildfire in The Democratic Republic of Congo 1028907,Wildfires,2026-06-09 19:00:00+00:00,15.95080548856075,-5.304109958783614,https://www.gdacs.org/report.aspx?eventtype=WF&eventid=1028907,Wildfires,disaster
EONET_20506,Wildfire in Australia 1028927,Wildfires,2026-06-09 19:00:00+00:00,131.0466955323972,-13.08989511599587,https://www.gdacs.org/report.aspx?eventtype=WF&eventid=1028927,Wildfires,disaster
EONET_20507,Wildfire in Australia 1028928,Wildfires,2026-06-09 19:00:00+00:00,131.59066998927796,-13.957595703289067,https://www.gdacs.org/report.aspx?eventtype=WF&eventid=1028928,Wildfires,disaster
EONET_20530,Wildfire in Tanzania 1028933,Wildfires,2026-06-09 19:00:00+00:00,31.286400291297326,-3.889475808970036,https://www.gdacs.org/report.aspx?eventtype=WF&eventid=1028933,Wildfires,disaster
EONET_20554,Wildfire in Australia 1028957,Wildfires,2026-06-09 19:00:00+00:00,123.09911450100296,-17.144721182388462,https://www.gdacs.org/report.aspx?eventtype=WF&eventid=1028957,Wildfires,disaster
EONET_20581,Wildfire in Russian Federation 1028969,Wildfires,2026-06-09 19:00:00+00:00,88.30098705677521,59.62540210468415,https://www.gdacs.org/report.aspx?eventtype=WF&eventid=1028969,Wildfires,disaster
EONET_20604,Wildfire in Russian Federation 1028978,Wildfires,2026-06-09 19:00:00+00:00,85.29216592504676,62.21969301944234,https://www.gdacs.org/report.aspx?eventtype=WF&eventid=1028978,Wildfires,disaster
EONET_20648,Wildfire in Russian Federation 1029015,Wildfires,2026-06-09 19:00:00+00:00,91.19038577857631,58.977176278462586,https://www.gdacs.org/report.aspx?eventtype=WF&eventid=1029015,Wildfires,disaster
EONET_20521,"Bear Wildfire, Catron, New Mexico",Wildfires,2026-06-09 17:45:00+00:00,-108.292667,34.0465,https://irwin.doi.gov/observer/incidents/389ca949-636f-434b-b4be-25dd2d36fad6,Wildfires,disaster
EONET_21108,"Wildfire Bear, Catron, New Mexico",Wildfires,2026-06-09 17:45:00+00:00,-108.292667,34.0465,https://irwin.doi.gov/observer/incidents/2026-NMGNF-000307,Wildfires,disaster
EONET_20447,"APQ Area 11 Scrub RX 0608 Prescribed Fire, Highlands, Florida",Wildfires,2026-06-09 11:20:00+00:00,-81.2536,27.59925,https://irwin.doi.gov/observer/incidents/512a4063-032a-45bb-8320-a330d8e02edf,Wildfires,disaster
EONET_21133,"Prescribed Fire APQ Area 11 Scrub RX 0608, Highlands, Florida",Wildfires,2026-06-09 11:20:00+00:00,-81.2536,27.59925,https://irwin.doi.gov/observer/incidents/2026-FLAPQ-001831,Wildfires,disaster
EONET_20444,"South Mountain Wildfire, Tooele, Utah",Wildfires,2026-06-09 00:15:00+00:00,-112.410167,40.460017,https://irwin.doi.gov/observer/incidents/e295504e-c30f-4258-a0f8-5ada4100b3cf,Wildfires,disaster
EONET_21122,"Wildfire South Mountain, Tooele, Utah",Wildfires,2026-06-09 00:15:00+00:00,-112.410167,40.460017,https://irwin.doi.gov/observer/incidents/2026-UTNWS-200220,Wildfires,disaster
EONET_20396,Wildfire in Australia 1028846,Wildfires,2026-06-08 19:00:00+00:00,134.52512083084767,-12.542958938543745,https://www.gdacs.org/report.aspx?eventtype=WF&eventid=1028846,Wildfires,disaster
EONET_20453,Wildfire in Australia 1028882,Wildfires,2026-06-08 19:00:00+00:00,129.8112225366034,-13.888573956719096,https://www.gdacs.org/report.aspx?eventtype=WF&eventid=1028882,Wildfires,disaster
EONET_20454,Wildfire in Australia 1028883,Wildfires,2026-06-08 19:00:00+00:00,142.8457865512442,-13.615694282655037,https://www.gdacs.org/report.aspx?eventtype=WF&eventid=1028883,Wildfires,disaster
EONET_20471,Wildfire in The Democratic Republic of Congo 1028887,Wildfires,2026-06-08 19:00:00+00:00,20.38943562447794,-6.387627825728528,https://www.gdacs.org/report.aspx?eventtype=WF&eventid=1028887,Wildfires,disaster
EONET_20472,"Wildfire in Angola, The Democratic Republic of Congo 1028888",Wildfires,2026-06-08 19:00:00+00:00,20.360990955119014,-6.915516552869673,https://www.gdacs.org/report.aspx?eventtype=WF&eventid=1028888,Wildfires,disaster
EONET_20473,Wildfire in The Democratic Republic of Congo 1028889,Wildfires,2026-06-08 19:00:00+00:00,17.72810626261972,-6.08684790077856,https://www.gdacs.org/report.aspx?eventtype=WF&eventid=1028889,Wildfires,disaster
EONET_20474,Wildfire in Australia 1028901,Wildfires,2026-06-08 19:00:00+00:00,134.16175226267382,-12.912163939077049,https://www.gdacs.org/report.aspx?eventtype=WF&eventid=1028901,Wildfires,disaster
EONET_20475,Wildfire in The Democratic Republic of Congo 1028902,Wildfires,2026-06-08 19:00:00+00:00,26.748040007922615,-6.616513217103062,https://www.gdacs.org/report.aspx?eventtype=WF&eventid=1028902,Wildfires,disaster
EONET_20491,Wildfire in The Democratic Republic of Congo 1028908,Wildfires,2026-06-08 19:00:00+00:00,20.273912097443365,-6.243600754602707,https://www.gdacs.org/report.aspx?eventtype=WF&eventid=1028908,Wildfires,disaster
EONET_20508,Wildfire in The Democratic Republic of Congo 1028921,Wildfires,2026-06-08 19:00:00+00:00,20.05880269790099,-6.757730775713989,https://www.gdacs.org/report.aspx?eventtype=WF&eventid=1028921,Wildfires,disaster
EONET_20509,Wildfire in Angola 1028920,Wildfires,2026-06-08 19:00:00+00:00,17.885014714342724,-9.688364956030982,https://www.gdacs.org/report.aspx?eventtype=WF&eventid=1028920,Wildfires,disaster
EONET_20531,Wildfire in The Democratic Republic of Congo 1028934,Wildfires,2026-06-08 19:00:00+00:00,20.30299778067809,-6.4335020244352865,https://www.gdacs.org/report.aspx?eventtype=WF&eventid=1028934,Wildfires,disaster
EONET_20555,Wildfire in The Democratic Republic of Congo 1028950,Wildfires,2026-06-08 19:00:00+00:00,24.466705274578647,-3.698337997130901,https://www.gdacs.org/report.aspx?eventtype=WF&eventid=1028950,Wildfires,disaster
EONET_20605,Wildfire in The Democratic Republic of Congo 1028981,Wildfires,2026-06-08 19:00:00+00:00,24.167111032816877,-3.3948850800233923,https://www.gdacs.org/report.aspx?eventtype=WF&eventid=1028981,Wildfires,disaster
EONET_20629,Wildfire in The Democratic Republic of Congo 1028996,Wildfires,2026-06-08 19:00:00+00:00,24.554609415031827,-3.3301607527422243,https://www.gdacs.org/report.aspx?eventtype=WF&eventid=1028996,Wildfires,disaster
EONET_20630,Wildfire in The Democratic Republic of Congo 1028997,Wildfires,2026-06-08 19:00:00+00:00,27.619937232926,-7.553084722508263,https://www.gdacs.org/report.aspx?eventtype=WF&eventid=1028997,Wildfires,disaster
EONET_20631,Wildfire in The Democratic Republic of Congo 1028998,Wildfires,2026-06-08 19:00:00+00:00,23.99425946736836,-3.0097623683026753,https://www.gdacs.org/report.aspx?eventtype=WF&eventid=1028998,Wildfires,disaster
EONET_20709,Wildfire in The Democratic Republic of Congo 1029067,Wildfires,2026-06-08 19:00:00+00:00,27.55379494228082,-7.350677788718723,https://www.gdacs.org/report.aspx?eventtype=WF&eventid=1029067,Wildfires,disaster
EONET_20443,"PUTAH Wildfire, Yolo, California",Wildfires,2026-06-08 14:35:00+00:00,-122.0754,38.5148,https://irwin.doi.gov/observer/incidents/b6995205-eebc-4dae-ba37-4d10ca04a0dd,Wildfires,disaster
EONET_21110,"Wildfire PUTAH, Yolo, California",Wildfires,2026-06-08 14:35:00+00:00,-122.0754,38.5148,https://irwin.doi.gov/observer/incidents/2026-CALNU-009543,Wildfires,disaster
EONET_20412,Tropical Storm Cristina,Severe Storms,2026-06-08 12:00:00+00:00,-87.6,11.4,https://www.metoc.navy.mil/jtwc/products/ep0326.tcw,Severe Storms,disaster
EONET_20412,Tropical Storm Cristina,Severe Storms,2026-06-08 18:00:00+00:00,-87.7,11.9,https://www.metoc.navy.mil/jtwc/products/ep0326.tcw,Severe Storms,disaster
EONET_20412,Tropical Storm Cristina,Severe Storms,2026-06-09 00:00:00+00:00,-87.7,12.4,https://www.metoc.navy.mil/jtwc/products/ep0326.tcw,Severe Storms,disaster
EONET_20412,Tropical Storm Cristina,Severe Storms,2026-06-09 06:00:00+00:00,-87.5,12.6,https://www.metoc.navy.mil/jtwc/products/ep0326.tcw,Severe Storms,disaster
EONET_20412,Tropical Storm Cristina,Severe Storms,2026-06-09 12:00:00+00:00,-87.5,12.5,https://www.metoc.navy.mil/jtwc/products/ep0326.tcw,Severe Storms,disaster
EONET_20412,Tropical Storm Cristina,Severe Storms,2026-06-09 18:00:00+00:00,-87.7,12.7,https://www.metoc.navy.mil/jtwc/products/ep0326.tcw,Severe Storms,disaster
EONET_20412,Tropical Storm Cristina,Severe Storms,2026-06-10 00:00:00+00:00,-88.0,12.5,https://www.metoc.navy.mil/jtwc/products/ep0326.tcw,Severe Storms,disaster
EONET_20412,Tropical Storm Cristina,Severe Storms,2026-06-10 06:00:00+00:00,-88.4,12.4,https://www.metoc.navy.mil/jtwc/products/ep0326.tcw,Severe Storms,disaster
EONET_20412,Tropical Storm Cristina,Severe Storms,2026-06-10 12:00:00+00:00,-88.7,12.4,https://www.metoc.navy.mil/jtwc/products/ep0326.tcw,Severe Storms,disaster
EONET_20412,Tropical Storm Cristina,Severe Storms,2026-06-10 18:00:00+00:00,-88.8,12.5,https://www.metoc.navy.mil/jtwc/products/ep0326.tcw,Severe Storms,disaster
EONET_20412,Tropical Storm Cristina,Severe Storms,2026-06-11 00:00:00+00:00,-89.1,12.8,https://www.metoc.navy.mil/jtwc/products/ep0326.tcw,Severe Storms,disaster
EONET_20382,Tropical Storm Boris,Severe Storms,2026-06-08 06:00:00+00:00,-99.3,15.7,https://www.metoc.navy.mil/jtwc/products/ep0226.tcw,Severe Storms,disaster
EONET_20382,Tropical Storm Boris,Severe Storms,2026-06-08 12:00:00+00:00,-99.2,15.9,https://www.metoc.navy.mil/jtwc/products/ep0226.tcw,Severe Storms,disaster
EONET_20382,Tropical Storm Boris,Severe Storms,2026-06-08 18:00:00+00:00,-99.1,15.4,https://www.metoc.navy.mil/jtwc/products/ep0226.tcw,Severe Storms,disaster
EONET_20382,Tropical Storm Boris,Severe Storms,2026-06-09 00:00:00+00:00,-98.3,15.8,https://www.metoc.navy.mil/jtwc/products/ep0226.tcw,Severe Storms,disaster
EONET_20382,Tropical Storm Boris,Severe Storms,2026-06-09 06:00:00+00:00,-98.3,16.2,https://www.metoc.navy.mil/jtwc/products/ep0226.tcw,Severe Storms,disaster
EONET_20382,Tropical Storm Boris,Severe Storms,2026-06-09 12:00:00+00:00,-98.6,16.7,https://www.metoc.navy.mil/jtwc/products/ep0226.tcw,Severe Storms,disaster
EONET_20423,Flood in Ukraine 1103936,Floods,2026-06-07 20:00:00+00:00,28.445337,50.5959845,https://www.gdacs.org/report.aspx?eventtype=FL&eventid=1103936,Floods,disaster
EONET_20449,Flood in Nicaragua 1103938,Floods,2026-06-07 20:00:00+00:00,-85.3037739,13.0626733,https://www.gdacs.org/report.aspx?eventtype=FL&eventid=1103938,Floods,disaster
EONET_20397,Wildfire in Spain 1028845,Wildfires,2026-06-07 19:00:00+00:00,-7.050197518402303,37.4455641363333,https://www.gdacs.org/report.aspx?eventtype=WF&eventid=1028845,Wildfires,disaster
EONET_20427,Wildfire in Australia 1028868,Wildfires,2026-06-07 19:00:00+00:00,134.5264655967462,-12.510625469873531,https://www.gdacs.org/report.aspx?eventtype=WF&eventid=1028868,Wildfires,disaster
EONET_20455,Wildfire in Australia 1028884,Wildfires,2026-06-07 19:00:00+00:00,142.99817854527078,-13.702764785320312,https://www.gdacs.org/report.aspx?eventtype=WF&eventid=1028884,Wildfires,disaster
EONET_20476,Wildfire in The Democratic Republic of Congo 1028890,Wildfires,2026-06-07 19:00:00+00:00,17.85124180008635,-7.012596191900525,https://www.gdacs.org/report.aspx?eventtype=WF&eventid=1028890,Wildfires,disaster
EONET_20510,"Wildfire in The Democratic Republic of Congo, Angola 1028922",Wildfires,2026-06-07 19:00:00+00:00,20.27717354472836,-6.9794019174329165,https://www.gdacs.org/report.aspx?eventtype=WF&eventid=1028922,Wildfires,disaster
EONET_20511,Wildfire in Russian Federation 1028929,Wildfires,2026-06-07 19:00:00+00:00,89.94938407443736,59.86394130089189,https://www.gdacs.org/report.aspx?eventtype=WF&eventid=1028929,Wildfires,disaster
EONET_20532,Wildfire in The Democratic Republic of Congo 1028935,Wildfires,2026-06-07 19:00:00+00:00,18.98141121283332,-6.867323730357275,https://www.gdacs.org/report.aspx?eventtype=WF&eventid=1028935,Wildfires,disaster
EONET_20533,Wildfire in The Democratic Republic of Congo 1028936,Wildfires,2026-06-07 19:00:00+00:00,17.16498017277447,-6.608834165292774,https://www.gdacs.org/report.aspx?eventtype=WF&eventid=1028936,Wildfires,disaster
EONET_20556,Wildfire in Russian Federation 1028952,Wildfires,2026-06-07 19:00:00+00:00,90.14197265738294,59.755405102594736,https://www.gdacs.org/report.aspx?eventtype=WF&eventid=1028952,Wildfires,disaster
EONET_20557,Wildfire in The Democratic Republic of Congo 1028951,Wildfires,2026-06-07 19:00:00+00:00,18.995930886146013,-6.8793276591890455,https://www.gdacs.org/report.aspx?eventtype=WF&eventid=1028951,Wildfires,disaster
EONET_20582,Wildfire in Angola 1028964,Wildfires,2026-06-07 19:00:00+00:00,16.15270728313501,-12.637299373764256,https://www.gdacs.org/report.aspx?eventtype=WF&eventid=1028964,Wildfires,disaster
EONET_20632,Wildfire in Russian Federation 1029006,Wildfires,2026-06-07 19:00:00+00:00,93.54159321971866,60.308394420988755,https://www.gdacs.org/report.aspx?eventtype=WF&eventid=1029006,Wildfires,disaster
EONET_20649,Wildfire in The Democratic Republic of Congo 1029012,Wildfires,2026-06-07 19:00:00+00:00,26.71051026614928,-6.554232491983758,https://www.gdacs.org/report.aspx?eventtype=WF&eventid=1029012,Wildfires,disaster
EONET_20387,"Tower Wildfire, Millard, Utah",Wildfires,2026-06-07 15:24:00+00:00,-112.164042,39.205895,https://irwin.doi.gov/observer/incidents/6f3a4603-8a05-428a-b65c-16b6e2d33ab3,Wildfires,disaster
EONET_21014,"Wildfire Tower, Millard, Utah",Wildfires,2026-06-07 15:24:00+00:00,-112.164042,39.205895,https://irwin.doi.gov/observer/incidents/2026-UTWDD-260151,Wildfires,disaster
EONET_20448,"LXR Lower Third RX 0609 Prescribed Fire, Palm Beach, Florida",Wildfires,2026-06-07 14:01:00+00:00,-80.42115,26.509333,https://irwin.doi.gov/observer/incidents/4a32a7fc-9973-4e74-9a22-1319091ef683,Wildfires,disaster
EONET_21135,"Prescribed Fire LXR Lower Third RX 0609, Palm Beach, Florida",Wildfires,2026-06-07 14:01:00+00:00,-80.42115,26.509333,https://irwin.doi.gov/observer/incidents/2026-FLLXR-001817,Wildfires,disaster
EONET_20383,"FRONTAGE Wildfire, Baker, Oregon",Wildfires,2026-06-07 00:59:00+00:00,-117.251244,44.327451,https://irwin.doi.gov/observer/incidents/519f195a-83d8-4465-b494-a44555a2a9e6,Wildfires,disaster
EONET_21096,"Wildfire FRONTAGE, Baker, Oregon",Wildfires,2026-06-07 00:59:00+00:00,-117.251244,44.327451,https://irwin.doi.gov/observer/incidents/2026-ORVAD-260066,Wildfires,disaster
EONET_20388,"Raven Creek Wildfire, Weston, Wyoming",Wildfires,2026-06-06 20:44:00+00:00,-105.04695,44.084633,https://irwin.doi.gov/observer/incidents/7c1335d1-37d1-436f-9f42-05f089f964b5,Wildfires,disaster
EONET_21127,"Wildfire Raven Creek, Weston, Wyoming",Wildfires,2026-06-06 20:44:00+00:00,-105.04695,44.084633,https://irwin.doi.gov/observer/incidents/2026-WYWEX-000139,Wildfires,disaster
EONET_20393,Flood in Algeria 1103932,Floods,2026-06-06 20:00:00+00:00,1.921502,34.9651795,https://www.gdacs.org/report.aspx?eventtype=FL&eventid=1103932,Floods,disaster
EONET_20398,Wildfire in Russian Federation 1028847,Wildfires,2026-06-06 19:00:00+00:00,91.03382905965424,58.714792770153835,https://www.gdacs.org/report.aspx?eventtype=WF&eventid=1028847,Wildfires,disaster
EONET_20416,Wildfire in Canada 1028852,Wildfires,2026-06-06 19:00:00+00:00,-91.34815398001052,51.82447471374202,https://www.gdacs.org/report.aspx?eventtype=WF&eventid=1028852,Wildfires,disaster
EONET_20456,Wildfire in Russian Federation 1028878,Wildfires,2026-06-06 19:00:00+00:00,103.19569675128052,57.41749120808395,https://www.gdacs.org/report.aspx?eventtype=WF&eventid=1028878,Wildfires,disaster
EONET_20457,Wildfire in The Democratic Republic of Congo 1028871,Wildfires,2026-06-06 19:00:00+00:00,17.706779132708295,-6.465633401345252,https://www.gdacs.org/report.aspx?eventtype=WF&eventid=1028871,Wildfires,disaster
EONET_20492,Wildfire in The Democratic Republic of Congo 1028909,Wildfires,2026-06-06 19:00:00+00:00,19.26769975675213,-6.412817095889735,https://www.gdacs.org/report.aspx?eventtype=WF&eventid=1028909,Wildfires,disaster
EONET_20493,Wildfire in The Democratic Republic of Congo 1028910,Wildfires,2026-06-06 19:00:00+00:00,20.70577299284856,-7.118314869125766,https://www.gdacs.org/report.aspx?eventtype=WF&eventid=1028910,Wildfires,disaster
EONET_20583,Wildfire in Russian Federation 1028961,Wildfires,2026-06-06 19:00:00+00:00,90.91589231683544,58.95845141087042,https://www.gdacs.org/report.aspx?eventtype=WF&eventid=1028961,Wildfires,disaster
EONET_20591,Wildfire in Zambia 1028972,Wildfires,2026-06-06 19:00:00+00:00,30.520341923154728,-11.915302142711344,https://www.gdacs.org/report.aspx?eventtype=WF&eventid=1028972,Wildfires,disaster
EONET_20592,Wildfire in Russian Federation 1028974,Wildfires,2026-06-06 19:00:00+00:00,90.09915969222966,59.73009210274871,https://www.gdacs.org/report.aspx?eventtype=WF&eventid=1028974,Wildfires,disaster
EONET_20633,Wildfire in The Democratic Republic of Congo 1028988,Wildfires,2026-06-06 19:00:00+00:00,29.22588768058091,-1.4161272262384024,https://www.gdacs.org/report.aspx?eventtype=WF&eventid=1028988,Wildfires,disaster
EONET_20389,"CHESTNUT Wildfire, Chelan, Washington",Wildfires,2026-06-06 14:14:00+00:00,-120.018153,47.793631,https://irwin.doi.gov/observer/incidents/61b0da7b-ab05-43d3-a817-7087246a7765,Wildfires,disaster
EONET_21131,"Wildfire CHESTNUT, Chelan, Washington",Wildfires,2026-06-06 14:14:00+00:00,-120.018153,47.793631,https://irwin.doi.gov/observer/incidents/2026-WASES-260190,Wildfires,disaster
EONET_20394,Flood in China 1103933,Floods,2026-06-05 20:00:00+00:00,106.0346469,27.0272531,https://www.gdacs.org/report.aspx?eventtype=FL&eventid=1103933,Floods,disaster
EONET_20414,Flood in Canada 1103935,Floods,2026-06-05 20:00:00+00:00,-101.2326802,52.1230486,https://www.gdacs.org/report.aspx?eventtype=FL&eventid=1103935,Floods,disaster
EONET_20361,Wildfire in Australia 1028814,Wildfires,2026-06-05 19:00:00+00:00,129.9542304340048,-15.0545235653205,https://www.gdacs.org/report.aspx?eventtype=WF&eventid=1028814,Wildfires,disaster
EONET_20399,Wildfire in Angola 1028835,Wildfires,2026-06-05 19:00:00+00:00,17.361258948043318,-9.352536489914506,https://www.gdacs.org/report.aspx?eventtype=WF&eventid=1028835,Wildfires,disaster
EONET_20400,Wildfire in Zambia 1028836,Wildfires,2026-06-05 19:00:00+00:00,26.040131540209263,-14.6789700987744,https://www.gdacs.org/report.aspx?eventtype=WF&eventid=1028836,Wildfires,disaster
EONET_20428,Wildfire in Angola 1028857,Wildfires,2026-06-05 19:00:00+00:00,20.62517647967417,-8.092475335787862,https://www.gdacs.org/report.aspx?eventtype=WF&eventid=1028857,Wildfires,disaster
EONET_20458,Wildfire in The Democratic Republic of Congo 1028872,Wildfires,2026-06-05 19:00:00+00:00,22.156394046551377,-7.811117988856636,https://www.gdacs.org/report.aspx?eventtype=WF&eventid=1028872,Wildfires,disaster
EONET_20459,Wildfire in Angola 1028873,Wildfires,2026-06-05 19:00:00+00:00,20.993617540967715,-7.385729102316211,https://www.gdacs.org/report.aspx?eventtype=WF&eventid=1028873,Wildfires,disaster
EONET_20460,Wildfire in The Democratic Republic of Congo 1028874,Wildfires,2026-06-05 19:00:00+00:00,17.6033706133616,-6.05452153507025,https://www.gdacs.org/report.aspx?eventtype=WF&eventid=1028874,Wildfires,disaster
EONET_20461,Wildfire in Australia 1028885,Wildfires,2026-06-05 19:00:00+00:00,126.958572564123,-16.34978047236985,https://www.gdacs.org/report.aspx?eventtype=WF&eventid=1028885,Wildfires,disaster
EONET_20477,Wildfire in The Democratic Republic of Congo 1028891,Wildfires,2026-06-05 19:00:00+00:00,17.992982050839316,-6.826744876586077,https://www.gdacs.org/report.aspx?eventtype=WF&eventid=1028891,Wildfires,disaster
EONET_20478,Wildfire in Angola 1028892,Wildfires,2026-06-05 19:00:00+00:00,15.836452406860555,-11.114399805730676,https://www.gdacs.org/report.aspx?eventtype=WF&eventid=1028892,Wildfires,disaster
EONET_20479,Wildfire in The Democratic Republic of Congo 1028893,Wildfires,2026-06-05 19:00:00+00:00,17.701012126565196,-6.453347716427264,https://www.gdacs.org/report.aspx?eventtype=WF&eventid=1028893,Wildfires,disaster
EONET_20494,Wildfire in The Democratic Republic of Congo 1028911,Wildfires,2026-06-05 19:00:00+00:00,26.97841656688816,-9.78563210072899,https://www.gdacs.org/report.aspx?eventtype=WF&eventid=1028911,Wildfires,disaster
EONET_20495,Wildfire in Angola 1028912,Wildfires,2026-06-05 19:00:00+00:00,17.589177905568746,-9.011674616485738,https://www.gdacs.org/report.aspx?eventtype=WF&eventid=1028912,Wildfires,disaster
EONET_20496,Wildfire in Angola 1028913,Wildfires,2026-06-05 19:00:00+00:00,17.78327340717629,-9.30161966706802,https://www.gdacs.org/report.aspx?eventtype=WF&eventid=1028913,Wildfires,disaster
EONET_20497,Wildfire in Angola 1028914,Wildfires,2026-06-05 19:00:00+00:00,17.60181725068843,-9.571962395449582,https://www.gdacs.org/report.aspx?eventtype=WF&eventid=1028914,Wildfires,disaster
EONET_20534,Wildfire in The Democratic Republic of Congo 1028937,Wildfires,2026-06-05 19:00:00+00:00,26.771307340301803,-4.468010687138443,https://www.gdacs.org/report.aspx?eventtype=WF&eventid=1028937,Wildfires,disaster
EONET_20535,"Wildfire in The Democratic Republic of Congo, Angola 1028938",Wildfires,2026-06-05 19:00:00+00:00,20.010564195236253,-6.956712100691025,https://www.gdacs.org/report.aspx?eventtype=WF&eventid=1028938,Wildfires,disaster
EONET_20536,Wildfire in Angola 1028939,Wildfires,2026-06-05 19:00:00+00:00,15.173861420214877,-12.462942846424143,https://www.gdacs.org/report.aspx?eventtype=WF&eventid=1028939,Wildfires,disaster
EONET_20390,"Blue Ridge Wildfire, Owyhee, Idaho",Wildfires,2026-06-05 16:53:00+00:00,-115.0889,42.65048,https://irwin.doi.gov/observer/incidents/b2e32f87-8162-42b9-b400-447489ff9be0,Wildfires,disaster
EONET_21094,"Wildfire Blue Ridge, Owyhee, Idaho",Wildfires,2026-06-05 16:53:00+00:00,-115.0889,42.65048,https://irwin.doi.gov/observer/incidents/2026-IDTFD-000071,Wildfires,disaster
EONET_20385,"WALTZ Wildfire, Mariposa, California",Wildfires,2026-06-05 15:51:00+00:00,-120.245512,37.378149,https://irwin.doi.gov/observer/incidents/b8f6d725-b08f-43a6-a286-4fa1e4686926,Wildfires,disaster
EONET_21134,"Wildfire WALTZ, Mariposa, California",Wildfires,2026-06-05 15:51:00+00:00,-120.245512,37.378149,https://irwin.doi.gov/observer/incidents/2026-CAMMU-011236,Wildfires,disaster
EONET_20384,"Michaud Creek Wildfire, Power, Idaho",Wildfires,2026-06-05 14:23:00+00:00,-112.58265,42.890667,https://irwin.doi.gov/observer/incidents/9ffaaba5-828a-472b-a394-d309d9846b70,Wildfires,disaster
EONET_21055,"Wildfire Michaud Creek, Power, Idaho",Wildfires,2026-06-05 14:23:00+00:00,-112.58265,42.890667,https://irwin.doi.gov/observer/incidents/2026-IDFHA-000047,Wildfires,disaster
EONET_20359,Flood in El Salvador 1103930,Floods,2026-06-04 20:00:00+00:00,-89.5678141,14.1145585,https://www.gdacs.org/report.aspx?eventtype=FL&eventid=1103930,Floods,disaster
EONET_20415,Flood in Moldova 1103934,Floods,2026-06-04 20:00:00+00:00,27.8212536,48.0307914,https://www.gdacs.org/report.aspx?eventtype=FL&eventid=1103934,Floods,disaster
EONET_20424,Flood in Myanmar 1103937,Floods,2026-06-04 20:00:00+00:00,94.4210021,16.3432538,https://www.gdacs.org/report.aspx?eventtype=FL&eventid=1103937,Floods,disaster
EONET_20362,Wildfire in Australia 1028815,Wildfires,2026-06-04 19:00:00+00:00,143.02994586650624,-15.219564006765175,https://www.gdacs.org/report.aspx?eventtype=WF&eventid=1028815,Wildfires,disaster
EONET_20363,Wildfire in Australia 1028816,Wildfires,2026-06-04 19:00:00+00:00,130.1968885344918,-13.021694904045637,https://www.gdacs.org/report.aspx?eventtype=WF&eventid=1028816,Wildfires,disaster
EONET_20364,Wildfire in Australia 1028817,Wildfires,2026-06-04 19:00:00+00:00,130.2707522451241,-14.23550621205031,https://www.gdacs.org/report.aspx?eventtype=WF&eventid=1028817,Wildfires,disaster
EONET_20365,Wildfire in Australia 1028818,Wildfires,2026-06-04 19:00:00+00:00,144.2140308454872,-16.307214439949465,https://www.gdacs.org/report.aspx?eventtype=WF&eventid=1028818,Wildfires,disaster
EONET_20366,Wildfire in Australia 1028819,Wildfires,2026-06-04 19:00:00+00:00,130.131363544844,-14.294966659654875,https://www.gdacs.org/report.aspx?eventtype=WF&eventid=1028819,Wildfires,disaster
EONET_20367,Wildfire in Australia 1028820,Wildfires,2026-06-04 19:00:00+00:00,133.18376036096967,-13.45764799050963,https://www.gdacs.org/report.aspx?eventtype=WF&eventid=1028820,Wildfires,disaster
EONET_20368,Wildfire in Australia 1028821,Wildfires,2026-06-04 19:00:00+00:00,123.67991926466246,-16.673935819579757,https://www.gdacs.org/report.aspx?eventtype=WF&eventid=1028821,Wildfires,disaster
EONET_20401,Wildfire in Zambia 1028837,Wildfires,2026-06-04 19:00:00+00:00,26.11366235213465,-14.820858760611284,https://www.gdacs.org/report.aspx?eventtype=WF&eventid=1028837,Wildfires,disaster
EONET_20417,Wildfire in Australia 1028853,Wildfires,2026-06-04 19:00:00+00:00,133.31707327391308,-13.5755719116473,https://www.gdacs.org/report.aspx?eventtype=WF&eventid=1028853,Wildfires,disaster
EONET_20429,Wildfire in Australia 1028858,Wildfires,2026-06-04 19:00:00+00:00,143.17343993764936,-15.414973916225495,https://www.gdacs.org/report.aspx?eventtype=WF&eventid=1028858,Wildfires,disaster
EONET_20430,Wildfire in The Democratic Republic of Congo 1028859,Wildfires,2026-06-04 19:00:00+00:00,17.569077922390193,-6.452711330545597,https://www.gdacs.org/report.aspx?eventtype=WF&eventid=1028859,Wildfires,disaster
EONET_20431,Wildfire in Angola 1028860,Wildfires,2026-06-04 19:00:00+00:00,15.529083992829834,-8.746477168652278,https://www.gdacs.org/report.aspx?eventtype=WF&eventid=1028860,Wildfires,disaster
EONET_20432,Wildfire in The Democratic Republic of Congo 1028862,Wildfires,2026-06-04 19:00:00+00:00,27.39778205813461,-10.517759349800489,https://www.gdacs.org/report.aspx?eventtype=WF&eventid=1028862,Wildfires,disaster
EONET_20433,Wildfire in The Democratic Republic of Congo 1028863,Wildfires,2026-06-04 19:00:00+00:00,19.506482954804692,-6.013761457474938,https://www.gdacs.org/report.aspx?eventtype=WF&eventid=1028863,Wildfires,disaster
EONET_20434,Wildfire in Australia 1028856,Wildfires,2026-06-04 19:00:00+00:00,131.0241337950745,-11.752225208422209,https://www.gdacs.org/report.aspx?eventtype=WF&eventid=1028856,Wildfires,disaster
EONET_20435,Wildfire in The Democratic Republic of Congo 1028861,Wildfires,2026-06-04 19:00:00+00:00,22.902466626393952,-7.433940326857716,https://www.gdacs.org/report.aspx?eventtype=WF&eventid=1028861,Wildfires,disaster
EONET_20436,Wildfire in Australia 1028869,Wildfires,2026-06-04 19:00:00+00:00,129.46927418264738,-14.326811160943622,https://www.gdacs.org/report.aspx?eventtype=WF&eventid=1028869,Wildfires,disaster
EONET_20480,Wildfire in The Democratic Republic of Congo 1028894,Wildfires,2026-06-04 19:00:00+00:00,20.832256387775164,-6.9130528893794025,https://www.gdacs.org/report.aspx?eventtype=WF&eventid=1028894,Wildfires,disaster
EONET_20498,Wildfire in The Democratic Republic of Congo 1028915,Wildfires,2026-06-04 19:00:00+00:00,27.11861945431752,-8.177629368540392,https://www.gdacs.org/report.aspx?eventtype=WF&eventid=1028915,Wildfires,disaster
EONET_20537,Wildfire in Australia 1028943,Wildfires,2026-06-04 19:00:00+00:00,130.83243670955906,-11.752064717660964,https://www.gdacs.org/report.aspx?eventtype=WF&eventid=1028943,Wildfires,disaster
EONET_20634,Wildfire in The Democratic Republic of Congo 1028999,Wildfires,2026-06-04 19:00:00+00:00,24.19291686894958,-3.403476081165128,https://www.gdacs.org/report.aspx?eventtype=WF&eventid=1028999,Wildfires,disaster
EONET_20386,"Kopshesut Wildfire, Northwest Arctic, Alaska",Wildfires,2026-06-04 18:04:00+00:00,189.0,7.0,https://irwin.doi.gov/observer/incidents/c798dd94-3c60-41ad-912b-157b8e4f5d90,Wildfires,disaster
EONET_21054,"Wildfire Kopshesut, Northwest Arctic, Alaska",Wildfires,2026-06-04 18:04:00+00:00,-157.932883,67.0921,https://irwin.doi.gov/observer/incidents/2026-AKGAD-000137,Wildfires,disaster
EONET_20391,"MOXEE ORCHARD Wildfire, Yakima, Washington",Wildfires,2026-06-04 17:25:00+00:00,1.0,3.0,https://irwin.doi.gov/observer/incidents/48e1a724-9dc5-44cf-918c-cf541b1cd180,Wildfires,disaster
EONET_21040,"Wildfire MOXEE ORCHARD, Yakima, Washington",Wildfires,2026-06-04 17:25:00+00:00,-120.077137,46.52368,https://irwin.doi.gov/observer/incidents/2026-WASPD-260182,Wildfires,disaster
EONET_20307,Wildfire in Australia 1028796,Wildfires,2026-06-03 19:00:00+00:00,132.7523038289055,-17.369367859861384,https://www.gdacs.org/report.aspx?eventtype=WF&eventid=1028796,Wildfires,disaster
EONET_20308,Wildfire in Australia 1028797,Wildfires,2026-06-03 19:00:00+00:00,142.15273242776942,-13.895211211711128,https://www.gdacs.org/report.aspx?eventtype=WF&eventid=1028797,Wildfires,disaster
EONET_20309,Wildfire in Australia 1028798,Wildfires,2026-06-03 19:00:00+00:00,124.07613498652384,-16.50588801142647,https://www.gdacs.org/report.aspx?eventtype=WF&eventid=1028798,Wildfires,disaster
EONET_20310,Wildfire in Australia 1028799,Wildfires,2026-06-03 19:00:00+00:00,132.56226838918568,-17.51524713200459,https://www.gdacs.org/report.aspx?eventtype=WF&eventid=1028799,Wildfires,disaster
EONET_20311,Wildfire in Australia 1028800,Wildfires,2026-06-03 19:00:00+00:00,141.9949505232911,-13.797714544311868,https://www.gdacs.org/report.aspx?eventtype=WF&eventid=1028800,Wildfires,disaster
EONET_20312,Wildfire in Australia 1028801,Wildfires,2026-06-03 19:00:00+00:00,132.55364512208183,-17.41487124498152,https://www.gdacs.org/report.aspx?eventtype=WF&eventid=1028801,Wildfires,disaster
EONET_20313,Wildfire in Australia 1028802,Wildfires,2026-06-03 19:00:00+00:00,142.07113010471645,-13.973929142991675,https://www.gdacs.org/report.aspx?eventtype=WF&eventid=1028802,Wildfires,disaster
EONET_20369,Wildfire in Australia 1028822,Wildfires,2026-06-03 19:00:00+00:00,132.05394049493174,-11.375264540592182,https://www.gdacs.org/report.aspx?eventtype=WF&eventid=1028822,Wildfires,disaster
EONET_20370,Wildfire in Australia 1028823,Wildfires,2026-06-03 19:00:00+00:00,132.23052937793645,-11.2777529980323,https://www.gdacs.org/report.aspx?eventtype=WF&eventid=1028823,Wildfires,disaster
EONET_20371,Wildfire in Australia 1028824,Wildfires,2026-06-03 19:00:00+00:00,126.25146525477896,-16.034401509191184,https://www.gdacs.org/report.aspx?eventtype=WF&eventid=1028824,Wildfires,disaster
EONET_20372,Wildfire in Australia 1028825,Wildfires,2026-06-03 19:00:00+00:00,143.5927322163538,-16.049504579424887,https://www.gdacs.org/report.aspx?eventtype=WF&eventid=1028825,Wildfires,disaster
EONET_20373,Wildfire in Australia 1028826,Wildfires,2026-06-03 19:00:00+00:00,143.20210889059328,-15.123444223299504,https://www.gdacs.org/report.aspx?eventtype=WF&eventid=1028826,Wildfires,disaster
EONET_20374,Wildfire in Australia 1028827,Wildfires,2026-06-03 19:00:00+00:00,124.29170563603878,-16.60382455651507,https://www.gdacs.org/report.aspx?eventtype=WF&eventid=1028827,Wildfires,disaster
EONET_20375,Wildfire in Australia 1028828,Wildfires,2026-06-03 19:00:00+00:00,132.3198697796752,-13.759872387490944,https://www.gdacs.org/report.aspx?eventtype=WF&eventid=1028828,Wildfires,disaster
EONET_20402,Wildfire in Angola 1028839,Wildfires,2026-06-03 19:00:00+00:00,17.456064022371894,-9.1102352526292,https://www.gdacs.org/report.aspx?eventtype=WF&eventid=1028839,Wildfires,disaster
EONET_20403,Wildfire in Australia 1028843,Wildfires,2026-06-03 19:00:00+00:00,143.8935485977655,-16.040853054437452,https://www.gdacs.org/report.aspx?eventtype=WF&eventid=1028843,Wildfires,disaster
EONET_20404,Wildfire in Australia 1028844,Wildfires,2026-06-03 19:00:00+00:00,130.26062853193358,-14.469095949130937,https://www.gdacs.org/report.aspx?eventtype=WF&eventid=1028844,Wildfires,disaster
EONET_20405,Wildfire in The Democratic Republic of Congo 1028838,Wildfires,2026-06-03 19:00:00+00:00,18.569772009237028,-6.891303769360591,https://www.gdacs.org/report.aspx?eventtype=WF&eventid=1028838,Wildfires,disaster
EONET_20406,Wildfire in The Democratic Republic of Congo 1028840,Wildfires,2026-06-03 19:00:00+00:00,18.38642852187685,-6.7813572714056285,https://www.gdacs.org/report.aspx?eventtype=WF&eventid=1028840,Wildfires,disaster
EONET_20418,Wildfire in Australia 1028854,Wildfires,2026-06-03 19:00:00+00:00,130.1614077980302,-14.512338712273545,https://www.gdacs.org/report.aspx?eventtype=WF&eventid=1028854,Wildfires,disaster
EONET_20419,Wildfire in The Democratic Republic of Congo 1028848,Wildfires,2026-06-03 19:00:00+00:00,17.662098082238508,-6.193491403449282,https://www.gdacs.org/report.aspx?eventtype=WF&eventid=1028848,Wildfires,disaster
EONET_20437,Wildfire in Australia 1028870,Wildfires,2026-06-03 19:00:00+00:00,126.16850796557334,-14.22572657354444,https://www.gdacs.org/report.aspx?eventtype=WF&eventid=1028870,Wildfires,disaster
EONET_20438,Wildfire in The Democratic Republic of Congo 1028864,Wildfires,2026-06-03 19:00:00+00:00,17.640980048862392,-6.5216864903808505,https://www.gdacs.org/report.aspx?eventtype=WF&eventid=1028864,Wildfires,disaster
EONET_20462,Wildfire in Angola 1028875,Wildfires,2026-06-03 19:00:00+00:00,17.367372226198555,-9.37102147761233,https://www.gdacs.org/report.aspx?eventtype=WF&eventid=1028875,Wildfires,disaster
EONET_20463,Wildfire in Angola 1028876,Wildfires,2026-06-03 19:00:00+00:00,17.682050975572384,-9.205245724284271,https://www.gdacs.org/report.aspx?eventtype=WF&eventid=1028876,Wildfires,disaster
EONET_20464,Wildfire in Angola 1028877,Wildfires,2026-06-03 19:00:00+00:00,16.67529531061703,-12.400162402726387,https://www.gdacs.org/report.aspx?eventtype=WF&eventid=1028877,Wildfires,disaster
EONET_20481,Wildfire in Australia 1028903,Wildfires,2026-06-03 19:00:00+00:00,131.1273628635092,-11.384492716745807,https://www.gdacs.org/report.aspx?eventtype=WF&eventid=1028903,Wildfires,disaster
EONET_20482,Wildfire in The Democratic Republic of Congo 1028895,Wildfires,2026-06-03 19:00:00+00:00,17.623182560637478,-6.264576908180467,https://www.gdacs.org/report.aspx?eventtype=WF&eventid=1028895,Wildfires,disaster
EONET_20483,Wildfire in The Democratic Republic of Congo 1028896,Wildfires,2026-06-03 19:00:00+00:00,17.99994601778303,-6.677760427288557,https://www.gdacs.org/report.aspx?eventtype=WF&eventid=1028896,Wildfires,disaster
EONET_20512,Wildfire in Angola 1028923,Wildfires,2026-06-03 19:00:00+00:00,17.913144380515106,-9.254566574480704,https://www.gdacs.org/report.aspx?eventtype=WF&eventid=1028923,Wildfires,disaster
EONET_20538,Wildfire in Angola 1028940,Wildfires,2026-06-03 19:00:00+00:00,17.581232331103273,-9.559420458491225,https://www.gdacs.org/report.aspx?eventtype=WF&eventid=1028940,Wildfires,disaster
EONET_20584,Wildfire in The Democratic Republic of Congo 1028965,Wildfires,2026-06-03 19:00:00+00:00,17.793573706931713,-6.825099686363638,https://www.gdacs.org/report.aspx?eventtype=WF&eventid=1028965,Wildfires,disaster
EONET_20441,"ROSE BAY CANAL Wildfire, Hyde, North Carolina",Wildfires,2026-06-03 16:39:00+00:00,-76.34346667,35.482,https://irwin.doi.gov/observer/incidents/a8745041-570a-46a2-a359-bb3eb960f82f,Wildfires,disaster
EONET_21062,"Wildfire ROSE BAY CANAL, Hyde, North Carolina",Wildfires,2026-06-03 16:39:00+00:00,-76.34346667,35.482,https://irwin.doi.gov/observer/incidents/2026-NCNCS-260058,Wildfires,disaster
EONET_20299,Tropical Storm Amanda,Severe Storms,2026-06-03 12:00:00+00:00,-127.9,10.4,https://www.metoc.navy.mil/jtwc/products/ep0126.tcw,Severe Storms,disaster
EONET_20299,Tropical Storm Amanda,Severe Storms,2026-06-03 18:00:00+00:00,-128.6,10.5,https://www.metoc.navy.mil/jtwc/products/ep0126.tcw,Severe Storms,disaster
EONET_20299,Tropical Storm Amanda,Severe Storms,2026-06-04 00:00:00+00:00,-128.9,11.2,https://www.metoc.navy.mil/jtwc/products/ep0126.tcw,Severe Storms,disaster
EONET_20299,Tropical Storm Amanda,Severe Storms,2026-06-04 06:00:00+00:00,-129.4,11.9,https://www.metoc.navy.mil/jtwc/products/ep0126.tcw,Severe Storms,disaster
EONET_20299,Tropical Storm Amanda,Severe Storms,2026-06-04 12:00:00+00:00,-130.2,12.3,https://www.metoc.navy.mil/jtwc/products/ep0126.tcw,Severe Storms,disaster
EONET_20299,Tropical Storm Amanda,Severe Storms,2026-06-04 18:00:00+00:00,-130.8,12.6,https://www.metoc.navy.mil/jtwc/products/ep0126.tcw,Severe Storms,disaster
EONET_20299,Tropical Storm Amanda,Severe Storms,2026-06-05 00:00:00+00:00,-131.7,13.2,https://www.metoc.navy.mil/jtwc/products/ep0126.tcw,Severe Storms,disaster
EONET_20299,Tropical Storm Amanda,Severe Storms,2026-06-05 06:00:00+00:00,-132.4,13.4,https://www.metoc.navy.mil/jtwc/products/ep0126.tcw,Severe Storms,disaster
EONET_20299,Tropical Storm Amanda,Severe Storms,2026-06-05 12:00:00+00:00,-133.4,13.3,https://www.metoc.navy.mil/jtwc/products/ep0126.tcw,Severe Storms,disaster
EONET_20299,Tropical Storm Amanda,Severe Storms,2026-06-05 18:00:00+00:00,-133.8,13.2,https://www.metoc.navy.mil/jtwc/products/ep0126.tcw,Severe Storms,disaster
EONET_20299,Tropical Storm Amanda,Severe Storms,2026-06-06 00:00:00+00:00,-134.2,13.0,https://www.metoc.navy.mil/jtwc/products/ep0126.tcw,Severe Storms,disaster
EONET_20299,Tropical Storm Amanda,Severe Storms,2026-06-06 06:00:00+00:00,-134.6,12.8,https://www.metoc.navy.mil/jtwc/products/ep0126.tcw,Severe Storms,disaster
EONET_20299,Tropical Storm Amanda,Severe Storms,2026-06-06 12:00:00+00:00,-134.7,12.6,https://www.metoc.navy.mil/jtwc/products/ep0126.tcw,Severe Storms,disaster
EONET_20299,Tropical Storm Amanda,Severe Storms,2026-06-06 18:00:00+00:00,-134.6,12.4,https://www.metoc.navy.mil/jtwc/products/ep0126.tcw,Severe Storms,disaster
EONET_20299,Tropical Storm Amanda,Severe Storms,2026-06-07 00:00:00+00:00,-134.8,12.2,https://www.metoc.navy.mil/jtwc/products/ep0126.tcw,Severe Storms,disaster
EONET_20299,Tropical Storm Amanda,Severe Storms,2026-06-07 06:00:00+00:00,-135.0,11.9,https://www.metoc.navy.mil/jtwc/products/ep0126.tcw,Severe Storms,disaster
EONET_20299,Tropical Storm Amanda,Severe Storms,2026-06-07 12:00:00+00:00,-135.2,11.6,https://www.metoc.navy.mil/jtwc/products/ep0126.tcw,Severe Storms,disaster
EONET_20299,Tropical Storm Amanda,Severe Storms,2026-06-07 18:00:00+00:00,-135.5,11.4,https://www.metoc.navy.mil/jtwc/products/ep0126.tcw,Severe Storms,disaster
EONET_20299,Tropical Storm Amanda,Severe Storms,2026-06-08 00:00:00+00:00,-136.0,11.3,https://www.metoc.navy.mil/jtwc/products/ep0126.tcw,Severe Storms,disaster
EONET_20302,Flood in Croatia 1103925,Floods,2026-06-02 20:00:00+00:00,16.4399659,43.5116383,https://www.gdacs.org/report.aspx?eventtype=FL&eventid=1103925,Floods,disaster
EONET_20303,Flood in Poland 1103926,Floods,2026-06-02 20:00:00+00:00,18.5941478,50.0661004,https://www.gdacs.org/report.aspx?eventtype=FL&eventid=1103926,Floods,disaster
EONET_20304,Flood in Slovenia 1103927,Floods,2026-06-02 20:00:00+00:00,16.1312973,46.5221445,https://www.gdacs.org/report.aspx?eventtype=FL&eventid=1103927,Floods,disaster
EONET_20305,Flood in South Africa 1103929,Floods,2026-06-02 20:00:00+00:00,24.849839,-33.912907,https://www.gdacs.org/report.aspx?eventtype=FL&eventid=1103929,Floods,disaster
EONET_20360,Flood in Russia 1103931,Floods,2026-06-02 20:00:00+00:00,37.896802,44.9624541,https://www.gdacs.org/report.aspx?eventtype=FL&eventid=1103931,Floods,disaster
EONET_20314,Wildfire in Australia 1028741,Wildfires,2026-06-02 19:00:00+00:00,132.0370484453872,-11.362833028414553,https://www.gdacs.org/report.aspx?eventtype=WF&eventid=1028741,Wildfires,disaster
EONET_20315,Wildfire in Australia 1028803,Wildfires,2026-06-02 19:00:00+00:00,124.65104835100456,-16.83983952738409,https://www.gdacs.org/report.aspx?eventtype=WF&eventid=1028803,Wildfires,disaster
EONET_20316,Wildfire in Australia 1028804,Wildfires,2026-06-02 19:00:00+00:00,125.7405947847344,-15.596883166085508,https://www.gdacs.org/report.aspx?eventtype=WF&eventid=1028804,Wildfires,disaster
EONET_20376,Wildfire in Australia 1028829,Wildfires,2026-06-02 19:00:00+00:00,124.52540258609132,-16.6364566542346,https://www.gdacs.org/report.aspx?eventtype=WF&eventid=1028829,Wildfires,disaster
EONET_20439,Wildfire in The Democratic Republic of Congo 1028865,Wildfires,2026-06-02 19:00:00+00:00,17.514425866184368,-6.168891048835783,https://www.gdacs.org/report.aspx?eventtype=WF&eventid=1028865,Wildfires,disaster
EONET_20300,"BORDER 6 Wildfire, San Diego, California",Wildfires,2026-06-01 21:10:00+00:00,-116.76388,32.56692,https://irwin.doi.gov/observer/incidents/bff9f3bf-cefe-437c-9b82-231526500ef1,Wildfires,disaster
EONET_20294,Flood in Italy 1103923,Floods,2026-06-01 20:00:00+00:00,9.7732524,45.5703694,https://www.gdacs.org/report.aspx?eventtype=FL&eventid=1103923,Floods,disaster
EONET_20306,Flood in Honduras 1103928,Floods,2026-06-01 20:00:00+00:00,-88.007767,15.4936387,https://www.gdacs.org/report.aspx?eventtype=FL&eventid=1103928,Floods,disaster
EONET_20317,Wildfire in Australia 1028805,Wildfires,2026-06-01 19:00:00+00:00,131.26705462663213,-11.60008280391735,https://www.gdacs.org/report.aspx?eventtype=WF&eventid=1028805,Wildfires,disaster
EONET_20318,Wildfire in Australia 1028806,Wildfires,2026-06-01 19:00:00+00:00,132.3755848758743,-11.352401957027949,https://www.gdacs.org/report.aspx?eventtype=WF&eventid=1028806,Wildfires,disaster
EONET_20407,Wildfire in The Democratic Republic of Congo 1028841,Wildfires,2026-06-01 19:00:00+00:00,18.19285483336016,-6.638978547297458,https://www.gdacs.org/report.aspx?eventtype=WF&eventid=1028841,Wildfires,disaster
EONET_20295,Flood in Colombia 1103924,Floods,2026-05-31 20:00:00+00:00,-75.7878384,5.2295674,https://www.gdacs.org/report.aspx?eventtype=FL&eventid=1103924,Floods,disaster
EONET_20377,Wildfire in The Democratic Republic of Congo 1028831,Wildfires,2026-05-31 19:00:00+00:00,18.017013271488697,-6.573190436881871,https://www.gdacs.org/report.aspx?eventtype=WF&eventid=1028831,Wildfires,disaster
EONET_20378,Wildfire in India 1028830,Wildfires,2026-05-31 19:00:00+00:00,82.67436957186071,21.84448418414697,https://www.gdacs.org/report.aspx?eventtype=WF&eventid=1028830,Wildfires,disaster
EONET_20420,Wildfire in Angola 1028849,Wildfires,2026-05-31 19:00:00+00:00,17.635598076074903,-9.463057296670613,https://www.gdacs.org/report.aspx?eventtype=WF&eventid=1028849,Wildfires,disaster
EONET_20421,Wildfire in The Democratic Republic of Congo 1028850,Wildfires,2026-05-31 19:00:00+00:00,18.470361532527782,-6.58601300093102,https://www.gdacs.org/report.aspx?eventtype=WF&eventid=1028850,Wildfires,disaster
EONET_20440,Wildfire in The Democratic Republic of Congo 1028866,Wildfires,2026-05-31 19:00:00+00:00,17.660808317698052,-7.515051860566954,https://www.gdacs.org/report.aspx?eventtype=WF&eventid=1028866,Wildfires,disaster
EONET_20287,"HAYSTACK BUTTE Wildfire, Klickitat, Washington",Wildfires,2026-05-30 20:21:00+00:00,-120.930004,45.665397,https://irwin.doi.gov/observer/incidents/24e697c7-e671-47f2-9ec9-4c76a15af8be,Wildfires,disaster
EONET_20293,Flood in Austria 1103921,Floods,2026-05-30 20:00:00+00:00,16.4166666,47.5000001,https://www.gdacs.org/report.aspx?eventtype=FL&eventid=1103921,Floods,disaster
EONET_20296,Flood in New Zealand 1103922,Floods,2026-05-30 20:00:00+00:00,173.1065596,-41.3748768,https://www.gdacs.org/report.aspx?eventtype=FL&eventid=1103922,Floods,disaster
EONET_20319,Wildfire in Australia 1028742,Wildfires,2026-05-30 19:00:00+00:00,131.09765011007448,-12.33534047580761,https://www.gdacs.org/report.aspx?eventtype=WF&eventid=1028742,Wildfires,disaster
EONET_20320,Wildfire in Canada 1028807,Wildfires,2026-05-30 19:00:00+00:00,-89.82858524857066,50.272118507706104,https://www.gdacs.org/report.aspx?eventtype=WF&eventid=1028807,Wildfires,disaster
EONET_20321,Wildfire in Australia 1028808,Wildfires,2026-05-30 19:00:00+00:00,130.71229362188674,-13.548575242765596,https://www.gdacs.org/report.aspx?eventtype=WF&eventid=1028808,Wildfires,disaster
EONET_20539,Wildfire in Angola 1028941,Wildfires,2026-05-30 19:00:00+00:00,17.960292611390344,-9.474445666242504,https://www.gdacs.org/report.aspx?eventtype=WF&eventid=1028941,Wildfires,disaster
EONET_20286,"BRANTLEY 2 Wildfire, Eddy, New Mexico",Wildfires,2026-05-30 12:20:00+00:00,-104.3555,32.611733,https://irwin.doi.gov/observer/incidents/d11f3073-cd5d-4c79-bd04-94b39d094049,Wildfires,disaster
EONET_20409,"Telica Volcano, Nicaragua",Volcanoes,2026-05-30 00:00:00+00:00,-86.84,12.606,https://volcano.si.edu/volcano.cfm?vn=344040,Volcanoes,disaster
EONET_20280,Flood in Belgium 1103918,Floods,2026-05-29 20:00:00+00:00,4.5762789,50.4025053,https://www.gdacs.org/report.aspx?eventtype=FL&eventid=1103918,Floods,disaster
EONET_20322,Wildfire in Australia 1028743,Wildfires,2026-05-29 19:00:00+00:00,142.62256046321673,-13.268664367243336,https://www.gdacs.org/report.aspx?eventtype=WF&eventid=1028743,Wildfires,disaster
EONET_20422,Wildfire in The Democratic Republic of Congo 1028851,Wildfires,2026-05-29 19:00:00+00:00,18.093616365957654,-6.459269267668596,https://www.gdacs.org/report.aspx?eventtype=WF&eventid=1028851,Wildfires,disaster
EONET_20392,"Ivao Group Volcano, Russia",Volcanoes,2026-05-29 00:00:00+00:00,149.6762,45.7593,https://volcano.si.edu/volcano.cfm?vn=290111,Volcanoes,disaster
EONET_20281,Flood in Germany 1103919,Floods,2026-05-28 20:00:00+00:00,6.959974,50.938361,https://www.gdacs.org/report.aspx?eventtype=FL&eventid=1103919,Floods,disaster
EONET_20323,Wildfire in Australia 1028809,Wildfires,2026-05-28 19:00:00+00:00,142.84633841496867,-14.750755885148862,https://www.gdacs.org/report.aspx?eventtype=WF&eventid=1028809,Wildfires,disaster
EONET_20324,Wildfire in Australia 1028745,Wildfires,2026-05-28 19:00:00+00:00,125.40811554464231,-21.981517029101013,https://www.gdacs.org/report.aspx?eventtype=WF&eventid=1028745,Wildfires,disaster
EONET_20325,Wildfire in The Democratic Republic of Congo 1028746,Wildfires,2026-05-28 19:00:00+00:00,16.173416744012727,-5.086980570352907,https://www.gdacs.org/report.aspx?eventtype=WF&eventid=1028746,Wildfires,disaster
EONET_20326,Wildfire in Australia 1028744,Wildfires,2026-05-28 19:00:00+00:00,125.0188221770998,-21.747679296817974,https://www.gdacs.org/report.aspx?eventtype=WF&eventid=1028744,Wildfires,disaster
EONET_20285,"Anticline Wildfire, Wibaux, Montana",Wildfires,2026-05-28 16:23:00+00:00,-104.567317,46.748483,https://irwin.doi.gov/observer/incidents/3e0c3009-bc85-4467-abfc-01ce166716e0,Wildfires,disaster
EONET_20290,"KALKASKA-RX 61150021 Fletcher Unit 2 Prescribed Fire, Kalkaska, Michigan",Wildfires,2026-05-28 15:33:00+00:00,-84.92062679,44.51933255,https://irwin.doi.gov/observer/incidents/2a7c3979-fc28-4d09-b15f-1cdc98be57e1,Wildfires,disaster
EONET_20279,Typhoon Jangmi,Severe Storms,2026-05-28 06:00:00+00:00,135.9,13.1,https://science.nasa.gov/earth/earth-observatory/typhoon-jangmi/,Severe Storms,disaster
EONET_20279,Typhoon Jangmi,Severe Storms,2026-05-28 12:00:00+00:00,135.4,13.9,https://science.nasa.gov/earth/earth-observatory/typhoon-jangmi/,Severe Storms,disaster
EONET_20279,Typhoon Jangmi,Severe Storms,2026-05-28 18:00:00+00:00,134.5,14.6,https://science.nasa.gov/earth/earth-observatory/typhoon-jangmi/,Severe Storms,disaster
EONET_20279,Typhoon Jangmi,Severe Storms,2026-05-29 00:00:00+00:00,133.7,15.4,https://science.nasa.gov/earth/earth-observatory/typhoon-jangmi/,Severe Storms,disaster
EONET_20279,Typhoon Jangmi,Severe Storms,2026-05-29 06:00:00+00:00,132.8,15.9,https://science.nasa.gov/earth/earth-observatory/typhoon-jangmi/,Severe Storms,disaster
EONET_20279,Typhoon Jangmi,Severe Storms,2026-05-29 12:00:00+00:00,131.7,16.5,https://science.nasa.gov/earth/earth-observatory/typhoon-jangmi/,Severe Storms,disaster
EONET_20279,Typhoon Jangmi,Severe Storms,2026-05-29 18:00:00+00:00,130.8,16.7,https://science.nasa.gov/earth/earth-observatory/typhoon-jangmi/,Severe Storms,disaster
EONET_20279,Typhoon Jangmi,Severe Storms,2026-05-30 00:00:00+00:00,130.1,17.5,https://science.nasa.gov/earth/earth-observatory/typhoon-jangmi/,Severe Storms,disaster
EONET_20279,Typhoon Jangmi,Severe Storms,2026-05-30 06:00:00+00:00,129.6,18.3,https://science.nasa.gov/earth/earth-observatory/typhoon-jangmi/,Severe Storms,disaster
EONET_20279,Typhoon Jangmi,Severe Storms,2026-05-30 12:00:00+00:00,129.0,19.3,https://science.nasa.gov/earth/earth-observatory/typhoon-jangmi/,Severe Storms,disaster
EONET_20279,Typhoon Jangmi,Severe Storms,2026-05-30 18:00:00+00:00,128.5,20.1,https://science.nasa.gov/earth/earth-observatory/typhoon-jangmi/,Severe Storms,disaster
EONET_20279,Typhoon Jangmi,Severe Storms,2026-05-31 00:00:00+00:00,128.1,20.9,https://science.nasa.gov/earth/earth-observatory/typhoon-jangmi/,Severe Storms,disaster
EONET_20279,Typhoon Jangmi,Severe Storms,2026-05-31 06:00:00+00:00,127.8,21.8,https://science.nasa.gov/earth/earth-observatory/typhoon-jangmi/,Severe Storms,disaster
EONET_20279,Typhoon Jangmi,Severe Storms,2026-05-31 12:00:00+00:00,127.7,22.8,https://science.nasa.gov/earth/earth-observatory/typhoon-jangmi/,Severe Storms,disaster
EONET_20279,Typhoon Jangmi,Severe Storms,2026-05-31 18:00:00+00:00,127.4,23.6,https://science.nasa.gov/earth/earth-observatory/typhoon-jangmi/,Severe Storms,disaster
EONET_20279,Typhoon Jangmi,Severe Storms,2026-06-01 00:00:00+00:00,127.3,24.5,https://science.nasa.gov/earth/earth-observatory/typhoon-jangmi/,Severe Storms,disaster
EONET_20279,Typhoon Jangmi,Severe Storms,2026-06-01 06:00:00+00:00,127.4,25.6,https://science.nasa.gov/earth/earth-observatory/typhoon-jangmi/,Severe Storms,disaster
EONET_20279,Typhoon Jangmi,Severe Storms,2026-06-01 12:00:00+00:00,127.5,26.7,https://science.nasa.gov/earth/earth-observatory/typhoon-jangmi/,Severe Storms,disaster
EONET_20279,Typhoon Jangmi,Severe Storms,2026-06-01 18:00:00+00:00,127.3,27.9,https://science.nasa.gov/earth/earth-observatory/typhoon-jangmi/,Severe Storms,disaster
EONET_20279,Typhoon Jangmi,Severe Storms,2026-06-02 00:00:00+00:00,128.5,29.1,https://science.nasa.gov/earth/earth-observatory/typhoon-jangmi/,Severe Storms,disaster
EONET_20279,Typhoon Jangmi,Severe Storms,2026-06-02 06:00:00+00:00,130.7,30.7,https://science.nasa.gov/earth/earth-observatory/typhoon-jangmi/,Severe Storms,disaster
EONET_20279,Typhoon Jangmi,Severe Storms,2026-06-02 12:00:00+00:00,133.1,32.2,https://science.nasa.gov/earth/earth-observatory/typhoon-jangmi/,Severe Storms,disaster
EONET_20279,Typhoon Jangmi,Severe Storms,2026-06-02 18:00:00+00:00,135.0,33.3,https://science.nasa.gov/earth/earth-observatory/typhoon-jangmi/,Severe Storms,disaster
EONET_20279,Typhoon Jangmi,Severe Storms,2026-06-03 00:00:00+00:00,137.8,34.2,https://science.nasa.gov/earth/earth-observatory/typhoon-jangmi/,Severe Storms,disaster
EONET_20279,Typhoon Jangmi,Severe Storms,2026-06-03 06:00:00+00:00,141.4,34.9,https://science.nasa.gov/earth/earth-observatory/typhoon-jangmi/,Severe Storms,disaster
EONET_20395,"Titan Ridge Volcano, Papua New Guinea",Volcanoes,2026-05-28 00:00:00+00:00,147.78,-3.03,https://science.nasa.gov/earth/earth-observatory/new-eruption-in-the-bismarck-sea/,Volcanoes,disaster
EONET_20282,Flood in India 1103917,Floods,2026-05-27 20:00:00+00:00,77.5040646,29.9856799,https://www.gdacs.org/report.aspx?eventtype=FL&eventid=1103917,Floods,disaster
EONET_20327,Wildfire in Australia 1028751,Wildfires,2026-05-27 19:00:00+00:00,133.73542173529714,-13.88523191198624,https://www.gdacs.org/report.aspx?eventtype=WF&eventid=1028751,Wildfires,disaster
EONET_20328,Wildfire in Australia 1028752,Wildfires,2026-05-27 19:00:00+00:00,130.57400120238384,-14.15624194065917,https://www.gdacs.org/report.aspx?eventtype=WF&eventid=1028752,Wildfires,disaster
EONET_20329,Wildfire in Australia 1028753,Wildfires,2026-05-27 19:00:00+00:00,130.74625490944638,-13.221480963964952,https://www.gdacs.org/report.aspx?eventtype=WF&eventid=1028753,Wildfires,disaster
EONET_20330,Wildfire in The Democratic Republic of Congo 1028747,Wildfires,2026-05-27 19:00:00+00:00,17.97331965486655,-6.213663770244057,https://www.gdacs.org/report.aspx?eventtype=WF&eventid=1028747,Wildfires,disaster
EONET_20331,Wildfire in Bolivia 1028755,Wildfires,2026-05-27 19:00:00+00:00,-59.76501381727981,-16.71105895831123,https://www.gdacs.org/report.aspx?eventtype=WF&eventid=1028755,Wildfires,disaster
EONET_20379,Wildfire in The Democratic Republic of Congo 1028832,Wildfires,2026-05-27 19:00:00+00:00,19.399001522803815,-6.201648870222201,https://www.gdacs.org/report.aspx?eventtype=WF&eventid=1028832,Wildfires,disaster
EONET_20301,"Bradshaw Wildfire, Powder River, Montana",Wildfires,2026-05-26 23:30:00+00:00,-105.96236,45.0612,https://irwin.doi.gov/observer/incidents/083f5cbb-4d42-4371-acfc-c39bc4e2a545,Wildfires,disaster
EONET_20288,"RA 1 ELMORE CO Wildfire, Elmore, Idaho",Wildfires,2026-05-26 23:06:00+00:00,-115.717052,43.105174,https://irwin.doi.gov/observer/incidents/c0d66fd1-d127-41e2-9b94-a6a5e84155ab,Wildfires,disaster
EONET_20283,Flood in Mexico 1103911,Floods,2026-05-26 20:00:00+00:00,-89.6237402,20.9670759,https://www.gdacs.org/report.aspx?eventtype=FL&eventid=1103911,Floods,disaster
EONET_20332,Wildfire in Australia 1028756,Wildfires,2026-05-26 19:00:00+00:00,130.777907946716,-13.059656417159022,https://www.gdacs.org/report.aspx?eventtype=WF&eventid=1028756,Wildfires,disaster
EONET_20333,Wildfire in Australia 1028759,Wildfires,2026-05-26 19:00:00+00:00,122.50806645508708,-17.26240024718232,https://www.gdacs.org/report.aspx?eventtype=WF&eventid=1028759,Wildfires,disaster
EONET_20334,Wildfire in Australia 1028760,Wildfires,2026-05-26 19:00:00+00:00,130.8025232259915,-12.659510116197817,https://www.gdacs.org/report.aspx?eventtype=WF&eventid=1028760,Wildfires,disaster
EONET_20335,Wildfire in The Democratic Republic of Congo 1028810,Wildfires,2026-05-26 19:00:00+00:00,17.773837968438894,-5.517046713973583,https://www.gdacs.org/report.aspx?eventtype=WF&eventid=1028810,Wildfires,disaster
EONET_20380,Wildfire in Angola 1028833,Wildfires,2026-05-26 19:00:00+00:00,17.654605569768226,-9.640864811763691,https://www.gdacs.org/report.aspx?eventtype=WF&eventid=1028833,Wildfires,disaster
EONET_20291,"WOODY MULTIPLE Wildfire, Roosevelt, New Mexico",Wildfires,2026-05-26 17:19:00+00:00,-103.829045,34.096027,https://irwin.doi.gov/observer/incidents/6bfefaed-626c-4000-9468-df52835f9325,Wildfires,disaster
EONET_20254,"Black Ridge Wildfire, Lincoln, Idaho",Wildfires,2026-05-25 20:50:00+00:00,-113.935667,43.050333,https://irwin.doi.gov/observer/incidents/ed35c822-3212-4d00-af01-d65afe675168,Wildfires,disaster
EONET_20251,"Dewoff Wildfire, Blaine, Idaho",Wildfires,2026-05-25 20:35:00+00:00,-113.248133,42.67045,https://irwin.doi.gov/observer/incidents/63e275b2-99b7-4e33-8a38-cd6b677f2132,Wildfires,disaster
EONET_20284,Flood in Libya 1103916,Floods,2026-05-25 20:00:00+00:00,15.2592288,24.5351182,https://www.gdacs.org/report.aspx?eventtype=FL&eventid=1103916,Floods,disaster
EONET_20252,"0231 ZEN Wildfire, Wasco, Oregon",Wildfires,2026-05-25 19:11:00+00:00,-120.43789,44.85563,https://irwin.doi.gov/observer/incidents/fda49146-327e-4651-835c-75b7f568a941,Wildfires,disaster
EONET_20336,Wildfire in Canada 1028765,Wildfires,2026-05-25 19:00:00+00:00,-113.26521064736004,60.44014545060089,https://www.gdacs.org/report.aspx?eventtype=WF&eventid=1028765,Wildfires,disaster
EONET_20337,Wildfire in The Democratic Republic of Congo 1028772,Wildfires,2026-05-25 19:00:00+00:00,18.101266365649817,-5.125393202537397,https://www.gdacs.org/report.aspx?eventtype=WF&eventid=1028772,Wildfires,disaster
EONET_20338,Wildfire in Brazil 1028767,Wildfires,2026-05-25 19:00:00+00:00,-46.92486506527449,-10.793254902945948,https://www.gdacs.org/report.aspx?eventtype=WF&eventid=1028767,Wildfires,disaster
EONET_20339,Wildfire in Canada 1028771,Wildfires,2026-05-25 19:00:00+00:00,-102.87012616355274,53.21863502340539,https://www.gdacs.org/report.aspx?eventtype=WF&eventid=1028771,Wildfires,disaster
EONET_20340,Wildfire in Australia 1028762,Wildfires,2026-05-25 19:00:00+00:00,142.7645150920568,-12.959616506862735,https://www.gdacs.org/report.aspx?eventtype=WF&eventid=1028762,Wildfires,disaster
EONET_20341,Wildfire in The Democratic Republic of Congo 1028770,Wildfires,2026-05-25 19:00:00+00:00,18.990546323334932,-5.714818623225173,https://www.gdacs.org/report.aspx?eventtype=WF&eventid=1028770,Wildfires,disaster
EONET_20257,"Egberts Wildfire, Elko, Nevada",Wildfires,2026-05-25 17:55:00+00:00,-115.0565,40.9655,https://irwin.doi.gov/observer/incidents/00055252-6610-421f-aa91-24bda42481bc,Wildfires,disaster
EONET_20250,"Summit Creek Wildfire, Cassia, Idaho",Wildfires,2026-05-25 16:59:00+00:00,-113.73075,42.17555,https://irwin.doi.gov/observer/incidents/6b1c6eb1-30f7-4613-9c58-4801dc8fd822,Wildfires,disaster
EONET_20258,"Kinyon Springs Wildfire, Owyhee, Idaho",Wildfires,2026-05-25 16:44:00+00:00,-115.244683,42.734717,https://irwin.doi.gov/observer/incidents/80bc9926-a857-4a29-beaa-1fac54720463,Wildfires,disaster
EONET_20297,Flood in South Korea 1103910,Floods,2026-05-24 20:00:00+00:00,126.6907475,33.3076683,https://www.gdacs.org/report.aspx?eventtype=FL&eventid=1103910,Floods,disaster
EONET_20268,Wildfire in The Democratic Republic of Congo 1028728,Wildfires,2026-05-24 19:00:00+00:00,17.81524438581159,-5.373714140865309,https://www.gdacs.org/report.aspx?eventtype=WF&eventid=1028728,Wildfires,disaster
EONET_20342,Wildfire in The Democratic Republic of Congo 1028775,Wildfires,2026-05-24 19:00:00+00:00,17.738467343430962,-5.681953290028032,https://www.gdacs.org/report.aspx?eventtype=WF&eventid=1028775,Wildfires,disaster
EONET_20343,Wildfire in Australia 1028779,Wildfires,2026-05-24 19:00:00+00:00,143.28247889358354,-15.015645604102763,https://www.gdacs.org/report.aspx?eventtype=WF&eventid=1028779,Wildfires,disaster
EONET_20344,Wildfire in Australia 1028773,Wildfires,2026-05-24 19:00:00+00:00,131.18609089546234,-14.277282525360851,https://www.gdacs.org/report.aspx?eventtype=WF&eventid=1028773,Wildfires,disaster
EONET_20345,Wildfire in The Democratic Republic of Congo 1028774,Wildfires,2026-05-24 19:00:00+00:00,17.63905956892807,-5.64179820850962,https://www.gdacs.org/report.aspx?eventtype=WF&eventid=1028774,Wildfires,disaster
EONET_20346,Wildfire in The Democratic Republic of Congo 1028777,Wildfires,2026-05-24 19:00:00+00:00,17.57980978391949,-5.429179232807133,https://www.gdacs.org/report.aspx?eventtype=WF&eventid=1028777,Wildfires,disaster
EONET_20347,Wildfire in The Democratic Republic of Congo 1028811,Wildfires,2026-05-24 19:00:00+00:00,17.721871489533445,-5.688081034513141,https://www.gdacs.org/report.aspx?eventtype=WF&eventid=1028811,Wildfires,disaster
EONET_20348,Wildfire in The Democratic Republic of Congo 1028812,Wildfires,2026-05-24 19:00:00+00:00,17.4846174491078,-7.46471601583368,https://www.gdacs.org/report.aspx?eventtype=WF&eventid=1028812,Wildfires,disaster
EONET_20349,Wildfire in The Democratic Republic of Congo 1028813,Wildfires,2026-05-24 19:00:00+00:00,23.920488233235368,-3.9677065628467463,https://www.gdacs.org/report.aspx?eventtype=WF&eventid=1028813,Wildfires,disaster
EONET_20381,Wildfire in The Democratic Republic of Congo 1028834,Wildfires,2026-05-24 19:00:00+00:00,17.55889807823435,-7.563009620651489,https://www.gdacs.org/report.aspx?eventtype=WF&eventid=1028834,Wildfires,disaster
EONET_20408,Wildfire in Angola 1028842,Wildfires,2026-05-24 19:00:00+00:00,17.83230838177842,-9.674556803342067,https://www.gdacs.org/report.aspx?eventtype=WF&eventid=1028842,Wildfires,disaster
EONET_20259,"MILE MARKER 44 FIRE - BROWARD Wildfire, Broward, Florida",Wildfires,2026-05-23 21:26:00+00:00,-80.7791667,26.0994444,https://irwin.doi.gov/observer/incidents/29b8daf8-f1fc-462d-9b1f-dfe897a65f69,Wildfires,disaster
EONET_20277,Flood in Georgia 1103909,Floods,2026-05-23 20:00:00+00:00,44.8422377,41.6875091,https://www.gdacs.org/report.aspx?eventtype=FL&eventid=1103909,Floods,disaster
EONET_20350,Wildfire in The Democratic Republic of Congo 1028783,Wildfires,2026-05-23 19:00:00+00:00,18.16747539287398,-5.6881222704973835,https://www.gdacs.org/report.aspx?eventtype=WF&eventid=1028783,Wildfires,disaster
EONET_20351,Wildfire in Bolivia 1028785,Wildfires,2026-05-23 19:00:00+00:00,-59.63085377248564,-16.662397230043233,https://www.gdacs.org/report.aspx?eventtype=WF&eventid=1028785,Wildfires,disaster
EONET_20352,Wildfire in Angola 1028784,Wildfires,2026-05-23 19:00:00+00:00,17.683978809052334,-9.33579349194863,https://www.gdacs.org/report.aspx?eventtype=WF&eventid=1028784,Wildfires,disaster
EONET_20353,Wildfire in The Democratic Republic of Congo 1028782,Wildfires,2026-05-23 19:00:00+00:00,20.327924772030773,-5.967294781807939,https://www.gdacs.org/report.aspx?eventtype=WF&eventid=1028782,Wildfires,disaster
EONET_20247,"MOORE Wildfire, Ada, Idaho",Wildfires,2026-05-23 18:43:00+00:00,-116.388095,43.297695,https://irwin.doi.gov/observer/incidents/c6a7466a-7edb-40a1-8156-a9434774467a,Wildfires,disaster
EONET_20253,"COUNTRY MEADOW Wildfire, Benton, Washington",Wildfires,2026-05-23 17:39:00+00:00,-119.33745,46.16526,https://irwin.doi.gov/observer/incidents/63870bd1-8655-43b9-b5e7-9566f1fbec82,Wildfires,disaster
EONET_20263,"340 Wildfire, Wakulla, Florida",Wildfires,2026-05-23 16:29:00+00:00,-84.565664,30.053136,https://irwin.doi.gov/observer/incidents/886edffc-e672-45db-aee1-631d4326f3e5,Wildfires,disaster
EONET_20249,"Mile Marker 44 Wildfire, Broward, Florida",Wildfires,2026-05-23 15:44:00+00:00,-80.766667,26.15,https://irwin.doi.gov/observer/incidents/09e8c44f-679e-4e3a-9c34-334266a0595c,Wildfires,disaster
EONET_20260,"Quartz Wildfire, Pershing, Nevada",Wildfires,2026-05-23 15:06:00+00:00,-118.014333,40.709867,https://irwin.doi.gov/observer/incidents/79662f7e-8c61-42ed-83ef-137d631e54c9,Wildfires,disaster
EONET_20262,"Thousand Wildfire, Northwest Arctic, Alaska",Wildfires,2026-05-23 11:59:00+00:00,-159.286667,66.435,https://irwin.doi.gov/observer/incidents/5dea170e-b7ea-40a2-a21f-4c4ebe0e28b6,Wildfires,disaster
EONET_20256,"WaWa 2 Wildfire, Highlands, Florida",Wildfires,2026-05-23 09:28:00+00:00,-81.2598,27.644633,https://irwin.doi.gov/observer/incidents/626355b6-3088-4310-aa72-ec6546672e34,Wildfires,disaster
EONET_20266,Flood in Vietnam 1103896,Floods,2026-05-22 20:00:00+00:00,108.1335279,11.6614957,https://www.gdacs.org/report.aspx?eventtype=FL&eventid=1103896,Floods,disaster
EONET_20298,Flood in Brazil 1103912,Floods,2026-05-22 20:00:00+00:00,-41.6798294,-21.1351354,https://www.gdacs.org/report.aspx?eventtype=FL&eventid=1103912,Floods,disaster
EONET_20269,Wildfire in The Democratic Republic of Congo 1028729,Wildfires,2026-05-22 19:00:00+00:00,18.23897483971346,-5.330567210357869,https://www.gdacs.org/report.aspx?eventtype=WF&eventid=1028729,Wildfires,disaster
EONET_20270,Wildfire in The Democratic Republic of Congo 1028730,Wildfires,2026-05-22 19:00:00+00:00,25.505444617185287,-6.5399609338671505,https://www.gdacs.org/report.aspx?eventtype=WF&eventid=1028730,Wildfires,disaster
EONET_20271,Wildfire in Canada 1028731,Wildfires,2026-05-22 19:00:00+00:00,-113.01827207233448,60.38368129177281,https://www.gdacs.org/report.aspx?eventtype=WF&eventid=1028731,Wildfires,disaster
EONET_20354,Wildfire in The Democratic Republic of Congo 1028788,Wildfires,2026-05-22 19:00:00+00:00,29.05375513545092,-6.307069603165492,https://www.gdacs.org/report.aspx?eventtype=WF&eventid=1028788,Wildfires,disaster
EONET_20355,Wildfire in The Democratic Republic of Congo 1028787,Wildfires,2026-05-22 19:00:00+00:00,23.97917845319516,-3.4506784802319133,https://www.gdacs.org/report.aspx?eventtype=WF&eventid=1028787,Wildfires,disaster
EONET_20356,Wildfire in The Democratic Republic of Congo 1028789,Wildfires,2026-05-22 19:00:00+00:00,17.49243412191907,-7.359283690719712,https://www.gdacs.org/report.aspx?eventtype=WF&eventid=1028789,Wildfires,disaster
EONET_20357,Wildfire in Australia 1028790,Wildfires,2026-05-22 19:00:00+00:00,142.89387777846727,-13.153248534203144,https://www.gdacs.org/report.aspx?eventtype=WF&eventid=1028790,Wildfires,disaster
EONET_20264,"Shell Wildfire, Lake, Florida",Wildfires,2026-05-22 10:24:00+00:00,-81.507167,29.073833,https://irwin.doi.gov/observer/incidents/660f8e64-f1eb-41ab-aa04-7e11f89fdc6c,Wildfires,disaster
EONET_20261,"Trigg Wildfire, San Miguel, New Mexico",Wildfires,2026-05-21 23:07:00+00:00,-103.948693,35.53034,https://irwin.doi.gov/observer/incidents/e7cb92a2-60e4-4c15-bffd-9ae0a5523b56,Wildfires,disaster
EONET_20246,Flood in Bulgaria 1103894,Floods,2026-05-21 20:00:00+00:00,24.9073116,42.8155165,https://www.gdacs.org/report.aspx?eventtype=FL&eventid=1103894,Floods,disaster
EONET_20267,Flood in Kyrgyzstan 1103895,Floods,2026-05-21 20:00:00+00:00,72.8799131,40.7068689,https://www.gdacs.org/report.aspx?eventtype=FL&eventid=1103895,Floods,disaster
EONET_20278,Flood in Romania 1103908,Floods,2026-05-21 20:00:00+00:00,23.683459,44.69891,https://www.gdacs.org/report.aspx?eventtype=FL&eventid=1103908,Floods,disaster
EONET_20243,Flood in Moldova 1103891,Floods,2026-05-20 20:00:00+00:00,28.2215511,47.3269772,https://www.gdacs.org/report.aspx?eventtype=FL&eventid=1103891,Floods,disaster
EONET_20244,Flood in Peru 1103892,Floods,2026-05-20 20:00:00+00:00,-76.5421611,-10.4868888,https://www.gdacs.org/report.aspx?eventtype=FL&eventid=1103892,Floods,disaster
EONET_20222,Wildfire in Australia 1028722,Wildfires,2026-05-20 19:00:00+00:00,127.08583841737595,-14.07993854369574,https://www.gdacs.org/report.aspx?eventtype=WF&eventid=1028722,Wildfires,disaster
EONET_20223,Wildfire in Australia 1028723,Wildfires,2026-05-20 19:00:00+00:00,130.85516217326855,-13.432791549240818,https://www.gdacs.org/report.aspx?eventtype=WF&eventid=1028723,Wildfires,disaster
EONET_20272,Wildfire in Australia 1028734,Wildfires,2026-05-20 19:00:00+00:00,127.2887137647382,-14.395079151721244,https://www.gdacs.org/report.aspx?eventtype=WF&eventid=1028734,Wildfires,disaster
EONET_20273,Wildfire in Australia 1028732,Wildfires,2026-05-20 19:00:00+00:00,130.29750869749816,-13.996061003364874,https://www.gdacs.org/report.aspx?eventtype=WF&eventid=1028732,Wildfires,disaster
EONET_20358,Wildfire in Australia 1028795,Wildfires,2026-05-20 19:00:00+00:00,132.22948110788172,-13.747335715837425,https://www.gdacs.org/report.aspx?eventtype=WF&eventid=1028795,Wildfires,disaster
EONET_20230,"DeSoto BB 8374 S RX Prescribed Fire, Harrison, Mississippi",Wildfires,2026-05-20 11:12:00+00:00,-89.035278,30.673333,https://irwin.doi.gov/observer/incidents/0aa79001-67d5-4ffb-aa44-82feeb972f29,Wildfires,disaster
EONET_20229,"Chickasawhay CPT 451 452 RX Prescribed Fire, Greene, Mississippi",Wildfires,2026-05-20 09:22:00+00:00,-88.6597,31.4154,https://irwin.doi.gov/observer/incidents/29128400-a817-4d78-a1a7-3a5bb5b597fd,Wildfires,disaster
EONET_20231,"CADDUGGEN Wildfire, Carteret, North Carolina",Wildfires,2026-05-20 07:59:00+00:00,-76.385286,34.926008,https://irwin.doi.gov/observer/incidents/7dafe704-220a-4c5e-a9e6-d883cb9a7c35,Wildfires,disaster
EONET_20236,"Rifle Range Rd Wildfire, Collier, Florida",Wildfires,2026-05-19 22:10:00+00:00,-81.6369444,26.1155556,https://irwin.doi.gov/observer/incidents/66bfa6ae-29e9-4cde-b0e0-27aa4ec8cee0,Wildfires,disaster
EONET_20245,Flood in Afghanistan 1103890,Floods,2026-05-19 20:00:00+00:00,71.367658,36.8040254,https://www.gdacs.org/report.aspx?eventtype=FL&eventid=1103890,Floods,disaster
EONET_20232,"Foothill Wildfire, Santa Barbara, California",Wildfires,2026-05-19 19:16:00+00:00,-119.6036111,34.8297222,https://irwin.doi.gov/observer/incidents/fe13eac3-abc4-49be-87bf-1cc7b095ec74,Wildfires,disaster
EONET_20274,Wildfire in Australia 1028735,Wildfires,2026-05-19 19:00:00+00:00,146.04159820700096,-19.197877222629973,https://www.gdacs.org/report.aspx?eventtype=WF&eventid=1028735,Wildfires,disaster
EONET_20238,"MTZ/SDU/TUSIL Wildfire, San Diego, California",Wildfires,2026-05-19 16:17:00+00:00,-116.362754,32.732894,https://irwin.doi.gov/observer/incidents/86678603-6464-406f-bd21-065bbb15a368,Wildfires,disaster
EONET_20235,"TUSIL Wildfire, San Diego, California",Wildfires,2026-05-19 16:01:00+00:00,50.0,2.0,https://irwin.doi.gov/observer/incidents/1839e996-cb85-4d68-845a-fa8367df7dd8,Wildfires,disaster
EONET_20234,"VERONA Wildfire, Riverside, California",Wildfires,2026-05-19 15:21:00+00:00,-117.08441,33.76272,https://irwin.doi.gov/observer/incidents/5fa51a06-a7d8-4926-84cb-c4a1f2bbb6a8,Wildfires,disaster
EONET_20233,"BAIN Wildfire, Riverside, California",Wildfires,2026-05-19 15:16:00+00:00,-117.505889,33.975363,https://irwin.doi.gov/observer/incidents/a7c6f956-f17f-4a90-9fe7-011addde290c,Wildfires,disaster
EONET_20289,"Sunfish Rx Prescribed Fire, Cook, Minnesota",Wildfires,2026-05-19 12:05:00+00:00,-90.152327,47.989121,https://irwin.doi.gov/observer/incidents/3c911c5e-4cb7-4ca1-9905-6acf4b529813,Wildfires,disaster
EONET_20241,"DeSoto BB 7310 S RX Prescribed Fire, Perry, Mississippi",Wildfires,2026-05-19 10:02:00+00:00,-88.857778,31.024444,https://irwin.doi.gov/observer/incidents/5eb5f2f6-8d24-41e3-a185-60f921e3fad4,Wildfires,disaster
EONET_20240,"Chickasawhay CPT 366 RX Prescribed Fire, Wayne, Mississippi",Wildfires,2026-05-19 09:35:00+00:00,-88.9338,31.4618,https://irwin.doi.gov/observer/incidents/44e802a8-6362-4483-911b-0e60f6a2824c,Wildfires,disaster
EONET_20242,"RX WINN BU  24 Prescribed Fire, Winn, Louisiana",Wildfires,2026-05-19 08:51:00+00:00,-92.841389,32.056667,https://irwin.doi.gov/observer/incidents/fa5d7760-1c86-47cc-a58b-469caf22ed53,Wildfires,disaster
EONET_20218,Flood in United States 1103888,Floods,2026-05-18 20:00:00+00:00,-85.387185,39.0750538,https://www.gdacs.org/report.aspx?eventtype=FL&eventid=1103888,Floods,disaster
EONET_20219,Flood in Russia 1103889,Floods,2026-05-18 20:00:00+00:00,41.0263622,44.8930113,https://www.gdacs.org/report.aspx?eventtype=FL&eventid=1103889,Floods,disaster
EONET_20153,"Kress Wildfire, Swisher, Texas",Wildfires,2026-05-18 19:06:00+00:00,-101.7812159,34.38652018,https://irwin.doi.gov/observer/incidents/9b17d10e-20c4-4177-9b18-236dfae9d57d,Wildfires,disaster
EONET_20208,Wildfire in Australia 1028712,Wildfires,2026-05-18 19:00:00+00:00,130.44587190269715,-13.344203293002211,https://www.gdacs.org/report.aspx?eventtype=WF&eventid=1028712,Wildfires,disaster
EONET_20224,Wildfire in Russian Federation 1028720,Wildfires,2026-05-18 19:00:00+00:00,130.29075617711356,51.1427156261384,https://www.gdacs.org/report.aspx?eventtype=WF&eventid=1028720,Wildfires,disaster
EONET_20275,Wildfire in Russian Federation 1028737,Wildfires,2026-05-18 19:00:00+00:00,134.83438172334533,51.37012913280218,https://www.gdacs.org/report.aspx?eventtype=WF&eventid=1028737,Wildfires,disaster
EONET_20158,"Sailor Cap Wildfire, Owyhee, Idaho",Wildfires,2026-05-18 17:49:00+00:00,-115.531217,42.734486,https://irwin.doi.gov/observer/incidents/73708b7d-cc4d-42d2-b139-74bfd89018f3,Wildfires,disaster
EONET_20157,"SANDY Wildfire, Ventura, California",Wildfires,2026-05-18 13:21:00+00:00,-118.743684,34.250088,https://irwin.doi.gov/observer/incidents/a4eb258a-f5d1-46c3-9560-8fbc8042d9c3,Wildfires,disaster
EONET_20159,"RIVER Wildfire, Kern, California",Wildfires,2026-05-18 12:05:00+00:00,-118.7891667,35.4458333,https://irwin.doi.gov/observer/incidents/91c7775a-98f7-45b3-a8c1-3433796360ca,Wildfires,disaster
EONET_20239,"Chickasawhay CPT 400 RX Prescribed Fire, Wayne, Mississippi",Wildfires,2026-05-18 09:55:00+00:00,-88.8018,31.5193,https://irwin.doi.gov/observer/incidents/d271309e-154d-4b76-83e4-71e83869b4b6,Wildfires,disaster
EONET_20172,"RX WINN BU 114 Prescribed Fire, Grant, Louisiana",Wildfires,2026-05-18 08:58:00+00:00,-92.483333,31.749722,https://irwin.doi.gov/observer/incidents/971f49d7-75c2-43c7-9db0-05c7d006565c,Wildfires,disaster
EONET_20185,"RANGE Wildfire, Roosevelt, New Mexico",Wildfires,2026-05-17 21:18:00+00:00,-103.91635,34.32746,https://irwin.doi.gov/observer/incidents/8a809d3e-710d-48c8-83ce-9b84f042dd17,Wildfires,disaster
EONET_20207,Flood in Australia 1103887,Floods,2026-05-17 20:00:00+00:00,152.7069221,-28.277991,https://www.gdacs.org/report.aspx?eventtype=FL&eventid=1103887,Floods,disaster
EONET_20148,Wildfire in Russian Federation 1028709,Wildfires,2026-05-17 19:00:00+00:00,128.12530081097609,53.2390541766539,https://www.gdacs.org/report.aspx?eventtype=WF&eventid=1028709,Wildfires,disaster
EONET_20209,Wildfire in Russian Federation 1028714,Wildfires,2026-05-17 19:00:00+00:00,129.18103920743823,51.730029977416294,https://www.gdacs.org/report.aspx?eventtype=WF&eventid=1028714,Wildfires,disaster
EONET_20210,Wildfire in Zambia 1028710,Wildfires,2026-05-17 19:00:00+00:00,26.26243396308067,-14.285040452712572,https://www.gdacs.org/report.aspx?eventtype=WF&eventid=1028710,Wildfires,disaster
EONET_20211,Wildfire in Zambia 1028711,Wildfires,2026-05-17 19:00:00+00:00,26.268116686699088,-14.413189025132388,https://www.gdacs.org/report.aspx?eventtype=WF&eventid=1028711,Wildfires,disaster
EONET_20225,Wildfire in Australia 1028721,Wildfires,2026-05-17 19:00:00+00:00,144.7779983177372,-17.2198755463267,https://www.gdacs.org/report.aspx?eventtype=WF&eventid=1028721,Wildfires,disaster
EONET_20152,"Stinky Wildfire, Potter, Texas",Wildfires,2026-05-17 18:24:00+00:00,-102.0169,35.225011,https://irwin.doi.gov/observer/incidents/fcccb1cd-f00f-484f-beeb-43874cb5fd86,Wildfires,disaster
EONET_20160,"Blue Diamond Wildfire, Oldham, Texas",Wildfires,2026-05-17 18:04:00+00:00,3.0,5.0,https://irwin.doi.gov/observer/incidents/e59f6f78-f9cb-4a68-b73f-b8f76ddddc97,Wildfires,disaster
EONET_20154,"AIR FORCE Wildfire, Elmore, Idaho",Wildfires,2026-05-17 16:35:00+00:00,-115.875225,43.08601,https://irwin.doi.gov/observer/incidents/a9536f1a-0b13-40c2-b65a-cc6942341c00,Wildfires,disaster
EONET_20162,"Sharpe Wildfire, Baca, Colorado",Wildfires,2026-05-17 15:37:00+00:00,203.0,3.0,https://irwin.doi.gov/observer/incidents/59686f08-125a-4dc7-91e9-af37f0968ccd,Wildfires,disaster
EONET_20167,"Proffitt Lake Wildfire, Meade, Kansas",Wildfires,2026-05-17 15:00:00+00:00,-100.1141,37.2162,https://irwin.doi.gov/observer/incidents/474cb867-2af9-4bab-828f-a1ec34db0425,Wildfires,disaster
EONET_20151,"Axtell Anceney Rd and Cottontail Rd Wildfire, Gallatin, Montana",Wildfires,2026-05-17 14:05:00+00:00,-111.283273,45.602087,https://irwin.doi.gov/observer/incidents/928cddcb-c14e-4b63-85f7-774058e51acb,Wildfires,disaster
EONET_20194,"APQ Area 13 RX 0516 Prescribed Fire, Highlands, Florida",Wildfires,2026-05-17 09:52:00+00:00,-81.327217,27.621983,https://irwin.doi.gov/observer/incidents/b251045d-a6d9-416d-a1a8-c832ddf89cf5,Wildfires,disaster
EONET_20411,"Kikai Volcano, Japan",Volcanoes,2026-05-17 00:00:00+00:00,130.305,30.793,https://volcano.si.edu/volcano.cfm?vn=282060,Volcanoes,disaster
EONET_20163,"Sharpe Wildfire, Cimarron, Oklahoma",Wildfires,2026-05-16 20:54:00+00:00,-102.6666667,36.8933333,https://irwin.doi.gov/observer/incidents/6122eacf-706c-45a8-91b4-4f9eccf25098,Wildfires,disaster
EONET_20149,Wildfire in Mexico 1028708,Wildfires,2026-05-16 19:00:00+00:00,-91.6768392436938,18.395251541969007,https://www.gdacs.org/report.aspx?eventtype=WF&eventid=1028708,Wildfires,disaster
EONET_20212,Wildfire in Russian Federation 1028716,Wildfires,2026-05-16 19:00:00+00:00,126.8825917998332,53.126181892840805,https://www.gdacs.org/report.aspx?eventtype=WF&eventid=1028716,Wildfires,disaster
EONET_20192,"Ballard Wildfire, Baca, Colorado",Wildfires,2026-05-16 16:32:00+00:00,-102.318569,37.01868,https://irwin.doi.gov/observer/incidents/d12309e1-0771-4e08-8891-904f8770056c,Wildfires,disaster
EONET_20161,"Flanders Wildfire, Crow Wing, Minnesota",Wildfires,2026-05-16 14:45:00+00:00,-94.081924,46.598218,https://irwin.doi.gov/observer/incidents/ec401d4a-7195-4dff-9b6e-c72f2e15594e,Wildfires,disaster
EONET_20183,"DeSoto BB 8366 2 RX Prescribed Fire, Harrison, Mississippi",Wildfires,2026-05-16 11:04:00+00:00,-88.995,30.671667,https://irwin.doi.gov/observer/incidents/257458bd-c716-4ba4-b76b-5f0ae3cacf51,Wildfires,disaster
EONET_20165,"Tex-OK Wildfire, Cimarron, Oklahoma",Wildfires,2026-05-16 09:28:00+00:00,-102.4322222,36.6363889,https://irwin.doi.gov/observer/incidents/e27ccb2e-b913-4916-a414-3bfe748138c7,Wildfires,disaster
EONET_20197,"Chickasawhay CPT 441 RX Prescribed Fire, Wayne, Mississippi",Wildfires,2026-05-16 09:19:00+00:00,-88.6589,31.4806,https://irwin.doi.gov/observer/incidents/3188e40e-94b5-4173-b061-4f32aba3ea05,Wildfires,disaster
EONET_20410,"Bezymianny Volcano, Russia",Volcanoes,2026-05-16 00:00:00+00:00,160.595,55.972,https://volcano.si.edu/volcano.cfm?vn=300250,Volcanoes,disaster
EONET_20168,"Comanche Wildfire, Motley, Texas",Wildfires,2026-05-15 23:00:00+00:00,-100.52482,34.298988,https://irwin.doi.gov/observer/incidents/cf5b566d-8cf3-4d05-bcc3-08ee33f276db,Wildfires,disaster
EONET_20170,"Wolf Canyon OK Wildfire, Beaver, Oklahoma",Wildfires,2026-05-15 22:09:00+00:00,-100.6252778,36.9980556,https://irwin.doi.gov/observer/incidents/071159fa-329d-469c-afa8-f24935ddfaa5,Wildfires,disaster
EONET_20173,"Meade Lake Wildfire, Meade, Kansas",Wildfires,2026-05-15 22:04:00+00:00,50.0,60.0,https://irwin.doi.gov/observer/incidents/3d41f0af-3ede-4394-a814-27c839544715,Wildfires,disaster
EONET_20169,"Cadilac Wildfire, Beaver, Oklahoma",Wildfires,2026-05-15 21:57:00+00:00,-100.5897222,36.94,https://irwin.doi.gov/observer/incidents/08840e8b-f884-4cd8-8a63-9fdac27ad726,Wildfires,disaster
EONET_20195,"RITA BLANCA UNIT 32 Wildfire, Dallam, Texas",Wildfires,2026-05-15 21:33:00+00:00,-102.692407,36.372305,https://irwin.doi.gov/observer/incidents/7dddd0ea-90ca-453b-b6b3-9ac651cc42e7,Wildfires,disaster
EONET_20130,Flood in Malaysia 1103884,Floods,2026-05-15 20:00:00+00:00,103.4352428,1.6220942,https://www.gdacs.org/report.aspx?eventtype=FL&eventid=1103884,Floods,disaster
EONET_20201,"Mustache Wildfire, Haskell, Texas",Wildfires,2026-05-15 19:05:00+00:00,-99.98472222,33.32611111,https://irwin.doi.gov/observer/incidents/d8e74dfa-9e39-48e0-99be-133decffd4e1,Wildfires,disaster
EONET_20120,Wildfire in Australia 1028685,Wildfires,2026-05-15 19:00:00+00:00,123.43446484057527,-19.75129541842824,https://www.gdacs.org/report.aspx?eventtype=WF&eventid=1028685,Wildfires,disaster
EONET_20144,Wildfire in Russian Federation 1028704,Wildfires,2026-05-15 19:00:00+00:00,130.098891477159,51.07718504675828,https://www.gdacs.org/report.aspx?eventtype=WF&eventid=1028704,Wildfires,disaster
EONET_20213,Wildfire in Russian Federation 1028717,Wildfires,2026-05-15 19:00:00+00:00,127.24899341187631,53.52457101279437,https://www.gdacs.org/report.aspx?eventtype=WF&eventid=1028717,Wildfires,disaster
EONET_20214,Wildfire in Russian Federation 1028718,Wildfires,2026-05-15 19:00:00+00:00,128.10589128228332,53.25027332001921,https://www.gdacs.org/report.aspx?eventtype=WF&eventid=1028718,Wildfires,disaster
EONET_20215,Wildfire in Russian Federation 1028715,Wildfires,2026-05-15 19:00:00+00:00,130.5321449676253,52.46473641000432,https://www.gdacs.org/report.aspx?eventtype=WF&eventid=1028715,Wildfires,disaster
EONET_20226,Wildfire in Australia 1028724,Wildfires,2026-05-15 19:00:00+00:00,131.64761669904885,-13.813198491723645,https://www.gdacs.org/report.aspx?eventtype=WF&eventid=1028724,Wildfires,disaster
EONET_20181,"Ox Bow Wildfire, Hall, Texas",Wildfires,2026-05-15 18:51:00+00:00,-100.78035,34.500099,https://irwin.doi.gov/observer/incidents/7c019209-3819-4e99-9fea-ed62233dcdd1,Wildfires,disaster
EONET_20193,"Western Wildfire, Randall, Texas",Wildfires,2026-05-15 17:56:00+00:00,-101.9380031,34.88270125,https://irwin.doi.gov/observer/incidents/8972805f-c7dc-4499-b9fe-d93f8cd06587,Wildfires,disaster
EONET_20164,"Ballard Wildfire, Cimarron, Oklahoma",Wildfires,2026-05-15 17:32:00+00:00,-102.3725,36.9572222,https://irwin.doi.gov/observer/incidents/21470b85-a0a9-4dc0-bfb4-6723802bff2e,Wildfires,disaster
EONET_20171,"Herman Ranch Wildfire, Clark, Kansas",Wildfires,2026-05-15 17:31:00+00:00,15.0,30.0,https://irwin.doi.gov/observer/incidents/7be00d9c-ee6d-4100-88fd-f6e95203f0c9,Wildfires,disaster
EONET_20196,"County Rd 51 Wildfire, Baca, Colorado",Wildfires,2026-05-15 16:24:00+00:00,-102.129333,37.371833,https://irwin.doi.gov/observer/incidents/e0b7f98b-c48f-48ef-81c4-91183dad5ee1,Wildfires,disaster
EONET_20179,"Cherokee Wildfire, Briscoe, Texas",Wildfires,2026-05-15 14:37:00+00:00,-101.0180556,34.60333333,https://irwin.doi.gov/observer/incidents/e50ce200-aedd-48c1-bbcc-d0a2a7cbf845,Wildfires,disaster
EONET_20175,"Chocolate Chip Wildfire, Randall, Texas",Wildfires,2026-05-15 14:21:00+00:00,-102.0996833,34.78675,https://irwin.doi.gov/observer/incidents/98df07f2-9e35-4e74-a4f2-3d8d4899d694,Wildfires,disaster
EONET_20182,"Chainey Mountain Wildfire, Hall, Texas",Wildfires,2026-05-15 13:55:00+00:00,-100.5130556,34.39444444,https://irwin.doi.gov/observer/incidents/7dabf2c6-d00c-47b0-8fc8-9390f207e958,Wildfires,disaster
EONET_20150,"Santa Rosa Island Wildfire, Santa Barbara, California",Wildfires,2026-05-15 12:25:00+00:00,-120.086061,33.917233,https://irwin.doi.gov/observer/incidents/c0ca08f2-e210-4fdf-a312-420a581ece3a,Wildfires,disaster
EONET_20180,"River Wildfire, Morton, Kansas",Wildfires,2026-05-15 08:56:00+00:00,-101.626533,37.220033,https://irwin.doi.gov/observer/incidents/5ae4ee1f-9c00-43ca-b8cf-985afce3934b,Wildfires,disaster
EONET_20178,"Windmill Wildfire, Morton, Kansas",Wildfires,2026-05-15 08:55:00+00:00,-101.5922,37.219417,https://irwin.doi.gov/observer/incidents/9910c36a-8258-4892-836e-30f7c76aea9d,Wildfires,disaster
EONET_20200,"Crooked Cook Wildfire, Motley, Texas",Wildfires,2026-05-15 02:01:00+00:00,-100.8350875,34.011822,https://irwin.doi.gov/observer/incidents/0c2508d8-cb18-4d6e-8275-4eeccfb5ab9f,Wildfires,disaster
EONET_20174,"Line Wildfire, Oldham, Texas",Wildfires,2026-05-15 01:52:00+00:00,-103.040997,35.607533,https://irwin.doi.gov/observer/incidents/7fc23d22-592b-4191-a235-2d1cca369585,Wildfires,disaster
EONET_20198,"Roman Wildfire, Hartley, Texas",Wildfires,2026-05-15 00:15:00+00:00,-102.86812,35.71846,https://irwin.doi.gov/observer/incidents/3365b0cf-31b1-43cc-9f8b-d0fead8ba2c4,Wildfires,disaster
EONET_12618,Iceberg A84,Sea and Lake Ice,2025-01-31 00:00:00+00:00,-75.8,-72.69,https://usicecenter.gov/pub/Iceberg_Tabular.csv,Sea and Lake Ice,disaster
EONET_12618,Iceberg A84,Sea and Lake Ice,2025-02-06 00:00:00+00:00,-77.85,-72.19,https://usicecenter.gov/pub/Iceberg_Tabular.csv,Sea and Lake Ice,disaster
EONET_12618,Iceberg A84,Sea and Lake Ice,2025-02-14 00:00:00+00:00,-79.81,-72.06,https://usicecenter.gov/pub/Iceberg_Tabular.csv,Sea and Lake Ice,disaster
EONET_12618,Iceberg A84,Sea and Lake Ice,2025-02-28 00:00:00+00:00,-81.03,-72.88,https://usicecenter.gov/pub/Iceberg_Tabular.csv,Sea and Lake Ice,disaster
EONET_12618,Iceberg A84,Sea and Lake Ice,2025-03-13 00:00:00+00:00,-82.43,-73.6,https://usicecenter.gov/pub/Iceberg_Tabular.csv,Sea and Lake Ice,disaster
EONET_12618,Iceberg A84,Sea and Lake Ice,2025-03-21 00:00:00+00:00,-84.35,-73.44,https://usicecenter.gov/pub/Iceberg_Tabular.csv,Sea and Lake Ice,disaster
EONET_12618,Iceberg A84,Sea and Lake Ice,2025-04-04 00:00:00+00:00,-86.23,-72.86,https://usicecenter.gov/pub/Iceberg_Tabular.csv,Sea and Lake Ice,disaster
EONET_12618,Iceberg A84,Sea and Lake Ice,2025-04-11 00:00:00+00:00,-87.79,-72.71,https://usicecenter.gov/pub/Iceberg_Tabular.csv,Sea and Lake Ice,disaster
EONET_12618,Iceberg A84,Sea and Lake Ice,2025-04-18 00:00:00+00:00,-90.64,-72.11,https://usicecenter.gov/pub/Iceberg_Tabular.csv,Sea and Lake Ice,disaster
EONET_12618,Iceberg A84,Sea and Lake Ice,2025-04-24 00:00:00+00:00,-91.86,-72.4,https://usicecenter.gov/pub/Iceberg_Tabular.csv,Sea and Lake Ice,disaster
EONET_12618,Iceberg A84,Sea and Lake Ice,2025-05-09 00:00:00+00:00,-93.89,-72.42,https://usicecenter.gov/pub/Iceberg_Tabular.csv,Sea and Lake Ice,disaster
EONET_12618,Iceberg A84,Sea and Lake Ice,2025-05-16 00:00:00+00:00,-94.85,-72.04,https://usicecenter.gov/pub/Iceberg_Tabular.csv,Sea and Lake Ice,disaster
EONET_12618,Iceberg A84,Sea and Lake Ice,2026-01-02 00:00:00+00:00,-96.27,-71.64,https://usicecenter.gov/pub/Iceberg_Tabular.csv,Sea and Lake Ice,disaster
EONET_12618,Iceberg A84,Sea and Lake Ice,2026-01-30 00:00:00+00:00,-100.25,-71.61,https://usicecenter.gov/pub/Iceberg_Tabular.csv,Sea and Lake Ice,disaster
EONET_12618,Iceberg A84,Sea and Lake Ice,2026-02-26 00:00:00+00:00,-103.78,-72.35,https://usicecenter.gov/pub/Iceberg_Tabular.csv,Sea and Lake Ice,disaster
EONET_12618,Iceberg A84,Sea and Lake Ice,2026-03-26 00:00:00+00:00,-103.89,-73.1,https://usicecenter.gov/pub/Iceberg_Tabular.csv,Sea and Lake Ice,disaster
EONET_12618,Iceberg A84,Sea and Lake Ice,2026-04-10 00:00:00+00:00,-104.89,-73.86,https://usicecenter.gov/pub/Iceberg_Tabular.csv,Sea and Lake Ice,disaster
EONET_12618,Iceberg A84,Sea and Lake Ice,2026-04-24 00:00:00+00:00,-106.83,-73.24,https://usicecenter.gov/pub/Iceberg_Tabular.csv,Sea and Lake Ice,disaster
EONET_12618,Iceberg A84,Sea and Lake Ice,2026-05-15 00:00:00+00:00,-107.18,-72.78,https://usicecenter.gov/pub/Iceberg_Tabular.csv,Sea and Lake Ice,disaster
EONET_12618,Iceberg A84,Sea and Lake Ice,2026-05-21 00:00:00+00:00,-108.28,-72.44,https://usicecenter.gov/pub/Iceberg_Tabular.csv,Sea and Lake Ice,disaster
EONET_12618,Iceberg A84,Sea and Lake Ice,2026-07-17 00:00:00+00:00,-107.7,-72.02,https://usicecenter.gov/pub/Iceberg_Tabular.csv,Sea and Lake Ice,disaster
EONET_12618,Iceberg A84,Sea and Lake Ice,2026-07-23 00:00:00+00:00,-105.76,-71.59,https://usicecenter.gov/pub/Iceberg_Tabular.csv,Sea and Lake Ice,disaster
EONET_20220,Iceberg B51,Sea and Lake Ice,2026-05-15 00:00:00+00:00,-130.63,-74.22,https://usicecenter.gov/pub/Iceberg_Tabular.csv,Sea and Lake Ice,disaster
EONET_20221,Iceberg D15D,Sea and Lake Ice,2026-05-15 00:00:00+00:00,79.31,-67.28,https://usicecenter.gov/pub/Iceberg_Tabular.csv,Sea and Lake Ice,disaster
EONET_20190,"McBride Wildfire, Carson, Texas",Wildfires,2026-05-14 21:33:00+00:00,-101.508259,35.514808,https://irwin.doi.gov/observer/incidents/b168e9ab-44b1-4b83-9d20-2088593538c6,Wildfires,disaster
EONET_20191,"State Line Wildfire, Baca, Colorado",Wildfires,2026-05-14 21:22:00+00:00,-102.369778,37.010118,https://irwin.doi.gov/observer/incidents/535a8652-1269-4dda-8a1d-65458bcbfa10,Wildfires,disaster
EONET_20199,"Shifty Wildfire, Potter, Texas",Wildfires,2026-05-14 21:16:00+00:00,-101.952543,35.47352,https://irwin.doi.gov/observer/incidents/788ebbc9-1adf-4745-9ac8-aec77f2a5c72,Wildfires,disaster
EONET_20187,"Line Wildfire, Quay, New Mexico",Wildfires,2026-05-14 20:17:00+00:00,-103.1274,35.4584,https://irwin.doi.gov/observer/incidents/bc32a0d5-e4e8-4553-b174-837c26c6e1ff,Wildfires,disaster
EONET_20131,Flood in China 1103883,Floods,2026-05-14 20:00:00+00:00,121.4249152,23.6677535,https://www.gdacs.org/report.aspx?eventtype=FL&eventid=1103883,Floods,disaster
EONET_20143,Flood in Austria 1103885,Floods,2026-05-14 20:00:00+00:00,13.3316861,47.2305949,https://www.gdacs.org/report.aspx?eventtype=FL&eventid=1103885,Floods,disaster
EONET_20166,"Hunggate Wildfire, Randall, Texas",Wildfires,2026-05-14 19:40:00+00:00,-101.9550667,34.94155,https://irwin.doi.gov/observer/incidents/96284682-5c28-4886-b9ea-d5db03e2a243,Wildfires,disaster
EONET_20105,Wildfire in United States 1028672,Wildfires,2026-05-14 19:00:00+00:00,-100.38334532167714,37.197671995410765,https://www.gdacs.org/report.aspx?eventtype=WF&eventid=1028672,Wildfires,disaster
EONET_20121,Wildfire in United States 1028683,Wildfires,2026-05-14 19:00:00+00:00,-102.01086858034392,34.808158559859805,https://www.gdacs.org/report.aspx?eventtype=WF&eventid=1028683,Wildfires,disaster
EONET_20122,Wildfire in Australia 1028686,Wildfires,2026-05-14 19:00:00+00:00,131.8691580061589,-13.69126062764022,https://www.gdacs.org/report.aspx?eventtype=WF&eventid=1028686,Wildfires,disaster
EONET_20123,Wildfire in Russian Federation 1028687,Wildfires,2026-05-14 19:00:00+00:00,127.99719995276008,51.64208007928278,https://www.gdacs.org/report.aspx?eventtype=WF&eventid=1028687,Wildfires,disaster
EONET_20124,Wildfire in Australia 1028688,Wildfires,2026-05-14 19:00:00+00:00,122.94931244479292,-20.04220316929763,https://www.gdacs.org/report.aspx?eventtype=WF&eventid=1028688,Wildfires,disaster
EONET_20132,Wildfire in Russian Federation 1028693,Wildfires,2026-05-14 19:00:00+00:00,130.06241299339536,50.59027367609757,https://www.gdacs.org/report.aspx?eventtype=WF&eventid=1028693,Wildfires,disaster
EONET_20133,Wildfire in Russian Federation 1028694,Wildfires,2026-05-14 19:00:00+00:00,129.77651446490114,51.12721594752604,https://www.gdacs.org/report.aspx?eventtype=WF&eventid=1028694,Wildfires,disaster
EONET_20134,Wildfire in Russian Federation 1028698,Wildfires,2026-05-14 19:00:00+00:00,127.46169578032472,52.3677017870064,https://www.gdacs.org/report.aspx?eventtype=WF&eventid=1028698,Wildfires,disaster
EONET_20135,Wildfire in Russian Federation 1028699,Wildfires,2026-05-14 19:00:00+00:00,126.71509082251842,53.16625542566782,https://www.gdacs.org/report.aspx?eventtype=WF&eventid=1028699,Wildfires,disaster
EONET_20227,Wildfire in Russian Federation 1028725,Wildfires,2026-05-14 19:00:00+00:00,126.18992870670552,53.11318280958348,https://www.gdacs.org/report.aspx?eventtype=WF&eventid=1028725,Wildfires,disaster
EONET_20228,Wildfire in Russian Federation 1028726,Wildfires,2026-05-14 19:00:00+00:00,127.11482436252628,53.57330046008464,https://www.gdacs.org/report.aspx?eventtype=WF&eventid=1028726,Wildfires,disaster
EONET_20202,"RANGE Wildfire, Monterey, California",Wildfires,2026-05-14 18:19:00+00:00,-120.811504,35.829565,https://irwin.doi.gov/observer/incidents/3acb48ed-c3a5-49da-bb7f-22b201fb7ebe,Wildfires,disaster
EONET_20155,"51 Wildfire, Morton, Kansas",Wildfires,2026-05-14 18:17:00+00:00,-101.655228,37.18058,https://irwin.doi.gov/observer/incidents/c2dcb1c7-e144-4031-9c3b-0d9d3438ab58,Wildfires,disaster
EONET_20186,"Mimms Wildfire, Quay, New Mexico",Wildfires,2026-05-14 18:06:00+00:00,-103.934566,34.818397,https://irwin.doi.gov/observer/incidents/df424a1d-f6d6-4095-8786-dd329a7fb229,Wildfires,disaster
EONET_20098,"Eagle Lake Fire Wildfire, Hancock, Iowa",Wildfires,2026-05-14 11:04:00+00:00,-93.72348843,43.11279415,https://irwin.doi.gov/observer/incidents/c283aec9-aab3-4720-addc-47bb6a433a32,Wildfires,disaster
EONET_20204,"DeSoto BB 8366 RX Prescribed Fire, Harrison, Mississippi",Wildfires,2026-05-14 09:54:00+00:00,-88.9959,30.673,https://irwin.doi.gov/observer/incidents/a026bf75-f984-41cf-b2ea-7b9037ca667f,Wildfires,disaster
EONET_20206,"Chickasawhay CPT 439 441 RX Prescribed Fire, Wayne, Mississippi",Wildfires,2026-05-14 09:35:00+00:00,-88.6767,31.4818,https://irwin.doi.gov/observer/incidents/e91c33ef-bfa1-4a69-971e-3c8c4a4689e0,Wildfires,disaster
EONET_20156,"SEVEN CABINS Wildfire, Lincoln, New Mexico",Wildfires,2026-05-14 07:42:00+00:00,14.0,200.0,https://irwin.doi.gov/observer/incidents/cee6fe44-48eb-42fa-b351-5f3d8dfe5a2f,Wildfires,disaster
EONET_20095,"Ash Pole Wildfire, Dawes, Nebraska",Wildfires,2026-05-14 03:26:00+00:00,-103.2415,42.626352,https://irwin.doi.gov/observer/incidents/67b9dde7-df9f-4ade-84b2-d397e8662e48,Wildfires,disaster
EONET_20189,"Rochelle 2 Wildfire, Converse, Wyoming",Wildfires,2026-05-13 22:52:00+00:00,-105.2177,43.49225,https://irwin.doi.gov/observer/incidents/01aac875-e26e-49e4-9db0-80b5965a7b9f,Wildfires,disaster
EONET_20094,"NEURALIA Wildfire, Kern, California",Wildfires,2026-05-13 20:02:00+00:00,-117.98596,35.235788,https://irwin.doi.gov/observer/incidents/5be7b8cc-2c09-4f31-bf3b-5f1d26d5adcd,Wildfires,disaster
EONET_20093,"Pasadena Valley Wildfire, Elmore, Idaho",Wildfires,2026-05-13 19:45:00+00:00,-115.260567,42.9622,https://irwin.doi.gov/observer/incidents/a504b060-c0a6-4c43-a281-19e1886c9aa0,Wildfires,disaster
EONET_20177,"Jericho Creek Wildfire, Powell, Montana",Wildfires,2026-05-13 19:12:00+00:00,-112.340167,46.477333,https://irwin.doi.gov/observer/incidents/1c840397-b333-46fc-9191-1cdbb82ce4f8,Wildfires,disaster
EONET_20086,Wildfire in Australia 1028667,Wildfires,2026-05-13 19:00:00+00:00,131.79236738189468,-13.456114038889064,https://www.gdacs.org/report.aspx?eventtype=WF&eventid=1028667,Wildfires,disaster
EONET_20106,Wildfire in Australia 1028673,Wildfires,2026-05-13 19:00:00+00:00,121.92913504786448,-18.96981762255115,https://www.gdacs.org/report.aspx?eventtype=WF&eventid=1028673,Wildfires,disaster
EONET_20107,Wildfire in Australia 1028674,Wildfires,2026-05-13 19:00:00+00:00,130.53677188297763,-13.875708913432849,https://www.gdacs.org/report.aspx?eventtype=WF&eventid=1028674,Wildfires,disaster
EONET_20108,Wildfire in Australia 1028675,Wildfires,2026-05-13 19:00:00+00:00,130.30444207482282,-13.817645727177345,https://www.gdacs.org/report.aspx?eventtype=WF&eventid=1028675,Wildfires,disaster
EONET_20125,Wildfire in Australia 1028689,Wildfires,2026-05-13 19:00:00+00:00,130.25845324881533,-14.985855734913809,https://www.gdacs.org/report.aspx?eventtype=WF&eventid=1028689,Wildfires,disaster
EONET_20126,Wildfire in Russian Federation 1028690,Wildfires,2026-05-13 19:00:00+00:00,126.63118756606823,53.10412386698627,https://www.gdacs.org/report.aspx?eventtype=WF&eventid=1028690,Wildfires,disaster
EONET_20136,Wildfire in Russian Federation 1028700,Wildfires,2026-05-13 19:00:00+00:00,127.26342187929096,53.23450441177846,https://www.gdacs.org/report.aspx?eventtype=WF&eventid=1028700,Wildfires,disaster
EONET_20137,Wildfire in United States 1028701,Wildfires,2026-05-13 19:00:00+00:00,-105.32614451177328,33.62704563689134,https://www.gdacs.org/report.aspx?eventtype=WF&eventid=1028701,Wildfires,disaster
EONET_20138,Wildfire in Australia 1028702,Wildfires,2026-05-13 19:00:00+00:00,131.6562650276136,-13.430320746975609,https://www.gdacs.org/report.aspx?eventtype=WF&eventid=1028702,Wildfires,disaster
EONET_20139,Wildfire in Russian Federation 1028703,Wildfires,2026-05-13 19:00:00+00:00,126.61684631041275,53.10899693454384,https://www.gdacs.org/report.aspx?eventtype=WF&eventid=1028703,Wildfires,disaster
EONET_20145,"Wildfire in Russian Federation, China 1028706",Wildfires,2026-05-13 19:00:00+00:00,124.8397974964825,53.17718796547731,https://www.gdacs.org/report.aspx?eventtype=WF&eventid=1028706,Wildfires,disaster
EONET_20146,Wildfire in Russian Federation 1028707,Wildfires,2026-05-13 19:00:00+00:00,126.87957635049636,53.37462266696996,https://www.gdacs.org/report.aspx?eventtype=WF&eventid=1028707,Wildfires,disaster
EONET_20216,Wildfire in Honduras 1028713,Wildfires,2026-05-13 19:00:00+00:00,-86.99300095092552,14.529362734481753,https://www.gdacs.org/report.aspx?eventtype=WF&eventid=1028713,Wildfires,disaster
EONET_20096,"Wild Horse Wildfire, Millard, Utah",Wildfires,2026-05-13 17:08:00+00:00,-112.24211,39.46574,https://irwin.doi.gov/observer/incidents/fd427073-88d5-4cfa-95a1-7be3d3e5e00f,Wildfires,disaster
EONET_20255,"NW SANDS BLOCK A RX Prescribed Fire, Bayfield, Wisconsin",Wildfires,2026-05-13 11:37:00+00:00,-91.299747,46.617832,https://irwin.doi.gov/observer/incidents/17eaee3d-9c58-48b9-911b-f2c02fbd6683,Wildfires,disaster
EONET_20099,"RX WINN BU 113 Prescribed Fire, Grant, Louisiana",Wildfires,2026-05-13 09:44:00+00:00,-92.5188,31.746,https://irwin.doi.gov/observer/incidents/0332cd8c-1d43-41e1-b8c4-3b0992de3e13,Wildfires,disaster
EONET_20104,Flood in Bangladesh 1103878,Floods,2026-05-12 20:00:00+00:00,90.3395618,25.1222567,https://www.gdacs.org/report.aspx?eventtype=FL&eventid=1103878,Floods,disaster
EONET_20117,Flood in Thailand 1103881,Floods,2026-05-12 20:00:00+00:00,100.9552749,16.3293171,https://www.gdacs.org/report.aspx?eventtype=FL&eventid=1103881,Floods,disaster
EONET_20118,Flood in Philippines 1103880,Floods,2026-05-12 20:00:00+00:00,124.748923,6.6191395,https://www.gdacs.org/report.aspx?eventtype=FL&eventid=1103880,Floods,disaster
EONET_20119,Flood in Yemen 1103882,Floods,2026-05-12 20:00:00+00:00,43.767179,13.757808,https://www.gdacs.org/report.aspx?eventtype=FL&eventid=1103882,Floods,disaster
EONET_20079,Wildfire in Mongolia 1028659,Wildfires,2026-05-12 19:00:00+00:00,115.26586196942247,46.150031412685685,https://www.gdacs.org/report.aspx?eventtype=WF&eventid=1028659,Wildfires,disaster
EONET_20080,Wildfire in Australia 1028660,Wildfires,2026-05-12 19:00:00+00:00,130.04341236141457,-15.26705737894975,https://www.gdacs.org/report.aspx?eventtype=WF&eventid=1028660,Wildfires,disaster
EONET_20081,Wildfire in Australia 1028661,Wildfires,2026-05-12 19:00:00+00:00,124.99125948398068,-17.481468911731803,https://www.gdacs.org/report.aspx?eventtype=WF&eventid=1028661,Wildfires,disaster
EONET_20082,Wildfire in Mongolia 1028662,Wildfires,2026-05-12 19:00:00+00:00,115.3636154473448,46.21961516379648,https://www.gdacs.org/report.aspx?eventtype=WF&eventid=1028662,Wildfires,disaster
EONET_20087,Wildfire in Mongolia 1028664,Wildfires,2026-05-12 19:00:00+00:00,115.93974122527986,46.12433205693335,https://www.gdacs.org/report.aspx?eventtype=WF&eventid=1028664,Wildfires,disaster
EONET_20088,Wildfire in Mongolia 1028665,Wildfires,2026-05-12 19:00:00+00:00,116.20144466073536,46.2194365580596,https://www.gdacs.org/report.aspx?eventtype=WF&eventid=1028665,Wildfires,disaster
EONET_20089,Wildfire in Russian Federation 1028668,Wildfires,2026-05-12 19:00:00+00:00,133.84258065529383,48.69157827612376,https://www.gdacs.org/report.aspx?eventtype=WF&eventid=1028668,Wildfires,disaster
EONET_20109,Wildfire in Australia 1028676,Wildfires,2026-05-12 19:00:00+00:00,124.78156254665316,-17.831033493470862,https://www.gdacs.org/report.aspx?eventtype=WF&eventid=1028676,Wildfires,disaster
EONET_20110,Wildfire in Russian Federation 1028677,Wildfires,2026-05-12 19:00:00+00:00,130.19977916541788,50.81927492180209,https://www.gdacs.org/report.aspx?eventtype=WF&eventid=1028677,Wildfires,disaster
EONET_20140,Wildfire in Venezuela 1028696,Wildfires,2026-05-12 19:00:00+00:00,-62.68101781290886,8.560291672044102,https://www.gdacs.org/report.aspx?eventtype=WF&eventid=1028696,Wildfires,disaster
EONET_20217,Wildfire in Russian Federation 1028719,Wildfires,2026-05-12 19:00:00+00:00,132.35787773547557,50.99943792070505,https://www.gdacs.org/report.aspx?eventtype=WF&eventid=1028719,Wildfires,disaster
EONET_20205,"Stotz RX Prescribed Fire, Edmunds, South Dakota",Wildfires,2026-05-12 11:12:00+00:00,-99.5704,45.3842,https://irwin.doi.gov/observer/incidents/5dede778-5db5-49ef-a34b-eb557a98d845,Wildfires,disaster
EONET_20083,Wildfire in Russian Federation 1028663,Wildfires,2026-05-11 19:00:00+00:00,130.05909878101764,50.88973956922919,https://www.gdacs.org/report.aspx?eventtype=WF&eventid=1028663,Wildfires,disaster
EONET_20111,Wildfire in Australia 1028678,Wildfires,2026-05-11 19:00:00+00:00,131.09070646072618,-14.518219006069256,https://www.gdacs.org/report.aspx?eventtype=WF&eventid=1028678,Wildfires,disaster
EONET_20112,Wildfire in Australia 1028679,Wildfires,2026-05-11 19:00:00+00:00,130.80178883109085,-14.619709722124623,https://www.gdacs.org/report.aspx?eventtype=WF&eventid=1028679,Wildfires,disaster
EONET_20113,Wildfire in Russian Federation 1028680,Wildfires,2026-05-11 19:00:00+00:00,136.7702449319372,50.4323872116836,https://www.gdacs.org/report.aspx?eventtype=WF&eventid=1028680,Wildfires,disaster
EONET_20097,"Teal Wildfire, Sheridan, Montana",Wildfires,2026-05-11 18:23:00+00:00,-104.49667,48.46517,https://irwin.doi.gov/observer/incidents/2155e668-f816-469f-92f1-3314545df327,Wildfires,disaster
EONET_20061,"rx-Young 1 Prescribed Fire, Jefferson, Wisconsin",Wildfires,2026-05-11 13:22:00+00:00,-88.630401,42.8455985,https://irwin.doi.gov/observer/incidents/9d3d3cda-00ae-4b33-b930-ad5d3e3655a2,Wildfires,disaster
EONET_20062,"MAX ROAD (06) Wildfire, Broward, Florida",Wildfires,2026-05-11 10:01:00+00:00,-80.4538889,25.9602778,https://irwin.doi.gov/observer/incidents/b9437e3b-3fd9-40b6-81fc-4e75379d437e,Wildfires,disaster
EONET_20060,"NIKE Wildfire, Grant, Washington",Wildfires,2026-05-11 09:33:00+00:00,-119.590383,46.766217,https://irwin.doi.gov/observer/incidents/1191b2c6-812b-457a-b824-ce37b47157b1,Wildfires,disaster
EONET_20064,"Rx Upshur 3999 Prescribed Fire, Upshur, Texas",Wildfires,2026-05-11 09:09:00+00:00,-95.04077,32.758815,https://irwin.doi.gov/observer/incidents/1c9b2dc8-a084-4c5c-bb41-7bcf6dcb5ca6,Wildfires,disaster
EONET_20101,"Peterson Road RX Prescribed Fire, Benzie, Michigan",Wildfires,2026-05-11 08:45:00+00:00,-86.0925,44.72,https://irwin.doi.gov/observer/incidents/6474f1cf-405c-4433-a8c7-b9d03f2e8d0a,Wildfires,disaster
EONET_20046,Wildfire in Australia 1028641,Wildfires,2026-05-10 19:00:00+00:00,129.84838608555242,-13.651743831070458,https://www.gdacs.org/report.aspx?eventtype=WF&eventid=1028641,Wildfires,disaster
EONET_20071,Wildfire in Australia 1028653,Wildfires,2026-05-10 19:00:00+00:00,130.57707218271906,-14.972754530773363,https://www.gdacs.org/report.aspx?eventtype=WF&eventid=1028653,Wildfires,disaster
EONET_20084,Wildfire in Liberia 1028657,Wildfires,2026-05-10 19:00:00+00:00,-8.710936648138546,7.240466395620291,https://www.gdacs.org/report.aspx?eventtype=WF&eventid=1028657,Wildfires,disaster
EONET_20085,Wildfire in Australia 1028658,Wildfires,2026-05-10 19:00:00+00:00,130.6061606601242,-14.927106740785918,https://www.gdacs.org/report.aspx?eventtype=WF&eventid=1028658,Wildfires,disaster
EONET_20114,Wildfire in Australia 1028681,Wildfires,2026-05-10 19:00:00+00:00,130.1939257994159,-13.467438100468016,https://www.gdacs.org/report.aspx?eventtype=WF&eventid=1028681,Wildfires,disaster
EONET_20115,Wildfire in Russian Federation 1028682,Wildfires,2026-05-10 19:00:00+00:00,127.1609217165472,52.7514135021746,https://www.gdacs.org/report.aspx?eventtype=WF&eventid=1028682,Wildfires,disaster
EONET_20141,Wildfire in Bolivia 1028697,Wildfires,2026-05-10 19:00:00+00:00,-59.7676583158346,-16.709293931523792,https://www.gdacs.org/report.aspx?eventtype=WF&eventid=1028697,Wildfires,disaster
EONET_20147,Wildfire in Russian Federation 1028705,Wildfires,2026-05-10 19:00:00+00:00,126.75945665160108,53.43072948167629,https://www.gdacs.org/report.aspx?eventtype=WF&eventid=1028705,Wildfires,disaster
EONET_20276,Wildfire in Russian Federation 1028740,Wildfires,2026-05-10 19:00:00+00:00,135.0051385380359,51.440538244205186,https://www.gdacs.org/report.aspx?eventtype=WF&eventid=1028740,Wildfires,disaster
EONET_20063,"Rothi East RX Prescribed Fire, Big Stone, Minnesota",Wildfires,2026-05-10 11:34:00+00:00,-96.27005,45.32005,https://irwin.doi.gov/observer/incidents/f5e7f8f0-35f3-4f65-b2df-1ca92a70ffb7,Wildfires,disaster
EONET_20066,"Lasso Loop RX Prescribed Fire, Benzie, Michigan",Wildfires,2026-05-10 09:04:00+00:00,-86.091389,44.729167,https://irwin.doi.gov/observer/incidents/5a2ac593-0c74-40d1-bade-d6c08afc935b,Wildfires,disaster
EONET_20078,Flood in Pakistan 1103877,Floods,2026-05-09 20:00:00+00:00,71.2678805,33.712802,https://www.gdacs.org/report.aspx?eventtype=FL&eventid=1103877,Floods,disaster
EONET_20047,Wildfire in Russian Federation 1028642,Wildfires,2026-05-09 19:00:00+00:00,134.79097474455511,48.93334043508427,https://www.gdacs.org/report.aspx?eventtype=WF&eventid=1028642,Wildfires,disaster
EONET_20048,Wildfire in Australia 1028643,Wildfires,2026-05-09 19:00:00+00:00,130.34633440049444,-15.16969454241287,https://www.gdacs.org/report.aspx?eventtype=WF&eventid=1028643,Wildfires,disaster
EONET_20049,Wildfire in Australia 1028644,Wildfires,2026-05-09 19:00:00+00:00,130.53267646724606,-15.183332742661614,https://www.gdacs.org/report.aspx?eventtype=WF&eventid=1028644,Wildfires,disaster
EONET_20050,Wildfire in Russian Federation 1028645,Wildfires,2026-05-09 19:00:00+00:00,133.4298293990992,48.69831367072151,https://www.gdacs.org/report.aspx?eventtype=WF&eventid=1028645,Wildfires,disaster
EONET_20051,Wildfire in Russian Federation 1028646,Wildfires,2026-05-09 19:00:00+00:00,130.7415591566258,49.00053247817513,https://www.gdacs.org/report.aspx?eventtype=WF&eventid=1028646,Wildfires,disaster
EONET_20052,Wildfire in Russian Federation 1028636,Wildfires,2026-05-09 19:00:00+00:00,129.8058278059038,50.78228184364474,https://www.gdacs.org/report.aspx?eventtype=WF&eventid=1028636,Wildfires,disaster
EONET_20053,Wildfire in Russian Federation 1028639,Wildfires,2026-05-09 19:00:00+00:00,129.6826143409722,50.78109374615009,https://www.gdacs.org/report.aspx?eventtype=WF&eventid=1028639,Wildfires,disaster
EONET_20072,Wildfire in Australia 1028654,Wildfires,2026-05-09 19:00:00+00:00,130.52835867542342,-15.487845981489718,https://www.gdacs.org/report.aspx?eventtype=WF&eventid=1028654,Wildfires,disaster
EONET_20127,Wildfire in Australia 1028691,Wildfires,2026-05-09 19:00:00+00:00,130.11558744892565,-15.058321396883604,https://www.gdacs.org/report.aspx?eventtype=WF&eventid=1028691,Wildfires,disaster
EONET_20069,"BRITE Wildfire, Kern, California",Wildfires,2026-05-09 17:20:00+00:00,-119.4958333,35.3419444,https://irwin.doi.gov/observer/incidents/6b54ea91-4f1c-40d2-ab89-11f826491e96,Wildfires,disaster
EONET_20030,Wildfire in Australia 1028625,Wildfires,2026-05-08 19:00:00+00:00,131.4131795186518,-13.342250460840775,https://www.gdacs.org/report.aspx?eventtype=WF&eventid=1028625,Wildfires,disaster
EONET_20054,Wildfire in Russian Federation 1028647,Wildfires,2026-05-08 19:00:00+00:00,134.06579457062483,48.673722177061215,https://www.gdacs.org/report.aspx?eventtype=WF&eventid=1028647,Wildfires,disaster
EONET_20116,Wildfire in Ethiopia 1028671,Wildfires,2026-05-08 19:00:00+00:00,33.451143066775444,8.147583849771289,https://www.gdacs.org/report.aspx?eventtype=WF&eventid=1028671,Wildfires,disaster
EONET_20128,Wildfire in Australia 1028692,Wildfires,2026-05-08 19:00:00+00:00,132.0862481134685,-14.10092004947227,https://www.gdacs.org/report.aspx?eventtype=WF&eventid=1028692,Wildfires,disaster
EONET_20237,"Jesson WPA RX Prescribed Fire, Spink, South Dakota",Wildfires,2026-05-08 10:26:00+00:00,-98.658,44.774,https://irwin.doi.gov/observer/incidents/f5aa687e-315b-43bf-bffe-93a1c411eb56,Wildfires,disaster
EONET_20070,"Big Neal RX Prescribed Fire, Bath, Virginia",Wildfires,2026-05-08 10:02:00+00:00,-79.817083,38.12855,https://irwin.doi.gov/observer/incidents/3e08fbd0-8fca-4251-a407-05fb19f756b4,Wildfires,disaster
EONET_2736,Iceberg B22A,Sea and Lake Ice,2011-08-30 00:00:00+00:00,-108.5265,-74.2006,http://www.scp.byu.edu/data/iceberg/ascat/b22a.ascat,Sea and Lake Ice,disaster
EONET_2736,Iceberg B22A,Sea and Lake Ice,2022-02-18 00:00:00+00:00,-109.44,-73.82,http://www.scp.byu.edu/data/iceberg/ascat/b22a.ascat,Sea and Lake Ice,disaster
EONET_2736,Iceberg B22A,Sea and Lake Ice,2023-01-27 00:00:00+00:00,-108.78,-73.39,http://www.scp.byu.edu/data/iceberg/ascat/b22a.ascat,Sea and Lake Ice,disaster
EONET_2736,Iceberg B22A,Sea and Lake Ice,2023-02-17 00:00:00+00:00,-108.24,-72.76,http://www.scp.byu.edu/data/iceberg/ascat/b22a.ascat,Sea and Lake Ice,disaster
EONET_2736,Iceberg B22A,Sea and Lake Ice,2023-03-10 00:00:00+00:00,-108.85,-72.33,http://www.scp.byu.edu/data/iceberg/ascat/b22a.ascat,Sea and Lake Ice,disaster
EONET_2736,Iceberg B22A,Sea and Lake Ice,2023-04-21 00:00:00+00:00,-111.09,-72.2,http://www.scp.byu.edu/data/iceberg/ascat/b22a.ascat,Sea and Lake Ice,disaster
EONET_2736,Iceberg B22A,Sea and Lake Ice,2023-05-19 00:00:00+00:00,-113.27,-72.1,http://www.scp.byu.edu/data/iceberg/ascat/b22a.ascat,Sea and Lake Ice,disaster
EONET_2736,Iceberg B22A,Sea and Lake Ice,2023-06-30 00:00:00+00:00,-115.09,-72.02,http://www.scp.byu.edu/data/iceberg/ascat/b22a.ascat,Sea and Lake Ice,disaster
EONET_2736,Iceberg B22A,Sea and Lake Ice,2023-07-28 00:00:00+00:00,-113.47,-72.13,http://www.scp.byu.edu/data/iceberg/ascat/b22a.ascat,Sea and Lake Ice,disaster
EONET_2736,Iceberg B22A,Sea and Lake Ice,2023-08-18 00:00:00+00:00,-112.4,-71.72,http://www.scp.byu.edu/data/iceberg/ascat/b22a.ascat,Sea and Lake Ice,disaster
EONET_2736,Iceberg B22A,Sea and Lake Ice,2023-12-08 00:00:00+00:00,-114.38,-71.47,http://www.scp.byu.edu/data/iceberg/ascat/b22a.ascat,Sea and Lake Ice,disaster
EONET_2736,Iceberg B22A,Sea and Lake Ice,2024-01-04 00:00:00+00:00,-116.41,-71.5,http://www.scp.byu.edu/data/iceberg/ascat/b22a.ascat,Sea and Lake Ice,disaster
EONET_2736,Iceberg B22A,Sea and Lake Ice,2024-02-16 00:00:00+00:00,-117.78,-71.81,http://www.scp.byu.edu/data/iceberg/ascat/b22a.ascat,Sea and Lake Ice,disaster
EONET_2736,Iceberg B22A,Sea and Lake Ice,2024-03-29 00:00:00+00:00,-119.18,-72.15,http://www.scp.byu.edu/data/iceberg/ascat/b22a.ascat,Sea and Lake Ice,disaster
EONET_2736,Iceberg B22A,Sea and Lake Ice,2024-12-13 00:00:00+00:00,-143.26,-74.32,http://www.scp.byu.edu/data/iceberg/ascat/b22a.ascat,Sea and Lake Ice,disaster
EONET_2736,Iceberg B22A,Sea and Lake Ice,2024-12-20 00:00:00+00:00,-145.28,-74.54,http://www.scp.byu.edu/data/iceberg/ascat/b22a.ascat,Sea and Lake Ice,disaster
EONET_2736,Iceberg B22A,Sea and Lake Ice,2025-01-02 00:00:00+00:00,-147.2,-74.93,http://www.scp.byu.edu/data/iceberg/ascat/b22a.ascat,Sea and Lake Ice,disaster
EONET_2736,Iceberg B22A,Sea and Lake Ice,2025-01-23 00:00:00+00:00,-149.39,-75.29,http://www.scp.byu.edu/data/iceberg/ascat/b22a.ascat,Sea and Lake Ice,disaster
EONET_2736,Iceberg B22A,Sea and Lake Ice,2025-01-31 00:00:00+00:00,-151.53,-75.62,http://www.scp.byu.edu/data/iceberg/ascat/b22a.ascat,Sea and Lake Ice,disaster
EONET_2736,Iceberg B22A,Sea and Lake Ice,2025-02-14 00:00:00+00:00,-153.91,-75.86,http://www.scp.byu.edu/data/iceberg/ascat/b22a.ascat,Sea and Lake Ice,disaster
EONET_2736,Iceberg B22A,Sea and Lake Ice,2025-03-06 00:00:00+00:00,-155.77,-76.31,http://www.scp.byu.edu/data/iceberg/ascat/b22a.ascat,Sea and Lake Ice,disaster
EONET_2736,Iceberg B22A,Sea and Lake Ice,2025-03-27 00:00:00+00:00,-158.09,-76.29,http://www.scp.byu.edu/data/iceberg/ascat/b22a.ascat,Sea and Lake Ice,disaster
EONET_2736,Iceberg B22A,Sea and Lake Ice,2025-04-11 00:00:00+00:00,-160.03,-76.16,http://www.scp.byu.edu/data/iceberg/ascat/b22a.ascat,Sea and Lake Ice,disaster
EONET_2736,Iceberg B22A,Sea and Lake Ice,2025-05-09 00:00:00+00:00,-161.95,-75.8,http://www.scp.byu.edu/data/iceberg/ascat/b22a.ascat,Sea and Lake Ice,disaster
EONET_2736,Iceberg B22A,Sea and Lake Ice,2025-05-22 00:00:00+00:00,-162.46,-75.3,http://www.scp.byu.edu/data/iceberg/ascat/b22a.ascat,Sea and Lake Ice,disaster
EONET_2736,Iceberg B22A,Sea and Lake Ice,2025-06-05 00:00:00+00:00,-165.18,-75.08,http://www.scp.byu.edu/data/iceberg/ascat/b22a.ascat,Sea and Lake Ice,disaster
EONET_2736,Iceberg B22A,Sea and Lake Ice,2025-06-20 00:00:00+00:00,-167.15,-74.62,http://www.scp.byu.edu/data/iceberg/ascat/b22a.ascat,Sea and Lake Ice,disaster
EONET_2736,Iceberg B22A,Sea and Lake Ice,2025-07-04 00:00:00+00:00,-168.96,-74.24,http://www.scp.byu.edu/data/iceberg/ascat/b22a.ascat,Sea and Lake Ice,disaster
EONET_2736,Iceberg B22A,Sea and Lake Ice,2025-07-31 00:00:00+00:00,-169.91,-73.66,http://www.scp.byu.edu/data/iceberg/ascat/b22a.ascat,Sea and Lake Ice,disaster
EONET_2736,Iceberg B22A,Sea and Lake Ice,2025-08-21 00:00:00+00:00,-170.36,-72.85,http://www.scp.byu.edu/data/iceberg/ascat/b22a.ascat,Sea and Lake Ice,disaster
EONET_2736,Iceberg B22A,Sea and Lake Ice,2025-09-04 00:00:00+00:00,-171.01,-72.31,http://www.scp.byu.edu/data/iceberg/ascat/b22a.ascat,Sea and Lake Ice,disaster
EONET_2736,Iceberg B22A,Sea and Lake Ice,2025-09-11 00:00:00+00:00,-172.53,-72.15,http://www.scp.byu.edu/data/iceberg/ascat/b22a.ascat,Sea and Lake Ice,disaster
EONET_2736,Iceberg B22A,Sea and Lake Ice,2025-09-26 00:00:00+00:00,-173.47,-71.69,http://www.scp.byu.edu/data/iceberg/ascat/b22a.ascat,Sea and Lake Ice,disaster
EONET_2736,Iceberg B22A,Sea and Lake Ice,2025-10-09 00:00:00+00:00,-174.64,-71.1,http://www.scp.byu.edu/data/iceberg/ascat/b22a.ascat,Sea and Lake Ice,disaster
EONET_2736,Iceberg B22A,Sea and Lake Ice,2025-10-16 00:00:00+00:00,-175.65,-70.78,http://www.scp.byu.edu/data/iceberg/ascat/b22a.ascat,Sea and Lake Ice,disaster
EONET_2736,Iceberg B22A,Sea and Lake Ice,2025-10-31 00:00:00+00:00,-177.22,-70.62,http://www.scp.byu.edu/data/iceberg/ascat/b22a.ascat,Sea and Lake Ice,disaster
EONET_2736,Iceberg B22A,Sea and Lake Ice,2025-11-28 00:00:00+00:00,-178.57,-70.25,http://www.scp.byu.edu/data/iceberg/ascat/b22a.ascat,Sea and Lake Ice,disaster
EONET_2736,Iceberg B22A,Sea and Lake Ice,2026-03-26 00:00:00+00:00,-178.6,-70.7,http://www.scp.byu.edu/data/iceberg/ascat/b22a.ascat,Sea and Lake Ice,disaster
EONET_2736,Iceberg B22A,Sea and Lake Ice,2026-05-08 00:00:00+00:00,-179.72,-70.31,http://www.scp.byu.edu/data/iceberg/ascat/b22a.ascat,Sea and Lake Ice,disaster
EONET_2736,Iceberg B22A,Sea and Lake Ice,2026-05-15 00:00:00+00:00,178.75,-70.08,http://www.scp.byu.edu/data/iceberg/ascat/b22a.ascat,Sea and Lake Ice,disaster
EONET_2736,Iceberg B22A,Sea and Lake Ice,2026-05-29 00:00:00+00:00,177.27,-69.7,http://www.scp.byu.edu/data/iceberg/ascat/b22a.ascat,Sea and Lake Ice,disaster
EONET_2736,Iceberg B22A,Sea and Lake Ice,2026-06-12 00:00:00+00:00,175.86,-69.97,http://www.scp.byu.edu/data/iceberg/ascat/b22a.ascat,Sea and Lake Ice,disaster
EONET_2736,Iceberg B22A,Sea and Lake Ice,2026-06-18 00:00:00+00:00,174.59,-69.77,http://www.scp.byu.edu/data/iceberg/ascat/b22a.ascat,Sea and Lake Ice,disaster
EONET_2736,Iceberg B22A,Sea and Lake Ice,2026-07-03 00:00:00+00:00,174.74,-69.18,http://www.scp.byu.edu/data/iceberg/ascat/b22a.ascat,Sea and Lake Ice,disaster
EONET_5359,Iceberg A76C,Sea and Lake Ice,2021-05-28 00:00:00+00:00,-57.04,-75.57,https://usicecenter.gov/Products/AntarcIcebergs,Sea and Lake Ice,disaster
EONET_5359,Iceberg A76C,Sea and Lake Ice,2021-06-11 00:00:00+00:00,-56.38,-74.98,https://usicecenter.gov/Products/AntarcIcebergs,Sea and Lake Ice,disaster
EONET_5359,Iceberg A76C,Sea and Lake Ice,2021-07-02 00:00:00+00:00,-56.65,-74.41,https://usicecenter.gov/Products/AntarcIcebergs,Sea and Lake Ice,disaster
EONET_5359,Iceberg A76C,Sea and Lake Ice,2021-07-23 00:00:00+00:00,-57.29,-73.85,https://usicecenter.gov/Products/AntarcIcebergs,Sea and Lake Ice,disaster
EONET_5359,Iceberg A76C,Sea and Lake Ice,2021-08-20 00:00:00+00:00,-58.29,-72.87,https://usicecenter.gov/Products/AntarcIcebergs,Sea and Lake Ice,disaster
EONET_5359,Iceberg A76C,Sea and Lake Ice,2021-09-17 00:00:00+00:00,-59.3,-72.03,https://usicecenter.gov/Products/AntarcIcebergs,Sea and Lake Ice,disaster
EONET_5359,Iceberg A76C,Sea and Lake Ice,2021-10-15 00:00:00+00:00,-59.61,-71.14,https://usicecenter.gov/Products/AntarcIcebergs,Sea and Lake Ice,disaster
EONET_5359,Iceberg A76C,Sea and Lake Ice,2021-11-12 00:00:00+00:00,-59.88,-70.66,https://usicecenter.gov/Products/AntarcIcebergs,Sea and Lake Ice,disaster
EONET_5359,Iceberg A76C,Sea and Lake Ice,2022-02-04 00:00:00+00:00,-60.06,-69.93,https://usicecenter.gov/Products/AntarcIcebergs,Sea and Lake Ice,disaster
EONET_5359,Iceberg A76C,Sea and Lake Ice,2022-03-25 00:00:00+00:00,-59.89,-69.42,https://usicecenter.gov/Products/AntarcIcebergs,Sea and Lake Ice,disaster
EONET_5359,Iceberg A76C,Sea and Lake Ice,2022-05-13 00:00:00+00:00,-60.03,-68.97,https://usicecenter.gov/Products/AntarcIcebergs,Sea and Lake Ice,disaster
EONET_5359,Iceberg A76C,Sea and Lake Ice,2022-06-03 00:00:00+00:00,-59.62,-68.41,https://usicecenter.gov/Products/AntarcIcebergs,Sea and Lake Ice,disaster
EONET_5359,Iceberg A76C,Sea and Lake Ice,2022-07-08 00:00:00+00:00,-59.56,-67.76,https://usicecenter.gov/Products/AntarcIcebergs,Sea and Lake Ice,disaster
EONET_5359,Iceberg A76C,Sea and Lake Ice,2022-07-29 00:00:00+00:00,-59.0,-67.18,https://usicecenter.gov/Products/AntarcIcebergs,Sea and Lake Ice,disaster
EONET_5359,Iceberg A76C,Sea and Lake Ice,2022-08-26 00:00:00+00:00,-59.15,-66.72,https://usicecenter.gov/Products/AntarcIcebergs,Sea and Lake Ice,disaster
EONET_5359,Iceberg A76C,Sea and Lake Ice,2022-11-04 00:00:00+00:00,-59.83,-66.27,https://usicecenter.gov/Products/AntarcIcebergs,Sea and Lake Ice,disaster
EONET_5359,Iceberg A76C,Sea and Lake Ice,2023-02-03 00:00:00+00:00,-58.61,-66.41,https://usicecenter.gov/Products/AntarcIcebergs,Sea and Lake Ice,disaster
EONET_5359,Iceberg A76C,Sea and Lake Ice,2023-04-14 00:00:00+00:00,-59.75,-66.08,https://usicecenter.gov/Products/AntarcIcebergs,Sea and Lake Ice,disaster
EONET_5359,Iceberg A76C,Sea and Lake Ice,2023-05-12 00:00:00+00:00,-60.2,-65.64,https://usicecenter.gov/Products/AntarcIcebergs,Sea and Lake Ice,disaster
EONET_5359,Iceberg A76C,Sea and Lake Ice,2023-11-24 00:00:00+00:00,-58.92,-65.38,https://usicecenter.gov/Products/AntarcIcebergs,Sea and Lake Ice,disaster
EONET_5359,Iceberg A76C,Sea and Lake Ice,2023-12-08 00:00:00+00:00,-57.76,-65.18,https://usicecenter.gov/Products/AntarcIcebergs,Sea and Lake Ice,disaster
EONET_5359,Iceberg A76C,Sea and Lake Ice,2024-01-11 00:00:00+00:00,-56.67,-65.1,https://usicecenter.gov/Products/AntarcIcebergs,Sea and Lake Ice,disaster
EONET_5359,Iceberg A76C,Sea and Lake Ice,2024-12-13 00:00:00+00:00,-56.07,-64.1,https://usicecenter.gov/Products/AntarcIcebergs,Sea and Lake Ice,disaster
EONET_5359,Iceberg A76C,Sea and Lake Ice,2024-12-26 00:00:00+00:00,-55.23,-64.42,https://usicecenter.gov/Products/AntarcIcebergs,Sea and Lake Ice,disaster
EONET_5359,Iceberg A76C,Sea and Lake Ice,2025-01-10 00:00:00+00:00,-54.02,-63.88,https://usicecenter.gov/Products/AntarcIcebergs,Sea and Lake Ice,disaster
EONET_5359,Iceberg A76C,Sea and Lake Ice,2025-01-23 00:00:00+00:00,-52.84,-63.79,https://usicecenter.gov/Products/AntarcIcebergs,Sea and Lake Ice,disaster
EONET_5359,Iceberg A76C,Sea and Lake Ice,2025-02-21 00:00:00+00:00,-51.88,-63.45,https://usicecenter.gov/Products/AntarcIcebergs,Sea and Lake Ice,disaster
EONET_5359,Iceberg A76C,Sea and Lake Ice,2025-03-06 00:00:00+00:00,-52.19,-62.97,https://usicecenter.gov/Products/AntarcIcebergs,Sea and Lake Ice,disaster
EONET_5359,Iceberg A76C,Sea and Lake Ice,2025-03-21 00:00:00+00:00,-53.29,-62.3,https://usicecenter.gov/Products/AntarcIcebergs,Sea and Lake Ice,disaster
EONET_5359,Iceberg A76C,Sea and Lake Ice,2025-04-04 00:00:00+00:00,-52.11,-61.86,https://usicecenter.gov/Products/AntarcIcebergs,Sea and Lake Ice,disaster
EONET_5359,Iceberg A76C,Sea and Lake Ice,2025-04-11 00:00:00+00:00,-50.95,-61.48,https://usicecenter.gov/Products/AntarcIcebergs,Sea and Lake Ice,disaster
EONET_5359,Iceberg A76C,Sea and Lake Ice,2025-04-18 00:00:00+00:00,-49.8,-61.09,https://usicecenter.gov/Products/AntarcIcebergs,Sea and Lake Ice,disaster
EONET_5359,Iceberg A76C,Sea and Lake Ice,2025-05-09 00:00:00+00:00,-48.45,-60.99,https://usicecenter.gov/Products/AntarcIcebergs,Sea and Lake Ice,disaster
EONET_5359,Iceberg A76C,Sea and Lake Ice,2025-06-12 00:00:00+00:00,-49.0,-60.59,https://usicecenter.gov/Products/AntarcIcebergs,Sea and Lake Ice,disaster
EONET_5359,Iceberg A76C,Sea and Lake Ice,2025-07-31 00:00:00+00:00,-47.81,-60.05,https://usicecenter.gov/Products/AntarcIcebergs,Sea and Lake Ice,disaster
EONET_5359,Iceberg A76C,Sea and Lake Ice,2025-09-26 00:00:00+00:00,-44.61,-60.08,https://usicecenter.gov/Products/AntarcIcebergs,Sea and Lake Ice,disaster
EONET_5359,Iceberg A76C,Sea and Lake Ice,2025-10-16 00:00:00+00:00,-43.29,-60.17,https://usicecenter.gov/Products/AntarcIcebergs,Sea and Lake Ice,disaster
EONET_5359,Iceberg A76C,Sea and Lake Ice,2025-10-31 00:00:00+00:00,-42.33,-60.45,https://usicecenter.gov/Products/AntarcIcebergs,Sea and Lake Ice,disaster
EONET_5359,Iceberg A76C,Sea and Lake Ice,2025-11-07 00:00:00+00:00,-40.58,-60.59,https://usicecenter.gov/Products/AntarcIcebergs,Sea and Lake Ice,disaster
EONET_5359,Iceberg A76C,Sea and Lake Ice,2025-11-14 00:00:00+00:00,-38.87,-60.37,https://usicecenter.gov/Products/AntarcIcebergs,Sea and Lake Ice,disaster
EONET_5359,Iceberg A76C,Sea and Lake Ice,2025-11-21 00:00:00+00:00,-38.56,-59.78,https://usicecenter.gov/Products/AntarcIcebergs,Sea and Lake Ice,disaster
EONET_5359,Iceberg A76C,Sea and Lake Ice,2025-12-05 00:00:00+00:00,-38.71,-59.12,https://usicecenter.gov/Products/AntarcIcebergs,Sea and Lake Ice,disaster
EONET_5359,Iceberg A76C,Sea and Lake Ice,2025-12-12 00:00:00+00:00,-37.46,-59.43,https://usicecenter.gov/Products/AntarcIcebergs,Sea and Lake Ice,disaster
EONET_5359,Iceberg A76C,Sea and Lake Ice,2026-01-02 00:00:00+00:00,-37.33,-60.2,https://usicecenter.gov/Products/AntarcIcebergs,Sea and Lake Ice,disaster
EONET_5359,Iceberg A76C,Sea and Lake Ice,2026-01-16 00:00:00+00:00,-38.05,-60.53,https://usicecenter.gov/Products/AntarcIcebergs,Sea and Lake Ice,disaster
EONET_5359,Iceberg A76C,Sea and Lake Ice,2026-01-30 00:00:00+00:00,-38.1,-59.79,https://usicecenter.gov/Products/AntarcIcebergs,Sea and Lake Ice,disaster
EONET_5359,Iceberg A76C,Sea and Lake Ice,2026-03-06 00:00:00+00:00,-37.2,-59.26,https://usicecenter.gov/Products/AntarcIcebergs,Sea and Lake Ice,disaster
EONET_5359,Iceberg A76C,Sea and Lake Ice,2026-03-20 00:00:00+00:00,-36.32,-59.0,https://usicecenter.gov/Products/AntarcIcebergs,Sea and Lake Ice,disaster
EONET_5359,Iceberg A76C,Sea and Lake Ice,2026-04-10 00:00:00+00:00,-36.33,-59.5,https://usicecenter.gov/Products/AntarcIcebergs,Sea and Lake Ice,disaster
EONET_5359,Iceberg A76C,Sea and Lake Ice,2026-04-24 00:00:00+00:00,-36.19,-58.65,https://usicecenter.gov/Products/AntarcIcebergs,Sea and Lake Ice,disaster
EONET_5359,Iceberg A76C,Sea and Lake Ice,2026-05-08 00:00:00+00:00,-36.61,-57.99,https://usicecenter.gov/Products/AntarcIcebergs,Sea and Lake Ice,disaster
EONET_5359,Iceberg A76C,Sea and Lake Ice,2026-05-15 00:00:00+00:00,-34.17,-58.57,https://usicecenter.gov/Products/AntarcIcebergs,Sea and Lake Ice,disaster
EONET_5359,Iceberg A76C,Sea and Lake Ice,2026-05-21 00:00:00+00:00,-34.19,-57.65,https://usicecenter.gov/Products/AntarcIcebergs,Sea and Lake Ice,disaster
EONET_5359,Iceberg A76C,Sea and Lake Ice,2026-05-29 00:00:00+00:00,-32.5,-56.27,https://usicecenter.gov/Products/AntarcIcebergs,Sea and Lake Ice,disaster
EONET_5359,Iceberg A76C,Sea and Lake Ice,2026-06-05 00:00:00+00:00,-32.58,-55.63,https://usicecenter.gov/Products/AntarcIcebergs,Sea and Lake Ice,disaster
EONET_5359,Iceberg A76C,Sea and Lake Ice,2026-06-12 00:00:00+00:00,-32.6,-54.25,https://usicecenter.gov/Products/AntarcIcebergs,Sea and Lake Ice,disaster
EONET_5359,Iceberg A76C,Sea and Lake Ice,2026-07-03 00:00:00+00:00,-32.32,-52.65,https://usicecenter.gov/Products/AntarcIcebergs,Sea and Lake Ice,disaster
EONET_5359,Iceberg A76C,Sea and Lake Ice,2026-07-17 00:00:00+00:00,-31.57,-52.27,https://usicecenter.gov/Products/AntarcIcebergs,Sea and Lake Ice,disaster
EONET_6423,Iceberg D33A,Sea and Lake Ice,2023-09-08 00:00:00+00:00,17.14,-69.38,https://usicecenter.gov/pub/Iceberg_Tabular.csv,Sea and Lake Ice,disaster
EONET_6423,Iceberg D33A,Sea and Lake Ice,2023-09-15 00:00:00+00:00,14.37,-69.23,https://usicecenter.gov/pub/Iceberg_Tabular.csv,Sea and Lake Ice,disaster
EONET_6423,Iceberg D33A,Sea and Lake Ice,2023-09-22 00:00:00+00:00,13.16,-69.37,https://usicecenter.gov/pub/Iceberg_Tabular.csv,Sea and Lake Ice,disaster
EONET_6423,Iceberg D33A,Sea and Lake Ice,2023-09-30 00:00:00+00:00,11.84,-69.58,https://usicecenter.gov/pub/Iceberg_Tabular.csv,Sea and Lake Ice,disaster
EONET_6423,Iceberg D33A,Sea and Lake Ice,2023-10-26 00:00:00+00:00,10.18,-69.71,https://usicecenter.gov/pub/Iceberg_Tabular.csv,Sea and Lake Ice,disaster
EONET_6423,Iceberg D33A,Sea and Lake Ice,2023-11-09 00:00:00+00:00,7.25,-69.67,https://usicecenter.gov/pub/Iceberg_Tabular.csv,Sea and Lake Ice,disaster
EONET_6423,Iceberg D33A,Sea and Lake Ice,2023-11-24 00:00:00+00:00,5.51,-69.66,https://usicecenter.gov/pub/Iceberg_Tabular.csv,Sea and Lake Ice,disaster
EONET_6423,Iceberg D33A,Sea and Lake Ice,2023-12-08 00:00:00+00:00,1.4,-69.58,https://usicecenter.gov/pub/Iceberg_Tabular.csv,Sea and Lake Ice,disaster
EONET_6423,Iceberg D33A,Sea and Lake Ice,2023-12-15 00:00:00+00:00,-0.74,-69.4,https://usicecenter.gov/pub/Iceberg_Tabular.csv,Sea and Lake Ice,disaster
EONET_6423,Iceberg D33A,Sea and Lake Ice,2023-12-21 00:00:00+00:00,-1.94,-69.6,https://usicecenter.gov/pub/Iceberg_Tabular.csv,Sea and Lake Ice,disaster
EONET_6423,Iceberg D33A,Sea and Lake Ice,2023-12-28 00:00:00+00:00,-3.64,-69.85,https://usicecenter.gov/pub/Iceberg_Tabular.csv,Sea and Lake Ice,disaster
EONET_6423,Iceberg D33A,Sea and Lake Ice,2024-01-04 00:00:00+00:00,-5.14,-70.07,https://usicecenter.gov/pub/Iceberg_Tabular.csv,Sea and Lake Ice,disaster
EONET_6423,Iceberg D33A,Sea and Lake Ice,2024-01-18 00:00:00+00:00,-8.04,-70.06,https://usicecenter.gov/pub/Iceberg_Tabular.csv,Sea and Lake Ice,disaster
EONET_6423,Iceberg D33A,Sea and Lake Ice,2024-02-02 00:00:00+00:00,-10.27,-70.56,https://usicecenter.gov/pub/Iceberg_Tabular.csv,Sea and Lake Ice,disaster
EONET_6423,Iceberg D33A,Sea and Lake Ice,2024-02-16 00:00:00+00:00,-12.94,-71.06,https://usicecenter.gov/pub/Iceberg_Tabular.csv,Sea and Lake Ice,disaster
EONET_6423,Iceberg D33A,Sea and Lake Ice,2024-02-23 00:00:00+00:00,-14.77,-71.49,https://usicecenter.gov/pub/Iceberg_Tabular.csv,Sea and Lake Ice,disaster
EONET_6423,Iceberg D33A,Sea and Lake Ice,2024-03-01 00:00:00+00:00,-17.62,-72.18,https://usicecenter.gov/pub/Iceberg_Tabular.csv,Sea and Lake Ice,disaster
EONET_6423,Iceberg D33A,Sea and Lake Ice,2024-03-07 00:00:00+00:00,-19.7,-72.57,https://usicecenter.gov/pub/Iceberg_Tabular.csv,Sea and Lake Ice,disaster
EONET_6423,Iceberg D33A,Sea and Lake Ice,2024-03-15 00:00:00+00:00,-21.86,-73.22,https://usicecenter.gov/pub/Iceberg_Tabular.csv,Sea and Lake Ice,disaster
EONET_6423,Iceberg D33A,Sea and Lake Ice,2024-03-22 00:00:00+00:00,-17.62,-72.18,https://usicecenter.gov/pub/Iceberg_Tabular.csv,Sea and Lake Ice,disaster
EONET_6423,Iceberg D33A,Sea and Lake Ice,2024-03-29 00:00:00+00:00,-26.96,-74.24,https://usicecenter.gov/pub/Iceberg_Tabular.csv,Sea and Lake Ice,disaster
EONET_6423,Iceberg D33A,Sea and Lake Ice,2024-12-13 00:00:00+00:00,-55.49,-70.58,https://usicecenter.gov/pub/Iceberg_Tabular.csv,Sea and Lake Ice,disaster
EONET_6423,Iceberg D33A,Sea and Lake Ice,2025-01-10 00:00:00+00:00,-56.26,-70.2,https://usicecenter.gov/pub/Iceberg_Tabular.csv,Sea and Lake Ice,disaster
EONET_6423,Iceberg D33A,Sea and Lake Ice,2025-03-21 00:00:00+00:00,-57.35,-69.78,https://usicecenter.gov/pub/Iceberg_Tabular.csv,Sea and Lake Ice,disaster
EONET_6423,Iceberg D33A,Sea and Lake Ice,2025-04-11 00:00:00+00:00,-57.06,-69.34,https://usicecenter.gov/pub/Iceberg_Tabular.csv,Sea and Lake Ice,disaster
EONET_6423,Iceberg D33A,Sea and Lake Ice,2025-07-04 00:00:00+00:00,-57.32,-68.89,https://usicecenter.gov/pub/Iceberg_Tabular.csv,Sea and Lake Ice,disaster
EONET_6423,Iceberg D33A,Sea and Lake Ice,2025-07-31 00:00:00+00:00,-57.11,-68.35,https://usicecenter.gov/pub/Iceberg_Tabular.csv,Sea and Lake Ice,disaster
EONET_6423,Iceberg D33A,Sea and Lake Ice,2025-08-21 00:00:00+00:00,-57.17,-67.73,https://usicecenter.gov/pub/Iceberg_Tabular.csv,Sea and Lake Ice,disaster
EONET_6423,Iceberg D33A,Sea and Lake Ice,2025-09-11 00:00:00+00:00,-57.35,-67.2,https://usicecenter.gov/pub/Iceberg_Tabular.csv,Sea and Lake Ice,disaster
EONET_6423,Iceberg D33A,Sea and Lake Ice,2025-10-09 00:00:00+00:00,-57.21,-66.59,https://usicecenter.gov/pub/Iceberg_Tabular.csv,Sea and Lake Ice,disaster
EONET_6423,Iceberg D33A,Sea and Lake Ice,2025-10-23 00:00:00+00:00,-57.22,-66.08,https://usicecenter.gov/pub/Iceberg_Tabular.csv,Sea and Lake Ice,disaster
EONET_6423,Iceberg D33A,Sea and Lake Ice,2025-11-14 00:00:00+00:00,-57.08,-65.54,https://usicecenter.gov/pub/Iceberg_Tabular.csv,Sea and Lake Ice,disaster
EONET_6423,Iceberg D33A,Sea and Lake Ice,2026-04-17 00:00:00+00:00,-57.7,-65.12,https://usicecenter.gov/pub/Iceberg_Tabular.csv,Sea and Lake Ice,disaster
EONET_6423,Iceberg D33A,Sea and Lake Ice,2026-05-08 00:00:00+00:00,-57.31,-64.7,https://usicecenter.gov/pub/Iceberg_Tabular.csv,Sea and Lake Ice,disaster
EONET_6423,Iceberg D33A,Sea and Lake Ice,2026-06-18 00:00:00+00:00,-55.79,-64.24,https://usicecenter.gov/pub/Iceberg_Tabular.csv,Sea and Lake Ice,disaster
EONET_6424,Iceberg D33B,Sea and Lake Ice,2023-09-08 00:00:00+00:00,18.3,-69.64,https://usicecenter.gov/pub/Iceberg_Tabular.csv,Sea and Lake Ice,disaster
EONET_6424,Iceberg D33B,Sea and Lake Ice,2023-09-15 00:00:00+00:00,16.6,-69.45,https://usicecenter.gov/pub/Iceberg_Tabular.csv,Sea and Lake Ice,disaster
EONET_6424,Iceberg D33B,Sea and Lake Ice,2023-09-30 00:00:00+00:00,13.66,-69.3,https://usicecenter.gov/pub/Iceberg_Tabular.csv,Sea and Lake Ice,disaster
EONET_6424,Iceberg D33B,Sea and Lake Ice,2023-10-26 00:00:00+00:00,12.22,-69.47,https://usicecenter.gov/pub/Iceberg_Tabular.csv,Sea and Lake Ice,disaster
EONET_6424,Iceberg D33B,Sea and Lake Ice,2023-12-08 00:00:00+00:00,9.8,-69.61,https://usicecenter.gov/pub/Iceberg_Tabular.csv,Sea and Lake Ice,disaster
EONET_6424,Iceberg D33B,Sea and Lake Ice,2023-12-15 00:00:00+00:00,8.01,-69.68,https://usicecenter.gov/pub/Iceberg_Tabular.csv,Sea and Lake Ice,disaster
EONET_6424,Iceberg D33B,Sea and Lake Ice,2023-12-28 00:00:00+00:00,4.38,-69.94,https://usicecenter.gov/pub/Iceberg_Tabular.csv,Sea and Lake Ice,disaster
EONET_6424,Iceberg D33B,Sea and Lake Ice,2024-01-04 00:00:00+00:00,1.94,-69.84,https://usicecenter.gov/pub/Iceberg_Tabular.csv,Sea and Lake Ice,disaster
EONET_6424,Iceberg D33B,Sea and Lake Ice,2024-01-18 00:00:00+00:00,-2.03,-69.22,https://usicecenter.gov/pub/Iceberg_Tabular.csv,Sea and Lake Ice,disaster
EONET_6424,Iceberg D33B,Sea and Lake Ice,2024-02-08 00:00:00+00:00,-3.15,-69.6,https://usicecenter.gov/pub/Iceberg_Tabular.csv,Sea and Lake Ice,disaster
EONET_6424,Iceberg D33B,Sea and Lake Ice,2024-02-23 00:00:00+00:00,-4.61,-70.16,https://usicecenter.gov/pub/Iceberg_Tabular.csv,Sea and Lake Ice,disaster
EONET_6424,Iceberg D33B,Sea and Lake Ice,2024-03-01 00:00:00+00:00,-7.49,-70.29,https://usicecenter.gov/pub/Iceberg_Tabular.csv,Sea and Lake Ice,disaster
EONET_6424,Iceberg D33B,Sea and Lake Ice,2024-03-07 00:00:00+00:00,-9.33,-70.4,https://usicecenter.gov/pub/Iceberg_Tabular.csv,Sea and Lake Ice,disaster
EONET_6424,Iceberg D33B,Sea and Lake Ice,2024-03-22 00:00:00+00:00,-7.49,-70.29,https://usicecenter.gov/pub/Iceberg_Tabular.csv,Sea and Lake Ice,disaster
EONET_6424,Iceberg D33B,Sea and Lake Ice,2024-03-29 00:00:00+00:00,-12.77,-71.07,https://usicecenter.gov/pub/Iceberg_Tabular.csv,Sea and Lake Ice,disaster
EONET_6424,Iceberg D33B,Sea and Lake Ice,2024-04-05 00:00:00+00:00,-15.11,-71.47,https://usicecenter.gov/pub/Iceberg_Tabular.csv,Sea and Lake Ice,disaster
EONET_6424,Iceberg D33B,Sea and Lake Ice,2024-04-12 00:00:00+00:00,-16.64,-72.06,https://usicecenter.gov/pub/Iceberg_Tabular.csv,Sea and Lake Ice,disaster
EONET_6424,Iceberg D33B,Sea and Lake Ice,2024-12-13 00:00:00+00:00,-37.79,-76.49,https://usicecenter.gov/pub/Iceberg_Tabular.csv,Sea and Lake Ice,disaster
EONET_6424,Iceberg D33B,Sea and Lake Ice,2025-01-10 00:00:00+00:00,-39.23,-76.86,https://usicecenter.gov/pub/Iceberg_Tabular.csv,Sea and Lake Ice,disaster
EONET_6424,Iceberg D33B,Sea and Lake Ice,2025-02-06 00:00:00+00:00,-40.28,-77.29,https://usicecenter.gov/pub/Iceberg_Tabular.csv,Sea and Lake Ice,disaster
EONET_6424,Iceberg D33B,Sea and Lake Ice,2025-03-27 00:00:00+00:00,-42.75,-76.97,https://usicecenter.gov/pub/Iceberg_Tabular.csv,Sea and Lake Ice,disaster
EONET_6424,Iceberg D33B,Sea and Lake Ice,2025-04-11 00:00:00+00:00,-44.03,-76.53,https://usicecenter.gov/pub/Iceberg_Tabular.csv,Sea and Lake Ice,disaster
EONET_6424,Iceberg D33B,Sea and Lake Ice,2025-05-16 00:00:00+00:00,-42.8,-76.04,https://usicecenter.gov/pub/Iceberg_Tabular.csv,Sea and Lake Ice,disaster
EONET_6424,Iceberg D33B,Sea and Lake Ice,2025-05-29 00:00:00+00:00,-41.99,-75.11,https://usicecenter.gov/pub/Iceberg_Tabular.csv,Sea and Lake Ice,disaster
EONET_6424,Iceberg D33B,Sea and Lake Ice,2025-06-05 00:00:00+00:00,-41.96,-74.43,https://usicecenter.gov/pub/Iceberg_Tabular.csv,Sea and Lake Ice,disaster
EONET_6424,Iceberg D33B,Sea and Lake Ice,2025-06-12 00:00:00+00:00,-42.53,-73.98,https://usicecenter.gov/pub/Iceberg_Tabular.csv,Sea and Lake Ice,disaster
EONET_6424,Iceberg D33B,Sea and Lake Ice,2025-07-11 00:00:00+00:00,-42.2,-73.47,https://usicecenter.gov/pub/Iceberg_Tabular.csv,Sea and Lake Ice,disaster
EONET_6424,Iceberg D33B,Sea and Lake Ice,2025-08-08 00:00:00+00:00,-44.43,-73.12,https://usicecenter.gov/pub/Iceberg_Tabular.csv,Sea and Lake Ice,disaster
EONET_6424,Iceberg D33B,Sea and Lake Ice,2025-08-21 00:00:00+00:00,-46.09,-72.41,https://usicecenter.gov/pub/Iceberg_Tabular.csv,Sea and Lake Ice,disaster
EONET_6424,Iceberg D33B,Sea and Lake Ice,2025-08-28 00:00:00+00:00,-46.13,-71.89,https://usicecenter.gov/pub/Iceberg_Tabular.csv,Sea and Lake Ice,disaster
EONET_6424,Iceberg D33B,Sea and Lake Ice,2025-09-11 00:00:00+00:00,-46.21,-70.86,https://usicecenter.gov/pub/Iceberg_Tabular.csv,Sea and Lake Ice,disaster
EONET_6424,Iceberg D33B,Sea and Lake Ice,2025-09-26 00:00:00+00:00,-46.34,-70.3,https://usicecenter.gov/pub/Iceberg_Tabular.csv,Sea and Lake Ice,disaster
EONET_6424,Iceberg D33B,Sea and Lake Ice,2025-10-16 00:00:00+00:00,-48.35,-69.88,https://usicecenter.gov/pub/Iceberg_Tabular.csv,Sea and Lake Ice,disaster
EONET_6424,Iceberg D33B,Sea and Lake Ice,2025-11-14 00:00:00+00:00,-49.85,-69.86,https://usicecenter.gov/pub/Iceberg_Tabular.csv,Sea and Lake Ice,disaster
EONET_6424,Iceberg D33B,Sea and Lake Ice,2025-11-21 00:00:00+00:00,-50.48,-69.25,https://usicecenter.gov/pub/Iceberg_Tabular.csv,Sea and Lake Ice,disaster
EONET_6424,Iceberg D33B,Sea and Lake Ice,2025-12-26 00:00:00+00:00,-51.23,-69.65,https://usicecenter.gov/pub/Iceberg_Tabular.csv,Sea and Lake Ice,disaster
EONET_6424,Iceberg D33B,Sea and Lake Ice,2026-01-09 00:00:00+00:00,-51.92,-69.03,https://usicecenter.gov/pub/Iceberg_Tabular.csv,Sea and Lake Ice,disaster
EONET_6424,Iceberg D33B,Sea and Lake Ice,2026-02-06 00:00:00+00:00,-51.83,-68.41,https://usicecenter.gov/pub/Iceberg_Tabular.csv,Sea and Lake Ice,disaster
EONET_6424,Iceberg D33B,Sea and Lake Ice,2026-02-13 00:00:00+00:00,-52.32,-67.97,https://usicecenter.gov/pub/Iceberg_Tabular.csv,Sea and Lake Ice,disaster
EONET_6424,Iceberg D33B,Sea and Lake Ice,2026-03-20 00:00:00+00:00,-52.33,-67.38,https://usicecenter.gov/pub/Iceberg_Tabular.csv,Sea and Lake Ice,disaster
EONET_6424,Iceberg D33B,Sea and Lake Ice,2026-04-24 00:00:00+00:00,-53.44,-66.98,https://usicecenter.gov/pub/Iceberg_Tabular.csv,Sea and Lake Ice,disaster
EONET_6424,Iceberg D33B,Sea and Lake Ice,2026-05-08 00:00:00+00:00,-53.63,-66.06,https://usicecenter.gov/pub/Iceberg_Tabular.csv,Sea and Lake Ice,disaster
EONET_6424,Iceberg D33B,Sea and Lake Ice,2026-05-21 00:00:00+00:00,-53.98,-65.16,https://usicecenter.gov/pub/Iceberg_Tabular.csv,Sea and Lake Ice,disaster
EONET_6424,Iceberg D33B,Sea and Lake Ice,2026-06-05 00:00:00+00:00,-54.0,-64.14,https://usicecenter.gov/pub/Iceberg_Tabular.csv,Sea and Lake Ice,disaster
EONET_6424,Iceberg D33B,Sea and Lake Ice,2026-06-12 00:00:00+00:00,-52.45,-63.74,https://usicecenter.gov/pub/Iceberg_Tabular.csv,Sea and Lake Ice,disaster
EONET_6424,Iceberg D33B,Sea and Lake Ice,2026-06-25 00:00:00+00:00,-52.27,-63.09,https://usicecenter.gov/pub/Iceberg_Tabular.csv,Sea and Lake Ice,disaster
EONET_6424,Iceberg D33B,Sea and Lake Ice,2026-07-03 00:00:00+00:00,-53.24,-62.79,https://usicecenter.gov/pub/Iceberg_Tabular.csv,Sea and Lake Ice,disaster
EONET_6424,Iceberg D33B,Sea and Lake Ice,2026-07-10 00:00:00+00:00,-53.46,-62.28,https://usicecenter.gov/pub/Iceberg_Tabular.csv,Sea and Lake Ice,disaster
EONET_6424,Iceberg D33B,Sea and Lake Ice,2026-07-17 00:00:00+00:00,-52.16,-61.77,https://usicecenter.gov/pub/Iceberg_Tabular.csv,Sea and Lake Ice,disaster
EONET_6424,Iceberg D33B,Sea and Lake Ice,2026-07-23 00:00:00+00:00,-51.17,-61.27,https://usicecenter.gov/pub/Iceberg_Tabular.csv,Sea and Lake Ice,disaster
EONET_6474,Iceberg D35,Sea and Lake Ice,2024-01-11 00:00:00+00:00,21.01,-69.83,https://usicecenter.gov/pub/Iceberg_Tabular.csv,Sea and Lake Ice,disaster
EONET_6474,Iceberg D35,Sea and Lake Ice,2024-01-18 00:00:00+00:00,18.24,-69.29,https://usicecenter.gov/pub/Iceberg_Tabular.csv,Sea and Lake Ice,disaster
EONET_6474,Iceberg D35,Sea and Lake Ice,2024-02-02 00:00:00+00:00,16.63,-69.53,https://usicecenter.gov/pub/Iceberg_Tabular.csv,Sea and Lake Ice,disaster
EONET_6474,Iceberg D35,Sea and Lake Ice,2024-03-01 00:00:00+00:00,12.63,-69.36,https://usicecenter.gov/pub/Iceberg_Tabular.csv,Sea and Lake Ice,disaster
EONET_6474,Iceberg D35,Sea and Lake Ice,2024-03-07 00:00:00+00:00,11.39,-69.55,https://usicecenter.gov/pub/Iceberg_Tabular.csv,Sea and Lake Ice,disaster
EONET_6474,Iceberg D35,Sea and Lake Ice,2024-03-15 00:00:00+00:00,6.81,-69.77,https://usicecenter.gov/pub/Iceberg_Tabular.csv,Sea and Lake Ice,disaster
EONET_6474,Iceberg D35,Sea and Lake Ice,2024-03-22 00:00:00+00:00,12.63,-69.36,https://usicecenter.gov/pub/Iceberg_Tabular.csv,Sea and Lake Ice,disaster
EONET_6474,Iceberg D35,Sea and Lake Ice,2024-03-29 00:00:00+00:00,2.31,-69.95,https://usicecenter.gov/pub/Iceberg_Tabular.csv,Sea and Lake Ice,disaster
EONET_6474,Iceberg D35,Sea and Lake Ice,2024-04-05 00:00:00+00:00,-1.79,-69.69,https://usicecenter.gov/pub/Iceberg_Tabular.csv,Sea and Lake Ice,disaster
EONET_6474,Iceberg D35,Sea and Lake Ice,2024-04-12 00:00:00+00:00,-5.22,-70.01,https://usicecenter.gov/pub/Iceberg_Tabular.csv,Sea and Lake Ice,disaster
EONET_6474,Iceberg D35,Sea and Lake Ice,2024-12-13 00:00:00+00:00,-27.82,-74.57,https://usicecenter.gov/pub/Iceberg_Tabular.csv,Sea and Lake Ice,disaster
EONET_6474,Iceberg D35,Sea and Lake Ice,2025-04-04 00:00:00+00:00,-30.73,-74.62,https://usicecenter.gov/pub/Iceberg_Tabular.csv,Sea and Lake Ice,disaster
EONET_6474,Iceberg D35,Sea and Lake Ice,2025-04-24 00:00:00+00:00,-31.03,-74.14,https://usicecenter.gov/pub/Iceberg_Tabular.csv,Sea and Lake Ice,disaster
EONET_6474,Iceberg D35,Sea and Lake Ice,2025-05-29 00:00:00+00:00,-32.13,-73.51,https://usicecenter.gov/pub/Iceberg_Tabular.csv,Sea and Lake Ice,disaster
EONET_6474,Iceberg D35,Sea and Lake Ice,2025-06-05 00:00:00+00:00,-31.99,-72.73,https://usicecenter.gov/pub/Iceberg_Tabular.csv,Sea and Lake Ice,disaster
EONET_6474,Iceberg D35,Sea and Lake Ice,2025-06-12 00:00:00+00:00,-32.52,-71.97,https://usicecenter.gov/pub/Iceberg_Tabular.csv,Sea and Lake Ice,disaster
EONET_6474,Iceberg D35,Sea and Lake Ice,2025-07-18 00:00:00+00:00,-34.34,-71.89,https://usicecenter.gov/pub/Iceberg_Tabular.csv,Sea and Lake Ice,disaster
EONET_6474,Iceberg D35,Sea and Lake Ice,2025-07-31 00:00:00+00:00,-35.4,-72.29,https://usicecenter.gov/pub/Iceberg_Tabular.csv,Sea and Lake Ice,disaster
EONET_6474,Iceberg D35,Sea and Lake Ice,2025-08-14 00:00:00+00:00,-37.49,-71.87,https://usicecenter.gov/pub/Iceberg_Tabular.csv,Sea and Lake Ice,disaster
EONET_6474,Iceberg D35,Sea and Lake Ice,2025-08-21 00:00:00+00:00,-38.79,-71.3,https://usicecenter.gov/pub/Iceberg_Tabular.csv,Sea and Lake Ice,disaster
EONET_6474,Iceberg D35,Sea and Lake Ice,2025-08-28 00:00:00+00:00,-39.24,-70.51,https://usicecenter.gov/pub/Iceberg_Tabular.csv,Sea and Lake Ice,disaster
EONET_6474,Iceberg D35,Sea and Lake Ice,2025-09-11 00:00:00+00:00,-40.02,-69.3,https://usicecenter.gov/pub/Iceberg_Tabular.csv,Sea and Lake Ice,disaster
EONET_6474,Iceberg D35,Sea and Lake Ice,2025-09-26 00:00:00+00:00,-40.24,-68.69,https://usicecenter.gov/pub/Iceberg_Tabular.csv,Sea and Lake Ice,disaster
EONET_6474,Iceberg D35,Sea and Lake Ice,2025-10-16 00:00:00+00:00,-41.71,-68.54,https://usicecenter.gov/pub/Iceberg_Tabular.csv,Sea and Lake Ice,disaster
EONET_6474,Iceberg D35,Sea and Lake Ice,2025-11-14 00:00:00+00:00,-43.35,-68.51,https://usicecenter.gov/pub/Iceberg_Tabular.csv,Sea and Lake Ice,disaster
EONET_6474,Iceberg D35,Sea and Lake Ice,2025-11-28 00:00:00+00:00,-44.78,-68.23,https://usicecenter.gov/pub/Iceberg_Tabular.csv,Sea and Lake Ice,disaster
EONET_6474,Iceberg D35,Sea and Lake Ice,2026-01-02 00:00:00+00:00,-46.42,-68.28,https://usicecenter.gov/pub/Iceberg_Tabular.csv,Sea and Lake Ice,disaster
EONET_6474,Iceberg D35,Sea and Lake Ice,2026-01-09 00:00:00+00:00,-46.79,-67.73,https://usicecenter.gov/pub/Iceberg_Tabular.csv,Sea and Lake Ice,disaster
EONET_6474,Iceberg D35,Sea and Lake Ice,2026-01-23 00:00:00+00:00,-47.25,-67.15,https://usicecenter.gov/pub/Iceberg_Tabular.csv,Sea and Lake Ice,disaster
EONET_6474,Iceberg D35,Sea and Lake Ice,2026-02-13 00:00:00+00:00,-47.97,-66.37,https://usicecenter.gov/pub/Iceberg_Tabular.csv,Sea and Lake Ice,disaster
EONET_6474,Iceberg D35,Sea and Lake Ice,2026-03-13 00:00:00+00:00,-48.19,-65.87,https://usicecenter.gov/pub/Iceberg_Tabular.csv,Sea and Lake Ice,disaster
EONET_6474,Iceberg D35,Sea and Lake Ice,2026-04-03 00:00:00+00:00,-48.55,-65.34,https://usicecenter.gov/pub/Iceberg_Tabular.csv,Sea and Lake Ice,disaster
EONET_6474,Iceberg D35,Sea and Lake Ice,2026-05-08 00:00:00+00:00,-48.79,-64.33,https://usicecenter.gov/pub/Iceberg_Tabular.csv,Sea and Lake Ice,disaster
EONET_6474,Iceberg D35,Sea and Lake Ice,2026-05-21 00:00:00+00:00,-48.32,-63.43,https://usicecenter.gov/pub/Iceberg_Tabular.csv,Sea and Lake Ice,disaster
EONET_6474,Iceberg D35,Sea and Lake Ice,2026-05-29 00:00:00+00:00,-48.63,-62.86,https://usicecenter.gov/pub/Iceberg_Tabular.csv,Sea and Lake Ice,disaster
EONET_6474,Iceberg D35,Sea and Lake Ice,2026-06-12 00:00:00+00:00,-47.65,-62.51,https://usicecenter.gov/pub/Iceberg_Tabular.csv,Sea and Lake Ice,disaster
EONET_6474,Iceberg D35,Sea and Lake Ice,2026-07-03 00:00:00+00:00,-45.53,-62.45,https://usicecenter.gov/pub/Iceberg_Tabular.csv,Sea and Lake Ice,disaster
EONET_6474,Iceberg D35,Sea and Lake Ice,2026-07-10 00:00:00+00:00,-44.72,-62.1,https://usicecenter.gov/pub/Iceberg_Tabular.csv,Sea and Lake Ice,disaster
EONET_10212,Iceberg B22F,Sea and Lake Ice,2024-08-15 00:00:00+00:00,-127.41,-72.61,https://usicecenter.gov/pub/Iceberg_Tabular.csv,Sea and Lake Ice,disaster
EONET_10212,Iceberg B22F,Sea and Lake Ice,2024-12-13 00:00:00+00:00,-140.7,-74.12,https://usicecenter.gov/pub/Iceberg_Tabular.csv,Sea and Lake Ice,disaster
EONET_10212,Iceberg B22F,Sea and Lake Ice,2024-12-26 00:00:00+00:00,-143.13,-74.37,https://usicecenter.gov/pub/Iceberg_Tabular.csv,Sea and Lake Ice,disaster
EONET_10212,Iceberg B22F,Sea and Lake Ice,2025-01-02 00:00:00+00:00,-145.92,-74.74,https://usicecenter.gov/pub/Iceberg_Tabular.csv,Sea and Lake Ice,disaster
EONET_10212,Iceberg B22F,Sea and Lake Ice,2025-01-31 00:00:00+00:00,-148.32,-74.89,https://usicecenter.gov/pub/Iceberg_Tabular.csv,Sea and Lake Ice,disaster
EONET_10212,Iceberg B22F,Sea and Lake Ice,2025-02-14 00:00:00+00:00,-150.91,-75.2,https://usicecenter.gov/pub/Iceberg_Tabular.csv,Sea and Lake Ice,disaster
EONET_10212,Iceberg B22F,Sea and Lake Ice,2025-03-06 00:00:00+00:00,-153.12,-75.24,https://usicecenter.gov/pub/Iceberg_Tabular.csv,Sea and Lake Ice,disaster
EONET_10212,Iceberg B22F,Sea and Lake Ice,2025-03-13 00:00:00+00:00,-154.11,-75.65,https://usicecenter.gov/pub/Iceberg_Tabular.csv,Sea and Lake Ice,disaster
EONET_10212,Iceberg B22F,Sea and Lake Ice,2025-03-27 00:00:00+00:00,-155.71,-75.88,https://usicecenter.gov/pub/Iceberg_Tabular.csv,Sea and Lake Ice,disaster
EONET_10212,Iceberg B22F,Sea and Lake Ice,2025-04-11 00:00:00+00:00,-157.47,-75.63,https://usicecenter.gov/pub/Iceberg_Tabular.csv,Sea and Lake Ice,disaster
EONET_10212,Iceberg B22F,Sea and Lake Ice,2025-05-09 00:00:00+00:00,-160.1,-75.39,https://usicecenter.gov/pub/Iceberg_Tabular.csv,Sea and Lake Ice,disaster
EONET_10212,Iceberg B22F,Sea and Lake Ice,2025-05-22 00:00:00+00:00,-161.44,-74.93,https://usicecenter.gov/pub/Iceberg_Tabular.csv,Sea and Lake Ice,disaster
EONET_10212,Iceberg B22F,Sea and Lake Ice,2025-06-05 00:00:00+00:00,-163.27,-74.75,https://usicecenter.gov/pub/Iceberg_Tabular.csv,Sea and Lake Ice,disaster
EONET_10212,Iceberg B22F,Sea and Lake Ice,2025-06-12 00:00:00+00:00,-165.79,-74.38,https://usicecenter.gov/pub/Iceberg_Tabular.csv,Sea and Lake Ice,disaster
EONET_10212,Iceberg B22F,Sea and Lake Ice,2025-06-27 00:00:00+00:00,-167.33,-73.88,https://usicecenter.gov/pub/Iceberg_Tabular.csv,Sea and Lake Ice,disaster
EONET_10212,Iceberg B22F,Sea and Lake Ice,2025-07-11 00:00:00+00:00,-169.21,-73.67,https://usicecenter.gov/pub/Iceberg_Tabular.csv,Sea and Lake Ice,disaster
EONET_10212,Iceberg B22F,Sea and Lake Ice,2025-07-31 00:00:00+00:00,-169.59,-73.23,https://usicecenter.gov/pub/Iceberg_Tabular.csv,Sea and Lake Ice,disaster
EONET_10212,Iceberg B22F,Sea and Lake Ice,2025-08-21 00:00:00+00:00,-170.96,-72.62,https://usicecenter.gov/pub/Iceberg_Tabular.csv,Sea and Lake Ice,disaster
EONET_10212,Iceberg B22F,Sea and Lake Ice,2025-09-04 00:00:00+00:00,-171.89,-72.21,https://usicecenter.gov/pub/Iceberg_Tabular.csv,Sea and Lake Ice,disaster
EONET_10212,Iceberg B22F,Sea and Lake Ice,2025-09-11 00:00:00+00:00,-173.36,-72.3,https://usicecenter.gov/pub/Iceberg_Tabular.csv,Sea and Lake Ice,disaster
EONET_10212,Iceberg B22F,Sea and Lake Ice,2025-10-09 00:00:00+00:00,-173.77,-71.31,https://usicecenter.gov/pub/Iceberg_Tabular.csv,Sea and Lake Ice,disaster
EONET_10212,Iceberg B22F,Sea and Lake Ice,2025-10-16 00:00:00+00:00,-174.64,-70.81,https://usicecenter.gov/pub/Iceberg_Tabular.csv,Sea and Lake Ice,disaster
EONET_10212,Iceberg B22F,Sea and Lake Ice,2025-10-31 00:00:00+00:00,-177.13,-70.28,https://usicecenter.gov/pub/Iceberg_Tabular.csv,Sea and Lake Ice,disaster
EONET_10212,Iceberg B22F,Sea and Lake Ice,2025-11-14 00:00:00+00:00,-177.85,-69.89,https://usicecenter.gov/pub/Iceberg_Tabular.csv,Sea and Lake Ice,disaster
EONET_10212,Iceberg B22F,Sea and Lake Ice,2025-11-28 00:00:00+00:00,-177.84,-69.24,https://usicecenter.gov/pub/Iceberg_Tabular.csv,Sea and Lake Ice,disaster
EONET_10212,Iceberg B22F,Sea and Lake Ice,2025-12-26 00:00:00+00:00,-176.57,-68.86,https://usicecenter.gov/pub/Iceberg_Tabular.csv,Sea and Lake Ice,disaster
EONET_10212,Iceberg B22F,Sea and Lake Ice,2026-01-02 00:00:00+00:00,-176.74,-68.3,https://usicecenter.gov/pub/Iceberg_Tabular.csv,Sea and Lake Ice,disaster
EONET_10212,Iceberg B22F,Sea and Lake Ice,2026-02-19 00:00:00+00:00,-177.25,-67.68,https://usicecenter.gov/pub/Iceberg_Tabular.csv,Sea and Lake Ice,disaster
EONET_10212,Iceberg B22F,Sea and Lake Ice,2026-03-06 00:00:00+00:00,-178.77,-67.31,https://usicecenter.gov/pub/Iceberg_Tabular.csv,Sea and Lake Ice,disaster
EONET_10212,Iceberg B22F,Sea and Lake Ice,2026-03-26 00:00:00+00:00,-179.86,-67.09,https://usicecenter.gov/pub/Iceberg_Tabular.csv,Sea and Lake Ice,disaster
EONET_10212,Iceberg B22F,Sea and Lake Ice,2026-04-10 00:00:00+00:00,179.79,-67.58,https://usicecenter.gov/pub/Iceberg_Tabular.csv,Sea and Lake Ice,disaster
EONET_10212,Iceberg B22F,Sea and Lake Ice,2026-04-24 00:00:00+00:00,179.83,-67.1,https://usicecenter.gov/pub/Iceberg_Tabular.csv,Sea and Lake Ice,disaster
EONET_10212,Iceberg B22F,Sea and Lake Ice,2026-05-08 00:00:00+00:00,178.33,-67.18,https://usicecenter.gov/pub/Iceberg_Tabular.csv,Sea and Lake Ice,disaster
EONET_10212,Iceberg B22F,Sea and Lake Ice,2026-06-12 00:00:00+00:00,177.7,-67.6,https://usicecenter.gov/pub/Iceberg_Tabular.csv,Sea and Lake Ice,disaster
EONET_10212,Iceberg B22F,Sea and Lake Ice,2026-06-25 00:00:00+00:00,178.27,-66.75,https://usicecenter.gov/pub/Iceberg_Tabular.csv,Sea and Lake Ice,disaster
EONET_10212,Iceberg B22F,Sea and Lake Ice,2026-07-03 00:00:00+00:00,179.34,-66.58,https://usicecenter.gov/pub/Iceberg_Tabular.csv,Sea and Lake Ice,disaster
EONET_10212,Iceberg B22F,Sea and Lake Ice,2026-07-17 00:00:00+00:00,-178.99,-66.56,https://usicecenter.gov/pub/Iceberg_Tabular.csv,Sea and Lake Ice,disaster
EONET_12716,Iceberg A85,Sea and Lake Ice,2025-02-21 00:00:00+00:00,-48.54,-77.51,https://usicecenter.gov/pub/Iceberg_Tabular.csv,Sea and Lake Ice,disaster
EONET_12716,Iceberg A85,Sea and Lake Ice,2025-03-06 00:00:00+00:00,-49.4,-76.96,https://usicecenter.gov/pub/Iceberg_Tabular.csv,Sea and Lake Ice,disaster
EONET_12716,Iceberg A85,Sea and Lake Ice,2025-03-13 00:00:00+00:00,-51.03,-76.66,https://usicecenter.gov/pub/Iceberg_Tabular.csv,Sea and Lake Ice,disaster
EONET_12716,Iceberg A85,Sea and Lake Ice,2025-03-27 00:00:00+00:00,-53.15,-76.16,https://usicecenter.gov/pub/Iceberg_Tabular.csv,Sea and Lake Ice,disaster
EONET_12716,Iceberg A85,Sea and Lake Ice,2025-04-11 00:00:00+00:00,-54.47,-75.8,https://usicecenter.gov/pub/Iceberg_Tabular.csv,Sea and Lake Ice,disaster
EONET_12716,Iceberg A85,Sea and Lake Ice,2025-05-22 00:00:00+00:00,-54.83,-75.23,https://usicecenter.gov/pub/Iceberg_Tabular.csv,Sea and Lake Ice,disaster
EONET_12716,Iceberg A85,Sea and Lake Ice,2025-06-05 00:00:00+00:00,-53.83,-74.67,https://usicecenter.gov/pub/Iceberg_Tabular.csv,Sea and Lake Ice,disaster
EONET_12716,Iceberg A85,Sea and Lake Ice,2025-06-20 00:00:00+00:00,-53.52,-74.18,https://usicecenter.gov/pub/Iceberg_Tabular.csv,Sea and Lake Ice,disaster
EONET_12716,Iceberg A85,Sea and Lake Ice,2025-07-31 00:00:00+00:00,-54.34,-73.38,https://usicecenter.gov/pub/Iceberg_Tabular.csv,Sea and Lake Ice,disaster
EONET_12716,Iceberg A85,Sea and Lake Ice,2025-08-08 00:00:00+00:00,-54.79,-72.84,https://usicecenter.gov/pub/Iceberg_Tabular.csv,Sea and Lake Ice,disaster
EONET_12716,Iceberg A85,Sea and Lake Ice,2025-08-21 00:00:00+00:00,-54.56,-72.37,https://usicecenter.gov/pub/Iceberg_Tabular.csv,Sea and Lake Ice,disaster
EONET_12716,Iceberg A85,Sea and Lake Ice,2025-08-28 00:00:00+00:00,-54.06,-71.91,https://usicecenter.gov/pub/Iceberg_Tabular.csv,Sea and Lake Ice,disaster
EONET_12716,Iceberg A85,Sea and Lake Ice,2025-09-11 00:00:00+00:00,-53.84,-71.12,https://usicecenter.gov/pub/Iceberg_Tabular.csv,Sea and Lake Ice,disaster
EONET_12716,Iceberg A85,Sea and Lake Ice,2025-09-26 00:00:00+00:00,-54.16,-70.43,https://usicecenter.gov/pub/Iceberg_Tabular.csv,Sea and Lake Ice,disaster
EONET_12716,Iceberg A85,Sea and Lake Ice,2025-10-09 00:00:00+00:00,-54.74,-70.0,https://usicecenter.gov/pub/Iceberg_Tabular.csv,Sea and Lake Ice,disaster
EONET_12716,Iceberg A85,Sea and Lake Ice,2025-10-16 00:00:00+00:00,-55.01,-69.44,https://usicecenter.gov/pub/Iceberg_Tabular.csv,Sea and Lake Ice,disaster
EONET_12716,Iceberg A85,Sea and Lake Ice,2025-11-07 00:00:00+00:00,-55.23,-68.89,https://usicecenter.gov/pub/Iceberg_Tabular.csv,Sea and Lake Ice,disaster
EONET_12716,Iceberg A85,Sea and Lake Ice,2025-11-21 00:00:00+00:00,-55.04,-68.06,https://usicecenter.gov/pub/Iceberg_Tabular.csv,Sea and Lake Ice,disaster
EONET_12716,Iceberg A85,Sea and Lake Ice,2025-12-18 00:00:00+00:00,-55.69,-68.44,https://usicecenter.gov/pub/Iceberg_Tabular.csv,Sea and Lake Ice,disaster
EONET_12716,Iceberg A85,Sea and Lake Ice,2026-03-20 00:00:00+00:00,-56.94,-68.57,https://usicecenter.gov/pub/Iceberg_Tabular.csv,Sea and Lake Ice,disaster
EONET_12716,Iceberg A85,Sea and Lake Ice,2026-04-24 00:00:00+00:00,-57.29,-68.1,https://usicecenter.gov/pub/Iceberg_Tabular.csv,Sea and Lake Ice,disaster
EONET_12716,Iceberg A85,Sea and Lake Ice,2026-05-08 00:00:00+00:00,-57.24,-67.45,https://usicecenter.gov/pub/Iceberg_Tabular.csv,Sea and Lake Ice,disaster
EONET_12716,Iceberg A85,Sea and Lake Ice,2026-05-21 00:00:00+00:00,-56.41,-66.87,https://usicecenter.gov/pub/Iceberg_Tabular.csv,Sea and Lake Ice,disaster
EONET_12716,Iceberg A85,Sea and Lake Ice,2026-06-12 00:00:00+00:00,-55.1,-66.42,https://usicecenter.gov/pub/Iceberg_Tabular.csv,Sea and Lake Ice,disaster
EONET_12716,Iceberg A85,Sea and Lake Ice,2026-07-03 00:00:00+00:00,-54.3,-66.06,https://usicecenter.gov/pub/Iceberg_Tabular.csv,Sea and Lake Ice,disaster
EONET_12716,Iceberg A85,Sea and Lake Ice,2026-07-10 00:00:00+00:00,-53.69,-65.57,https://usicecenter.gov/pub/Iceberg_Tabular.csv,Sea and Lake Ice,disaster
EONET_12716,Iceberg A85,Sea and Lake Ice,2026-07-17 00:00:00+00:00,-53.71,-65.12,https://usicecenter.gov/pub/Iceberg_Tabular.csv,Sea and Lake Ice,disaster
EONET_12716,Iceberg A85,Sea and Lake Ice,2026-07-23 00:00:00+00:00,-53.85,-64.65,https://usicecenter.gov/pub/Iceberg_Tabular.csv,Sea and Lake Ice,disaster
EONET_20413,"Langila Volcano, Papua New Guinea",Volcanoes,2026-05-08 00:00:00+00:00,148.42,-5.525,https://volcano.si.edu/volcano.cfm?vn=252010,Volcanoes,disaster
EONET_20041,Flood in Argentina 1103873,Floods,2026-05-07 20:00:00+00:00,-60.3855889,-36.3789925,https://www.gdacs.org/report.aspx?eventtype=FL&eventid=1103873,Floods,disaster
EONET_20002,"PINE MOUNTAIN Wildfire, Deschutes, Oregon",Wildfires,2026-05-07 19:20:00+00:00,-120.917759,43.810294,https://irwin.doi.gov/observer/incidents/5985829d-31de-4a80-a836-25907b851057,Wildfires,disaster
EONET_20015,Wildfire in Australia 1028620,Wildfires,2026-05-07 19:00:00+00:00,131.16852681765567,-14.025392519275972,https://www.gdacs.org/report.aspx?eventtype=WF&eventid=1028620,Wildfires,disaster
EONET_20031,Wildfire in Australia 1028626,Wildfires,2026-05-07 19:00:00+00:00,131.14875112949,-13.895313992734817,https://www.gdacs.org/report.aspx?eventtype=WF&eventid=1028626,Wildfires,disaster
EONET_20034,Wildfire in Russian Federation 1028629,Wildfires,2026-05-07 19:00:00+00:00,128.8979404027909,50.63524853574603,https://www.gdacs.org/report.aspx?eventtype=WF&eventid=1028629,Wildfires,disaster
EONET_20035,Wildfire in Australia 1028630,Wildfires,2026-05-07 19:00:00+00:00,130.9939002760516,-14.060600505185867,https://www.gdacs.org/report.aspx?eventtype=WF&eventid=1028630,Wildfires,disaster
EONET_20055,Wildfire in Russian Federation 1028648,Wildfires,2026-05-07 19:00:00+00:00,129.39595147430856,49.98513565580457,https://www.gdacs.org/report.aspx?eventtype=WF&eventid=1028648,Wildfires,disaster
EONET_20056,Wildfire in Russian Federation 1028640,Wildfires,2026-05-07 19:00:00+00:00,134.96974461571318,48.041983740213034,https://www.gdacs.org/report.aspx?eventtype=WF&eventid=1028640,Wildfires,disaster
EONET_20057,Wildfire in Russian Federation 1028637,Wildfires,2026-05-07 19:00:00+00:00,133.1046647725562,48.60949356348599,https://www.gdacs.org/report.aspx?eventtype=WF&eventid=1028637,Wildfires,disaster
EONET_20129,Wildfire in Nicaragua 1028684,Wildfires,2026-05-07 19:00:00+00:00,-84.19125602339801,13.625179765007273,https://www.gdacs.org/report.aspx?eventtype=WF&eventid=1028684,Wildfires,disaster
EONET_20142,Wildfire in Australia 1028695,Wildfires,2026-05-07 19:00:00+00:00,130.76674510426176,-14.072038604034494,https://www.gdacs.org/report.aspx?eventtype=WF&eventid=1028695,Wildfires,disaster
EONET_20065,"CANYON Wildfire, Kern, California",Wildfires,2026-05-07 14:24:00+00:00,-117.8589,35.50478,https://irwin.doi.gov/observer/incidents/64eabb0f-3ea8-47f3-bc7f-19750df7e579,Wildfires,disaster
EONET_20006,"ANF Shearwood Creek C-86 RX Prescribed Fire, Jasper, Texas",Wildfires,2026-05-07 09:11:00+00:00,-94.2227,31.060417,https://irwin.doi.gov/observer/incidents/83d165b8-7c46-42f0-9808-3fb9c2e5a494,Wildfires,disaster
EONET_20042,Flood in Mexico 1103874,Floods,2026-05-06 20:00:00+00:00,-100.315258,25.6802019,https://www.gdacs.org/report.aspx?eventtype=FL&eventid=1103874,Floods,disaster
EONET_20043,Flood in Canada 1103875,Floods,2026-05-06 20:00:00+00:00,-139.45673,64.0942558,https://www.gdacs.org/report.aspx?eventtype=FL&eventid=1103875,Floods,disaster
EONET_19993,Wildfire in Australia 1028603,Wildfires,2026-05-06 19:00:00+00:00,131.0408199856968,-13.383485926924346,https://www.gdacs.org/report.aspx?eventtype=WF&eventid=1028603,Wildfires,disaster
EONET_20032,Wildfire in Australia 1028627,Wildfires,2026-05-06 19:00:00+00:00,130.8404100343506,-14.151669894084192,https://www.gdacs.org/report.aspx?eventtype=WF&eventid=1028627,Wildfires,disaster
EONET_20036,Wildfire in Australia 1028631,Wildfires,2026-05-06 19:00:00+00:00,134.16536512467022,-18.57568651296382,https://www.gdacs.org/report.aspx?eventtype=WF&eventid=1028631,Wildfires,disaster
EONET_20037,Wildfire in Australia 1028632,Wildfires,2026-05-06 19:00:00+00:00,115.72527541501296,-34.1310302383751,https://www.gdacs.org/report.aspx?eventtype=WF&eventid=1028632,Wildfires,disaster
EONET_20073,Wildfire in Russian Federation 1028651,Wildfires,2026-05-06 19:00:00+00:00,132.80631500451895,48.054761160855506,https://www.gdacs.org/report.aspx?eventtype=WF&eventid=1028651,Wildfires,disaster
EONET_20009,"rx-Lapham Good Oak 2026 Prescribed Fire, Waukesha, Wisconsin",Wildfires,2026-05-06 10:23:00+00:00,-88.3992015,43.0403647,https://irwin.doi.gov/observer/incidents/fd9b23b1-c272-4ceb-bcd6-0a8c164fc494,Wildfires,disaster
EONET_19986,Tropical Storm Hagupit,Severe Storms,2026-05-06 00:00:00+00:00,147.5,7.6,https://www.metoc.navy.mil/jtwc/products/wp0526.tcw,Severe Storms,disaster
EONET_19986,Tropical Storm Hagupit,Severe Storms,2026-05-06 06:00:00+00:00,146.9,7.4,https://www.metoc.navy.mil/jtwc/products/wp0526.tcw,Severe Storms,disaster
EONET_19986,Tropical Storm Hagupit,Severe Storms,2026-05-06 12:00:00+00:00,145.7,7.1,https://www.metoc.navy.mil/jtwc/products/wp0526.tcw,Severe Storms,disaster
EONET_19986,Tropical Storm Hagupit,Severe Storms,2026-05-06 18:00:00+00:00,144.7,7.3,https://www.metoc.navy.mil/jtwc/products/wp0526.tcw,Severe Storms,disaster
EONET_19986,Tropical Storm Hagupit,Severe Storms,2026-05-07 00:00:00+00:00,143.8,7.2,https://www.metoc.navy.mil/jtwc/products/wp0526.tcw,Severe Storms,disaster
EONET_19986,Tropical Storm Hagupit,Severe Storms,2026-05-07 06:00:00+00:00,142.9,7.5,https://www.metoc.navy.mil/jtwc/products/wp0526.tcw,Severe Storms,disaster
EONET_19986,Tropical Storm Hagupit,Severe Storms,2026-05-07 12:00:00+00:00,142.2,7.7,https://www.metoc.navy.mil/jtwc/products/wp0526.tcw,Severe Storms,disaster
EONET_19986,Tropical Storm Hagupit,Severe Storms,2026-05-07 18:00:00+00:00,141.2,8.1,https://www.metoc.navy.mil/jtwc/products/wp0526.tcw,Severe Storms,disaster
EONET_19986,Tropical Storm Hagupit,Severe Storms,2026-05-08 00:00:00+00:00,139.9,8.4,https://www.metoc.navy.mil/jtwc/products/wp0526.tcw,Severe Storms,disaster
EONET_19986,Tropical Storm Hagupit,Severe Storms,2026-05-08 06:00:00+00:00,138.9,8.7,https://www.metoc.navy.mil/jtwc/products/wp0526.tcw,Severe Storms,disaster
EONET_19986,Tropical Storm Hagupit,Severe Storms,2026-05-08 12:00:00+00:00,138.2,8.7,https://www.metoc.navy.mil/jtwc/products/wp0526.tcw,Severe Storms,disaster
EONET_19986,Tropical Storm Hagupit,Severe Storms,2026-05-08 18:00:00+00:00,137.0,8.7,https://www.metoc.navy.mil/jtwc/products/wp0526.tcw,Severe Storms,disaster
EONET_19986,Tropical Storm Hagupit,Severe Storms,2026-05-09 00:00:00+00:00,136.1,8.7,https://www.metoc.navy.mil/jtwc/products/wp0526.tcw,Severe Storms,disaster
EONET_19986,Tropical Storm Hagupit,Severe Storms,2026-05-09 06:00:00+00:00,135.8,9.4,https://www.metoc.navy.mil/jtwc/products/wp0526.tcw,Severe Storms,disaster
EONET_19986,Tropical Storm Hagupit,Severe Storms,2026-05-09 12:00:00+00:00,134.4,9.3,https://www.metoc.navy.mil/jtwc/products/wp0526.tcw,Severe Storms,disaster
EONET_19986,Tropical Storm Hagupit,Severe Storms,2026-05-09 18:00:00+00:00,134.0,9.8,https://www.metoc.navy.mil/jtwc/products/wp0526.tcw,Severe Storms,disaster
EONET_19986,Tropical Storm Hagupit,Severe Storms,2026-05-10 00:00:00+00:00,133.3,10.3,https://www.metoc.navy.mil/jtwc/products/wp0526.tcw,Severe Storms,disaster
EONET_19986,Tropical Storm Hagupit,Severe Storms,2026-05-10 06:00:00+00:00,131.9,10.1,https://www.metoc.navy.mil/jtwc/products/wp0526.tcw,Severe Storms,disaster
EONET_19986,Tropical Storm Hagupit,Severe Storms,2026-05-10 12:00:00+00:00,131.0,10.3,https://www.metoc.navy.mil/jtwc/products/wp0526.tcw,Severe Storms,disaster
EONET_20003,"SOUTH CANAL Wildfire, Lafayette, Florida",Wildfires,2026-05-05 20:55:00+00:00,-83.1752778,29.8519444,https://irwin.doi.gov/observer/incidents/097653ff-b190-4eb3-971e-7b71d921f7d1,Wildfires,disaster
EONET_20044,Flood in Austria 1103872,Floods,2026-05-05 20:00:00+00:00,14.0,48.25,https://www.gdacs.org/report.aspx?eventtype=FL&eventid=1103872,Floods,disaster
EONET_19988,Wildfire in Australia 1028597,Wildfires,2026-05-05 19:00:00+00:00,131.56132942547575,-13.104546497336973,https://www.gdacs.org/report.aspx?eventtype=WF&eventid=1028597,Wildfires,disaster
EONET_19994,Wildfire in Australia 1028604,Wildfires,2026-05-05 19:00:00+00:00,136.42042088482225,-17.0860641550682,https://www.gdacs.org/report.aspx?eventtype=WF&eventid=1028604,Wildfires,disaster
EONET_19995,Wildfire in Australia 1028605,Wildfires,2026-05-05 19:00:00+00:00,121.87729032225376,-18.772818748552407,https://www.gdacs.org/report.aspx?eventtype=WF&eventid=1028605,Wildfires,disaster
EONET_19996,Wildfire in Australia 1028606,Wildfires,2026-05-05 19:00:00+00:00,128.6013681273512,-19.009556669405494,https://www.gdacs.org/report.aspx?eventtype=WF&eventid=1028606,Wildfires,disaster
EONET_19997,Wildfire in Australia 1028607,Wildfires,2026-05-05 19:00:00+00:00,122.8355754676652,-19.92369924466763,https://www.gdacs.org/report.aspx?eventtype=WF&eventid=1028607,Wildfires,disaster
EONET_20016,Wildfire in Australia 1028611,Wildfires,2026-05-05 19:00:00+00:00,121.89814150264527,-18.78484122948044,https://www.gdacs.org/report.aspx?eventtype=WF&eventid=1028611,Wildfires,disaster
EONET_20017,Wildfire in Australia 1028612,Wildfires,2026-05-05 19:00:00+00:00,123.21188983574,-19.709242796201547,https://www.gdacs.org/report.aspx?eventtype=WF&eventid=1028612,Wildfires,disaster
EONET_20018,Wildfire in Australia 1028613,Wildfires,2026-05-05 19:00:00+00:00,128.68882029515223,-19.0957908114197,https://www.gdacs.org/report.aspx?eventtype=WF&eventid=1028613,Wildfires,disaster
EONET_20019,Wildfire in Australia 1028621,Wildfires,2026-05-05 19:00:00+00:00,130.22602722036126,-14.393322859715036,https://www.gdacs.org/report.aspx?eventtype=WF&eventid=1028621,Wildfires,disaster
EONET_20020,Wildfire in Australia 1028622,Wildfires,2026-05-05 19:00:00+00:00,136.26978057632846,-17.066895811485693,https://www.gdacs.org/report.aspx?eventtype=WF&eventid=1028622,Wildfires,disaster
EONET_20033,Wildfire in Australia 1028628,Wildfires,2026-05-05 19:00:00+00:00,135.0007533645601,-19.210952775999015,https://www.gdacs.org/report.aspx?eventtype=WF&eventid=1028628,Wildfires,disaster
EONET_20038,Wildfire in Australia 1028633,Wildfires,2026-05-05 19:00:00+00:00,131.41677209271853,-13.29913233915156,https://www.gdacs.org/report.aspx?eventtype=WF&eventid=1028633,Wildfires,disaster
EONET_20074,Wildfire in Australia 1028655,Wildfires,2026-05-05 19:00:00+00:00,128.9724276288434,-19.715262594924617,https://www.gdacs.org/report.aspx?eventtype=WF&eventid=1028655,Wildfires,disaster
EONET_20090,Wildfire in Australia 1028669,Wildfires,2026-05-05 19:00:00+00:00,131.86537813779796,-13.44386830860772,https://www.gdacs.org/report.aspx?eventtype=WF&eventid=1028669,Wildfires,disaster
EONET_20091,Wildfire in Australia 1028670,Wildfires,2026-05-05 19:00:00+00:00,131.7606189932516,-13.26540247894932,https://www.gdacs.org/report.aspx?eventtype=WF&eventid=1028670,Wildfires,disaster
EONET_20004,"LOCHLOOSA WEST Wildfire, Alachua, Florida",Wildfires,2026-05-05 14:33:00+00:00,-82.1758333,29.5297222,https://irwin.doi.gov/observer/incidents/1dc93c75-a78a-434d-aaff-a7390edcd658,Wildfires,disaster
EONET_20012,"Hog Farm Wildfire, Woodward, Oklahoma",Wildfires,2026-05-05 10:39:00+00:00,-99.0419444,36.2888889,https://irwin.doi.gov/observer/incidents/64a978d8-3745-49c0-8f56-d03f0f761cfa,Wildfires,disaster
EONET_20045,Flood in Italy 1103871,Floods,2026-05-04 20:00:00+00:00,11.6072307,43.0570991,https://www.gdacs.org/report.aspx?eventtype=FL&eventid=1103871,Floods,disaster
EONET_19998,Wildfire in Australia 1028608,Wildfires,2026-05-04 19:00:00+00:00,133.3182092252431,-15.332140974269,https://www.gdacs.org/report.aspx?eventtype=WF&eventid=1028608,Wildfires,disaster
EONET_19999,Wildfire in Australia 1028601,Wildfires,2026-05-04 19:00:00+00:00,121.8510658459255,-18.841035396944537,https://www.gdacs.org/report.aspx?eventtype=WF&eventid=1028601,Wildfires,disaster
EONET_20039,Wildfire in Australia 1028634,Wildfires,2026-05-04 19:00:00+00:00,122.3281755423874,-19.88619151229209,https://www.gdacs.org/report.aspx?eventtype=WF&eventid=1028634,Wildfires,disaster
EONET_20058,Wildfire in Australia 1028638,Wildfires,2026-05-04 19:00:00+00:00,128.0100372111213,-17.120108406491646,https://www.gdacs.org/report.aspx?eventtype=WF&eventid=1028638,Wildfires,disaster
EONET_20075,Wildfire in Australia 1028656,Wildfires,2026-05-04 19:00:00+00:00,130.18065995645705,-14.234896697470893,https://www.gdacs.org/report.aspx?eventtype=WF&eventid=1028656,Wildfires,disaster
EONET_20092,Wildfire in Nicaragua 1028666,Wildfires,2026-05-04 19:00:00+00:00,-86.64934804684316,13.714191222543173,https://www.gdacs.org/report.aspx?eventtype=WF&eventid=1028666,Wildfires,disaster
EONET_20014,"Arkansas River Wildfire, Edwards, Kansas",Wildfires,2026-05-04 13:33:00+00:00,-99.45739,37.85316,https://irwin.doi.gov/observer/incidents/789b07c3-832c-41ee-a639-999816ebc712,Wildfires,disaster
EONET_19969,"311 Konza Wildfire, Geary, Kansas",Wildfires,2026-05-04 13:19:00+00:00,-96.576,39.066264,https://irwin.doi.gov/observer/incidents/fbcab7f0-50f5-4277-ae98-4878b3a93171,Wildfires,disaster
EONET_19972,"Black Rush Lake RX Prescribed Fire, Swift, Minnesota",Wildfires,2026-05-04 11:05:00+00:00,-95.9166,45.3272,https://irwin.doi.gov/observer/incidents/88fea450-6e74-4ef9-9f56-6c704dc8c0e4,Wildfires,disaster
EONET_19970,"32nd Avenue Wildfire, Rolette, North Dakota",Wildfires,2026-05-04 10:38:00+00:00,-99.985,48.856667,https://irwin.doi.gov/observer/incidents/173682c4-e3ba-4a88-ba04-f45d399bbf0f,Wildfires,disaster
EONET_20248,"Chickasawhay CPT 363 RX Prescribed Fire, Jones, Mississippi",Wildfires,2026-05-04 09:50:00+00:00,-88.9858,31.5088,https://irwin.doi.gov/observer/incidents/804c72d5-7d4f-46a5-b78e-bf0415d4f256,Wildfires,disaster
EONET_19989,Wildfire in Australia 1028598,Wildfires,2026-05-03 19:00:00+00:00,132.7158964631746,-16.862561533511723,https://www.gdacs.org/report.aspx?eventtype=WF&eventid=1028598,Wildfires,disaster
EONET_19990,Wildfire in Australia 1028599,Wildfires,2026-05-03 19:00:00+00:00,132.84726431539835,-16.887030934294277,https://www.gdacs.org/report.aspx?eventtype=WF&eventid=1028599,Wildfires,disaster
EONET_20000,Wildfire in Australia 1028609,Wildfires,2026-05-03 19:00:00+00:00,132.02662639675208,-16.09852175478471,https://www.gdacs.org/report.aspx?eventtype=WF&eventid=1028609,Wildfires,disaster
EONET_20021,Wildfire in Australia 1028614,Wildfires,2026-05-03 19:00:00+00:00,122.26137960006398,-17.494531724187553,https://www.gdacs.org/report.aspx?eventtype=WF&eventid=1028614,Wildfires,disaster
EONET_20022,Wildfire in Australia 1028623,Wildfires,2026-05-03 19:00:00+00:00,132.72798449765668,-13.691360411499348,https://www.gdacs.org/report.aspx?eventtype=WF&eventid=1028623,Wildfires,disaster
EONET_20023,Wildfire in Australia 1028624,Wildfires,2026-05-03 19:00:00+00:00,132.5626853564392,-13.880488471519282,https://www.gdacs.org/report.aspx?eventtype=WF&eventid=1028624,Wildfires,disaster
EONET_20024,Wildfire in Australia 1028615,Wildfires,2026-05-03 19:00:00+00:00,132.7297595331603,-13.678378187436817,https://www.gdacs.org/report.aspx?eventtype=WF&eventid=1028615,Wildfires,disaster
EONET_20040,Wildfire in Russian Federation 1028635,Wildfires,2026-05-03 19:00:00+00:00,132.69525003678726,48.314985577853,https://www.gdacs.org/report.aspx?eventtype=WF&eventid=1028635,Wildfires,disaster
EONET_20059,Wildfire in China 1028649,Wildfires,2026-05-03 19:00:00+00:00,127.06931833701503,47.65753882975982,https://www.gdacs.org/report.aspx?eventtype=WF&eventid=1028649,Wildfires,disaster
EONET_20076,Wildfire in India 1028650,Wildfires,2026-05-03 19:00:00+00:00,80.76887730675446,16.14502840441099,https://www.gdacs.org/report.aspx?eventtype=WF&eventid=1028650,Wildfires,disaster
EONET_19973,"TOWER Wildfire, Kern, California",Wildfires,2026-05-03 18:27:00+00:00,-118.8036111,35.3644444,https://irwin.doi.gov/observer/incidents/02fcb0b7-d653-47f7-8e76-364b1912d022,Wildfires,disaster
EONET_19971,"AFM - Hazen Wildfire, Maricopa, Arizona",Wildfires,2026-05-02 22:36:00+00:00,-112.612123,33.345111,https://irwin.doi.gov/observer/incidents/653e5c17-7b51-41fe-9039-732fd66fa38a,Wildfires,disaster
EONET_19979,"Flood in Kenya, Mongolia 1103868",Floods,2026-05-02 20:00:00+00:00,39.5503242709742,-1.5327802,https://www.gdacs.org/report.aspx?eventtype=FL&eventid=1103868,Floods,disaster
EONET_19987,Flood in Uganda 1103869,Floods,2026-05-02 20:00:00+00:00,34.1026752,0.7407633,https://www.gdacs.org/report.aspx?eventtype=FL&eventid=1103869,Floods,disaster
EONET_19965,Wildfire in Australia 1028585,Wildfires,2026-05-02 19:00:00+00:00,122.24867134680903,-21.62868470219873,https://www.gdacs.org/report.aspx?eventtype=WF&eventid=1028585,Wildfires,disaster
EONET_20025,Wildfire in The Democratic Republic of Congo 1028610,Wildfires,2026-05-02 19:00:00+00:00,24.2701782730395,0.1007454933368864,https://www.gdacs.org/report.aspx?eventtype=WF&eventid=1028610,Wildfires,disaster
EONET_20026,Wildfire in Mexico 1028618,Wildfires,2026-05-02 19:00:00+00:00,-104.17187599366488,20.93914350396166,https://www.gdacs.org/report.aspx?eventtype=WF&eventid=1028618,Wildfires,disaster
EONET_20077,Wildfire in Russian Federation 1028652,Wildfires,2026-05-02 19:00:00+00:00,134.1972409572776,46.916690118301226,https://www.gdacs.org/report.aspx?eventtype=WF&eventid=1028652,Wildfires,disaster
EONET_19974,"Guide Wildfire, Oglala Lakota, South Dakota",Wildfires,2026-05-02 18:52:00+00:00,-102.905231,43.266956,https://irwin.doi.gov/observer/incidents/6e4f42df-6466-47b0-bcb6-9b37a461256a,Wildfires,disaster
EONET_19960,Flood in Germany 1103862,Floods,2026-05-01 20:00:00+00:00,6.5623343,51.3331205,https://www.gdacs.org/report.aspx?eventtype=FL&eventid=1103862,Floods,disaster
EONET_20184,"2026 JBER Prescribed RX Burn Prescribed Fire, Anchorage, Alaska",Wildfires,2026-05-01 19:25:00+00:00,-149.695544,61.255148,https://irwin.doi.gov/observer/incidents/6b6da824-4d18-4dc5-8b09-a8f981ef5b7a,Wildfires,disaster
EONET_19981,Wildfire in Guinea 1028592,Wildfires,2026-05-01 19:00:00+00:00,-13.702051501273695,11.04015814357312,https://www.gdacs.org/report.aspx?eventtype=WF&eventid=1028592,Wildfires,disaster
EONET_19991,Wildfire in Australia 1028600,Wildfires,2026-05-01 19:00:00+00:00,123.81610269043011,-17.669121729034654,https://www.gdacs.org/report.aspx?eventtype=WF&eventid=1028600,Wildfires,disaster
EONET_19975,"Mio Prairie RX Prescribed Fire, Oscoda, Michigan",Wildfires,2026-05-01 14:22:00+00:00,-84.217672,44.544066,https://irwin.doi.gov/observer/incidents/eb340564-be5b-412f-bd5e-e4c1ea60ced7,Wildfires,disaster
EONET_19977,"rx-82 Prescribed Fire, Burnett, Wisconsin",Wildfires,2026-05-01 13:29:00+00:00,-92.5961834,45.8940373,https://irwin.doi.gov/observer/incidents/d2cb5d0c-bb83-4ca3-9629-cb8c70661ea6,Wildfires,disaster
EONET_20008,"Burbank B RX Prescribed Fire, Kandiyohi, Minnesota",Wildfires,2026-05-01 09:58:00+00:00,-94.919444,45.3875,https://irwin.doi.gov/observer/incidents/e11d1e14-5865-4b40-ab1c-08dc85edaed1,Wildfires,disaster
EONET_19961,Flood in Tajikistan 1103861,Floods,2026-04-30 20:00:00+00:00,70.6134164,40.123264,https://www.gdacs.org/report.aspx?eventtype=FL&eventid=1103861,Floods,disaster
EONET_19962,Flood in Algeria 1103863,Floods,2026-04-30 20:00:00+00:00,3.9276122,35.1733735,https://www.gdacs.org/report.aspx?eventtype=FL&eventid=1103863,Floods,disaster
EONET_19963,Flood in Democratic Republic of Congo 1103864,Floods,2026-04-30 20:00:00+00:00,29.1375509,-3.4055866,https://www.gdacs.org/report.aspx?eventtype=FL&eventid=1103864,Floods,disaster
EONET_19964,Flood in South Africa 1103865,Floods,2026-04-30 20:00:00+00:00,26.1125347,-27.1774223,https://www.gdacs.org/report.aspx?eventtype=FL&eventid=1103865,Floods,disaster
EONET_19980,Flood in Uzbekistan 1103867,Floods,2026-04-30 20:00:00+00:00,70.6039542,40.4379858,https://www.gdacs.org/report.aspx?eventtype=FL&eventid=1103867,Floods,disaster
EONET_19982,Wildfire in Russian Federation 1028593,Wildfires,2026-04-30 19:00:00+00:00,136.33076148536452,49.422486747503925,https://www.gdacs.org/report.aspx?eventtype=WF&eventid=1028593,Wildfires,disaster
EONET_19983,Wildfire in Australia 1028594,Wildfires,2026-04-30 19:00:00+00:00,123.04010690008734,-17.783947768827105,https://www.gdacs.org/report.aspx?eventtype=WF&eventid=1028594,Wildfires,disaster
EONET_20027,Wildfire in Mexico 1028619,Wildfires,2026-04-30 19:00:00+00:00,-101.46309689304093,18.295845103631944,https://www.gdacs.org/report.aspx?eventtype=WF&eventid=1028619,Wildfires,disaster
EONET_20013,"Black Diamond 1B RX Prescribed Fire, Lewis and Clark, Montana",Wildfires,2026-04-30 18:33:00+00:00,-112.51,46.984333,https://irwin.doi.gov/observer/incidents/385f4abe-aaea-4bbc-9771-0727e0bf1ba9,Wildfires,disaster
EONET_19934,"Buzzard Feather Wildfire, Roosevelt, Montana",Wildfires,2026-04-30 12:53:00+00:00,-105.55355,48.52908,https://irwin.doi.gov/observer/incidents/7c8c6e08-d4be-4ca4-ad5b-1f23ec6373b3,Wildfires,disaster
EONET_19978,"Downing RX Prescribed Fire, Mahnomen, Minnesota",Wildfires,2026-04-30 10:25:00+00:00,-95.991,47.1572,https://irwin.doi.gov/observer/incidents/5d105883-26fe-4f9d-84ef-2ba39798bfe7,Wildfires,disaster
EONET_6051,Iceberg C39,Sea and Lake Ice,2022-04-29 00:00:00+00:00,99.61,-65.68,https://usicecenter.gov/pub/Iceberg_Tabular.csv,Sea and Lake Ice,disaster
EONET_6051,Iceberg C39,Sea and Lake Ice,2023-02-03 00:00:00+00:00,99.15,-65.16,https://usicecenter.gov/pub/Iceberg_Tabular.csv,Sea and Lake Ice,disaster
EONET_6051,Iceberg C39,Sea and Lake Ice,2023-08-11 00:00:00+00:00,98.37,-64.78,https://usicecenter.gov/pub/Iceberg_Tabular.csv,Sea and Lake Ice,disaster
EONET_6051,Iceberg C39,Sea and Lake Ice,2025-04-24 00:00:00+00:00,97.94,-64.27,https://usicecenter.gov/pub/Iceberg_Tabular.csv,Sea and Lake Ice,disaster
EONET_6051,Iceberg C39,Sea and Lake Ice,2025-05-02 00:00:00+00:00,95.86,-64.34,https://usicecenter.gov/pub/Iceberg_Tabular.csv,Sea and Lake Ice,disaster
EONET_6051,Iceberg C39,Sea and Lake Ice,2025-05-09 00:00:00+00:00,92.92,-65.05,https://usicecenter.gov/pub/Iceberg_Tabular.csv,Sea and Lake Ice,disaster
EONET_6051,Iceberg C39,Sea and Lake Ice,2025-05-22 00:00:00+00:00,90.81,-65.46,https://usicecenter.gov/pub/Iceberg_Tabular.csv,Sea and Lake Ice,disaster
EONET_6051,Iceberg C39,Sea and Lake Ice,2025-05-29 00:00:00+00:00,89.37,-65.8,https://usicecenter.gov/pub/Iceberg_Tabular.csv,Sea and Lake Ice,disaster
EONET_6051,Iceberg C39,Sea and Lake Ice,2025-06-05 00:00:00+00:00,85.51,-65.96,https://usicecenter.gov/pub/Iceberg_Tabular.csv,Sea and Lake Ice,disaster
EONET_6051,Iceberg C39,Sea and Lake Ice,2025-06-20 00:00:00+00:00,84.07,-66.28,https://usicecenter.gov/pub/Iceberg_Tabular.csv,Sea and Lake Ice,disaster
EONET_6051,Iceberg C39,Sea and Lake Ice,2025-07-11 00:00:00+00:00,83.06,-66.03,https://usicecenter.gov/pub/Iceberg_Tabular.csv,Sea and Lake Ice,disaster
EONET_6051,Iceberg C39,Sea and Lake Ice,2025-07-31 00:00:00+00:00,81.85,-65.8,https://usicecenter.gov/pub/Iceberg_Tabular.csv,Sea and Lake Ice,disaster
EONET_6051,Iceberg C39,Sea and Lake Ice,2025-09-04 00:00:00+00:00,80.3,-66.17,https://usicecenter.gov/pub/Iceberg_Tabular.csv,Sea and Lake Ice,disaster
EONET_6051,Iceberg C39,Sea and Lake Ice,2025-10-09 00:00:00+00:00,77.76,-66.56,https://usicecenter.gov/pub/Iceberg_Tabular.csv,Sea and Lake Ice,disaster
EONET_6051,Iceberg C39,Sea and Lake Ice,2025-10-16 00:00:00+00:00,77.22,-67.03,https://usicecenter.gov/pub/Iceberg_Tabular.csv,Sea and Lake Ice,disaster
EONET_6051,Iceberg C39,Sea and Lake Ice,2025-11-21 00:00:00+00:00,77.49,-67.7,https://usicecenter.gov/pub/Iceberg_Tabular.csv,Sea and Lake Ice,disaster
EONET_6051,Iceberg C39,Sea and Lake Ice,2026-03-20 00:00:00+00:00,77.23,-68.31,https://usicecenter.gov/pub/Iceberg_Tabular.csv,Sea and Lake Ice,disaster
EONET_6051,Iceberg C39,Sea and Lake Ice,2026-04-10 00:00:00+00:00,75.08,-69.16,https://usicecenter.gov/pub/Iceberg_Tabular.csv,Sea and Lake Ice,disaster
EONET_6051,Iceberg C39,Sea and Lake Ice,2026-04-24 00:00:00+00:00,74.24,-68.81,https://usicecenter.gov/pub/Iceberg_Tabular.csv,Sea and Lake Ice,disaster
EONET_6051,Iceberg C39,Sea and Lake Ice,2026-04-30 00:00:00+00:00,72.81,-68.52,https://usicecenter.gov/pub/Iceberg_Tabular.csv,Sea and Lake Ice,disaster
EONET_6051,Iceberg C39,Sea and Lake Ice,2026-05-15 00:00:00+00:00,71.07,-67.48,https://usicecenter.gov/pub/Iceberg_Tabular.csv,Sea and Lake Ice,disaster
EONET_6051,Iceberg C39,Sea and Lake Ice,2026-05-21 00:00:00+00:00,70.55,-67.01,https://usicecenter.gov/pub/Iceberg_Tabular.csv,Sea and Lake Ice,disaster
EONET_6051,Iceberg C39,Sea and Lake Ice,2026-06-25 00:00:00+00:00,64.84,-66.81,https://usicecenter.gov/pub/Iceberg_Tabular.csv,Sea and Lake Ice,disaster
EONET_6051,Iceberg C39,Sea and Lake Ice,2026-07-17 00:00:00+00:00,63.31,-66.72,https://usicecenter.gov/pub/Iceberg_Tabular.csv,Sea and Lake Ice,disaster
EONET_6288,Iceberg D32,Sea and Lake Ice,2022-10-21 00:00:00+00:00,70.68,-68.36,https://usicecenter.gov/pub/Iceberg_Tabular.csv,Sea and Lake Ice,disaster
EONET_6288,Iceberg D32,Sea and Lake Ice,2022-11-11 00:00:00+00:00,70.97,-67.87,https://usicecenter.gov/pub/Iceberg_Tabular.csv,Sea and Lake Ice,disaster
EONET_6288,Iceberg D32,Sea and Lake Ice,2022-12-16 00:00:00+00:00,71.07,-67.25,https://usicecenter.gov/pub/Iceberg_Tabular.csv,Sea and Lake Ice,disaster
EONET_6288,Iceberg D32,Sea and Lake Ice,2023-01-06 00:00:00+00:00,70.03,-66.78,https://usicecenter.gov/pub/Iceberg_Tabular.csv,Sea and Lake Ice,disaster
EONET_6288,Iceberg D32,Sea and Lake Ice,2023-01-20 00:00:00+00:00,68.02,-67.02,https://usicecenter.gov/pub/Iceberg_Tabular.csv,Sea and Lake Ice,disaster
EONET_6288,Iceberg D32,Sea and Lake Ice,2023-02-03 00:00:00+00:00,66.44,-66.69,https://usicecenter.gov/pub/Iceberg_Tabular.csv,Sea and Lake Ice,disaster
EONET_6288,Iceberg D32,Sea and Lake Ice,2023-03-10 00:00:00+00:00,64.91,-66.73,https://usicecenter.gov/pub/Iceberg_Tabular.csv,Sea and Lake Ice,disaster
EONET_6288,Iceberg D32,Sea and Lake Ice,2023-04-14 00:00:00+00:00,61.47,-66.79,https://usicecenter.gov/pub/Iceberg_Tabular.csv,Sea and Lake Ice,disaster
EONET_6288,Iceberg D32,Sea and Lake Ice,2023-04-21 00:00:00+00:00,59.41,-66.63,https://usicecenter.gov/pub/Iceberg_Tabular.csv,Sea and Lake Ice,disaster
EONET_6288,Iceberg D32,Sea and Lake Ice,2023-04-28 00:00:00+00:00,57.37,-65.95,https://usicecenter.gov/pub/Iceberg_Tabular.csv,Sea and Lake Ice,disaster
EONET_6288,Iceberg D32,Sea and Lake Ice,2023-05-05 00:00:00+00:00,55.56,-65.65,https://usicecenter.gov/pub/Iceberg_Tabular.csv,Sea and Lake Ice,disaster
EONET_6288,Iceberg D32,Sea and Lake Ice,2023-12-08 00:00:00+00:00,53.8,-65.41,https://usicecenter.gov/pub/Iceberg_Tabular.csv,Sea and Lake Ice,disaster
EONET_6288,Iceberg D32,Sea and Lake Ice,2024-02-02 00:00:00+00:00,52.63,-65.21,https://usicecenter.gov/pub/Iceberg_Tabular.csv,Sea and Lake Ice,disaster
EONET_6288,Iceberg D32,Sea and Lake Ice,2024-02-23 00:00:00+00:00,51.95,-64.71,https://usicecenter.gov/pub/Iceberg_Tabular.csv,Sea and Lake Ice,disaster
EONET_6288,Iceberg D32,Sea and Lake Ice,2024-03-15 00:00:00+00:00,50.88,-64.61,https://usicecenter.gov/pub/Iceberg_Tabular.csv,Sea and Lake Ice,disaster
EONET_6288,Iceberg D32,Sea and Lake Ice,2024-03-29 00:00:00+00:00,50.49,-65.03,https://usicecenter.gov/pub/Iceberg_Tabular.csv,Sea and Lake Ice,disaster
EONET_6288,Iceberg D32,Sea and Lake Ice,2024-12-13 00:00:00+00:00,-2.1,-69.95,https://usicecenter.gov/pub/Iceberg_Tabular.csv,Sea and Lake Ice,disaster
EONET_6288,Iceberg D32,Sea and Lake Ice,2024-12-26 00:00:00+00:00,-4.13,-70.05,https://usicecenter.gov/pub/Iceberg_Tabular.csv,Sea and Lake Ice,disaster
EONET_6288,Iceberg D32,Sea and Lake Ice,2025-01-31 00:00:00+00:00,-6.05,-70.14,https://usicecenter.gov/pub/Iceberg_Tabular.csv,Sea and Lake Ice,disaster
EONET_6288,Iceberg D32,Sea and Lake Ice,2025-02-06 00:00:00+00:00,-7.56,-70.37,https://usicecenter.gov/pub/Iceberg_Tabular.csv,Sea and Lake Ice,disaster
EONET_6288,Iceberg D32,Sea and Lake Ice,2025-02-14 00:00:00+00:00,-8.92,-70.41,https://usicecenter.gov/pub/Iceberg_Tabular.csv,Sea and Lake Ice,disaster
EONET_6288,Iceberg D32,Sea and Lake Ice,2025-02-21 00:00:00+00:00,-9.94,-70.73,https://usicecenter.gov/pub/Iceberg_Tabular.csv,Sea and Lake Ice,disaster
EONET_6288,Iceberg D32,Sea and Lake Ice,2025-04-18 00:00:00+00:00,-12.58,-71.18,https://usicecenter.gov/pub/Iceberg_Tabular.csv,Sea and Lake Ice,disaster
EONET_6288,Iceberg D32,Sea and Lake Ice,2025-04-24 00:00:00+00:00,-16.28,-71.88,https://usicecenter.gov/pub/Iceberg_Tabular.csv,Sea and Lake Ice,disaster
EONET_6288,Iceberg D32,Sea and Lake Ice,2025-05-02 00:00:00+00:00,-20.64,-73.06,https://usicecenter.gov/pub/Iceberg_Tabular.csv,Sea and Lake Ice,disaster
EONET_6288,Iceberg D32,Sea and Lake Ice,2025-05-09 00:00:00+00:00,-15.13,-71.95,https://usicecenter.gov/pub/Iceberg_Tabular.csv,Sea and Lake Ice,disaster
EONET_6288,Iceberg D32,Sea and Lake Ice,2025-05-16 00:00:00+00:00,-27.02,-74.01,https://usicecenter.gov/pub/Iceberg_Tabular.csv,Sea and Lake Ice,disaster
EONET_6288,Iceberg D32,Sea and Lake Ice,2025-05-29 00:00:00+00:00,-28.57,-72.77,https://usicecenter.gov/pub/Iceberg_Tabular.csv,Sea and Lake Ice,disaster
EONET_6288,Iceberg D32,Sea and Lake Ice,2025-06-12 00:00:00+00:00,-28.37,-71.38,https://usicecenter.gov/pub/Iceberg_Tabular.csv,Sea and Lake Ice,disaster
EONET_6288,Iceberg D32,Sea and Lake Ice,2025-07-31 00:00:00+00:00,-29.29,-71.86,https://usicecenter.gov/pub/Iceberg_Tabular.csv,Sea and Lake Ice,disaster
EONET_6288,Iceberg D32,Sea and Lake Ice,2025-08-14 00:00:00+00:00,-30.55,-71.56,https://usicecenter.gov/pub/Iceberg_Tabular.csv,Sea and Lake Ice,disaster
EONET_6288,Iceberg D32,Sea and Lake Ice,2025-08-21 00:00:00+00:00,-32.4,-71.17,https://usicecenter.gov/pub/Iceberg_Tabular.csv,Sea and Lake Ice,disaster
EONET_6288,Iceberg D32,Sea and Lake Ice,2025-08-28 00:00:00+00:00,-33.47,-70.84,https://usicecenter.gov/pub/Iceberg_Tabular.csv,Sea and Lake Ice,disaster
EONET_6288,Iceberg D32,Sea and Lake Ice,2025-09-11 00:00:00+00:00,-34.14,-69.74,https://usicecenter.gov/pub/Iceberg_Tabular.csv,Sea and Lake Ice,disaster
EONET_6288,Iceberg D32,Sea and Lake Ice,2025-09-18 00:00:00+00:00,-33.22,-69.25,https://usicecenter.gov/pub/Iceberg_Tabular.csv,Sea and Lake Ice,disaster
EONET_6288,Iceberg D32,Sea and Lake Ice,2025-10-09 00:00:00+00:00,-33.3,-68.6,https://usicecenter.gov/pub/Iceberg_Tabular.csv,Sea and Lake Ice,disaster
EONET_6288,Iceberg D32,Sea and Lake Ice,2025-10-16 00:00:00+00:00,-34.27,-68.9,https://usicecenter.gov/pub/Iceberg_Tabular.csv,Sea and Lake Ice,disaster
EONET_6288,Iceberg D32,Sea and Lake Ice,2025-10-31 00:00:00+00:00,-34.42,-68.41,https://usicecenter.gov/pub/Iceberg_Tabular.csv,Sea and Lake Ice,disaster
EONET_6288,Iceberg D32,Sea and Lake Ice,2025-11-07 00:00:00+00:00,-35.47,-68.83,https://usicecenter.gov/pub/Iceberg_Tabular.csv,Sea and Lake Ice,disaster
EONET_6288,Iceberg D32,Sea and Lake Ice,2025-11-21 00:00:00+00:00,-37.95,-69.03,https://usicecenter.gov/pub/Iceberg_Tabular.csv,Sea and Lake Ice,disaster
EONET_6288,Iceberg D32,Sea and Lake Ice,2025-12-05 00:00:00+00:00,-39.6,-68.65,https://usicecenter.gov/pub/Iceberg_Tabular.csv,Sea and Lake Ice,disaster
EONET_6288,Iceberg D32,Sea and Lake Ice,2026-01-02 00:00:00+00:00,-41.1,-68.86,https://usicecenter.gov/pub/Iceberg_Tabular.csv,Sea and Lake Ice,disaster
EONET_6288,Iceberg D32,Sea and Lake Ice,2026-01-09 00:00:00+00:00,-42.29,-68.35,https://usicecenter.gov/pub/Iceberg_Tabular.csv,Sea and Lake Ice,disaster
EONET_6288,Iceberg D32,Sea and Lake Ice,2026-01-23 00:00:00+00:00,-43.21,-67.73,https://usicecenter.gov/pub/Iceberg_Tabular.csv,Sea and Lake Ice,disaster
EONET_6288,Iceberg D32,Sea and Lake Ice,2026-02-13 00:00:00+00:00,-44.33,-67.13,https://usicecenter.gov/pub/Iceberg_Tabular.csv,Sea and Lake Ice,disaster
EONET_6288,Iceberg D32,Sea and Lake Ice,2026-02-26 00:00:00+00:00,-45.65,-66.8,https://usicecenter.gov/pub/Iceberg_Tabular.csv,Sea and Lake Ice,disaster
EONET_6288,Iceberg D32,Sea and Lake Ice,2026-03-26 00:00:00+00:00,-46.3,-66.25,https://usicecenter.gov/pub/Iceberg_Tabular.csv,Sea and Lake Ice,disaster
EONET_6288,Iceberg D32,Sea and Lake Ice,2026-04-10 00:00:00+00:00,-47.66,-66.36,https://usicecenter.gov/pub/Iceberg_Tabular.csv,Sea and Lake Ice,disaster
EONET_6288,Iceberg D32,Sea and Lake Ice,2026-04-30 00:00:00+00:00,-46.48,-66.16,https://usicecenter.gov/pub/Iceberg_Tabular.csv,Sea and Lake Ice,disaster
EONET_6288,Iceberg D32,Sea and Lake Ice,2026-05-08 00:00:00+00:00,-47.34,-65.5,https://usicecenter.gov/pub/Iceberg_Tabular.csv,Sea and Lake Ice,disaster
EONET_6288,Iceberg D32,Sea and Lake Ice,2026-05-21 00:00:00+00:00,-47.22,-64.74,https://usicecenter.gov/pub/Iceberg_Tabular.csv,Sea and Lake Ice,disaster
EONET_6288,Iceberg D32,Sea and Lake Ice,2026-05-29 00:00:00+00:00,-46.87,-64.24,https://usicecenter.gov/pub/Iceberg_Tabular.csv,Sea and Lake Ice,disaster
EONET_6288,Iceberg D32,Sea and Lake Ice,2026-06-05 00:00:00+00:00,-45.99,-63.86,https://usicecenter.gov/pub/Iceberg_Tabular.csv,Sea and Lake Ice,disaster
EONET_6288,Iceberg D32,Sea and Lake Ice,2026-06-12 00:00:00+00:00,-44.2,-63.51,https://usicecenter.gov/pub/Iceberg_Tabular.csv,Sea and Lake Ice,disaster
EONET_6288,Iceberg D32,Sea and Lake Ice,2026-06-25 00:00:00+00:00,-43.03,-62.46,https://usicecenter.gov/pub/Iceberg_Tabular.csv,Sea and Lake Ice,disaster
EONET_6288,Iceberg D32,Sea and Lake Ice,2026-07-03 00:00:00+00:00,-41.25,-62.03,https://usicecenter.gov/pub/Iceberg_Tabular.csv,Sea and Lake Ice,disaster
EONET_6288,Iceberg D32,Sea and Lake Ice,2026-07-10 00:00:00+00:00,-39.44,-61.65,https://usicecenter.gov/pub/Iceberg_Tabular.csv,Sea and Lake Ice,disaster
EONET_6288,Iceberg D32,Sea and Lake Ice,2026-07-17 00:00:00+00:00,-39.28,-61.03,https://usicecenter.gov/pub/Iceberg_Tabular.csv,Sea and Lake Ice,disaster
EONET_6288,Iceberg D32,Sea and Lake Ice,2026-07-23 00:00:00+00:00,-38.6,-60.68,https://usicecenter.gov/pub/Iceberg_Tabular.csv,Sea and Lake Ice,disaster
EONET_6320,Iceberg A81,Sea and Lake Ice,2023-01-27 00:00:00+00:00,-27.16,-75.66,https://usicecenter.gov/pub/Iceberg_Tabular.csv,Sea and Lake Ice,disaster
EONET_6320,Iceberg A81,Sea and Lake Ice,2023-02-24 00:00:00+00:00,-28.83,-76.01,https://usicecenter.gov/pub/Iceberg_Tabular.csv,Sea and Lake Ice,disaster
EONET_6320,Iceberg A81,Sea and Lake Ice,2023-03-10 00:00:00+00:00,-30.79,-76.37,https://usicecenter.gov/pub/Iceberg_Tabular.csv,Sea and Lake Ice,disaster
EONET_6320,Iceberg A81,Sea and Lake Ice,2023-03-31 00:00:00+00:00,-33.68,-76.8,https://usicecenter.gov/pub/Iceberg_Tabular.csv,Sea and Lake Ice,disaster
EONET_6320,Iceberg A81,Sea and Lake Ice,2023-04-07 00:00:00+00:00,-34.92,-77.18,https://usicecenter.gov/pub/Iceberg_Tabular.csv,Sea and Lake Ice,disaster
EONET_6320,Iceberg A81,Sea and Lake Ice,2023-04-28 00:00:00+00:00,-36.06,-77.59,https://usicecenter.gov/pub/Iceberg_Tabular.csv,Sea and Lake Ice,disaster
EONET_6320,Iceberg A81,Sea and Lake Ice,2023-05-26 00:00:00+00:00,-38.53,-77.69,https://usicecenter.gov/pub/Iceberg_Tabular.csv,Sea and Lake Ice,disaster
EONET_6320,Iceberg A81,Sea and Lake Ice,2023-06-15 00:00:00+00:00,-40.51,-77.54,https://usicecenter.gov/pub/Iceberg_Tabular.csv,Sea and Lake Ice,disaster
EONET_6320,Iceberg A81,Sea and Lake Ice,2023-07-14 00:00:00+00:00,-42.95,-77.38,https://usicecenter.gov/pub/Iceberg_Tabular.csv,Sea and Lake Ice,disaster
EONET_6320,Iceberg A81,Sea and Lake Ice,2023-07-28 00:00:00+00:00,-39.22,-77.69,https://usicecenter.gov/pub/Iceberg_Tabular.csv,Sea and Lake Ice,disaster
EONET_6320,Iceberg A81,Sea and Lake Ice,2023-08-04 00:00:00+00:00,-44.49,-77.08,https://usicecenter.gov/pub/Iceberg_Tabular.csv,Sea and Lake Ice,disaster
EONET_6320,Iceberg A81,Sea and Lake Ice,2023-09-22 00:00:00+00:00,-45.63,-76.69,https://usicecenter.gov/pub/Iceberg_Tabular.csv,Sea and Lake Ice,disaster
EONET_6320,Iceberg A81,Sea and Lake Ice,2023-10-26 00:00:00+00:00,-48.51,-76.47,https://usicecenter.gov/pub/Iceberg_Tabular.csv,Sea and Lake Ice,disaster
EONET_6320,Iceberg A81,Sea and Lake Ice,2024-03-07 00:00:00+00:00,-47.68,-75.98,https://usicecenter.gov/pub/Iceberg_Tabular.csv,Sea and Lake Ice,disaster
EONET_6320,Iceberg A81,Sea and Lake Ice,2024-12-13 00:00:00+00:00,-57.72,-69.42,https://usicecenter.gov/pub/Iceberg_Tabular.csv,Sea and Lake Ice,disaster
EONET_6320,Iceberg A81,Sea and Lake Ice,2025-02-21 00:00:00+00:00,-58.91,-69.67,https://usicecenter.gov/pub/Iceberg_Tabular.csv,Sea and Lake Ice,disaster
EONET_6320,Iceberg A81,Sea and Lake Ice,2025-03-13 00:00:00+00:00,-58.84,-69.19,https://usicecenter.gov/pub/Iceberg_Tabular.csv,Sea and Lake Ice,disaster
EONET_6320,Iceberg A81,Sea and Lake Ice,2025-04-04 00:00:00+00:00,-58.84,-68.7,https://usicecenter.gov/pub/Iceberg_Tabular.csv,Sea and Lake Ice,disaster
EONET_6320,Iceberg A81,Sea and Lake Ice,2025-05-22 00:00:00+00:00,-58.15,-68.31,https://usicecenter.gov/pub/Iceberg_Tabular.csv,Sea and Lake Ice,disaster
EONET_6320,Iceberg A81,Sea and Lake Ice,2025-07-18 00:00:00+00:00,-58.19,-67.72,https://usicecenter.gov/pub/Iceberg_Tabular.csv,Sea and Lake Ice,disaster
EONET_6320,Iceberg A81,Sea and Lake Ice,2025-08-08 00:00:00+00:00,-58.02,-67.14,https://usicecenter.gov/pub/Iceberg_Tabular.csv,Sea and Lake Ice,disaster
EONET_6320,Iceberg A81,Sea and Lake Ice,2025-09-04 00:00:00+00:00,-58.34,-66.69,https://usicecenter.gov/pub/Iceberg_Tabular.csv,Sea and Lake Ice,disaster
EONET_6320,Iceberg A81,Sea and Lake Ice,2025-10-09 00:00:00+00:00,-58.33,-65.8,https://usicecenter.gov/pub/Iceberg_Tabular.csv,Sea and Lake Ice,disaster
EONET_6320,Iceberg A81,Sea and Lake Ice,2025-11-14 00:00:00+00:00,-57.93,-65.3,https://usicecenter.gov/pub/Iceberg_Tabular.csv,Sea and Lake Ice,disaster
EONET_6320,Iceberg A81,Sea and Lake Ice,2026-01-09 00:00:00+00:00,-58.32,-64.87,https://usicecenter.gov/pub/Iceberg_Tabular.csv,Sea and Lake Ice,disaster
EONET_6320,Iceberg A81,Sea and Lake Ice,2026-04-03 00:00:00+00:00,-57.15,-64.82,https://usicecenter.gov/pub/Iceberg_Tabular.csv,Sea and Lake Ice,disaster
EONET_6320,Iceberg A81,Sea and Lake Ice,2026-04-30 00:00:00+00:00,-55.34,-64.4,https://usicecenter.gov/pub/Iceberg_Tabular.csv,Sea and Lake Ice,disaster
EONET_6320,Iceberg A81,Sea and Lake Ice,2026-05-21 00:00:00+00:00,-54.54,-63.9,https://usicecenter.gov/pub/Iceberg_Tabular.csv,Sea and Lake Ice,disaster
EONET_6320,Iceberg A81,Sea and Lake Ice,2026-05-29 00:00:00+00:00,-53.69,-63.61,https://usicecenter.gov/pub/Iceberg_Tabular.csv,Sea and Lake Ice,disaster
EONET_6320,Iceberg A81,Sea and Lake Ice,2026-06-18 00:00:00+00:00,-53.58,-63.0,https://usicecenter.gov/pub/Iceberg_Tabular.csv,Sea and Lake Ice,disaster
EONET_6320,Iceberg A81,Sea and Lake Ice,2026-06-25 00:00:00+00:00,-54.2,-62.4,https://usicecenter.gov/pub/Iceberg_Tabular.csv,Sea and Lake Ice,disaster
EONET_6320,Iceberg A81,Sea and Lake Ice,2026-07-03 00:00:00+00:00,-53.25,-61.86,https://usicecenter.gov/pub/Iceberg_Tabular.csv,Sea and Lake Ice,disaster
EONET_6320,Iceberg A81,Sea and Lake Ice,2026-07-10 00:00:00+00:00,-52.3,-61.23,https://usicecenter.gov/pub/Iceberg_Tabular.csv,Sea and Lake Ice,disaster
EONET_6320,Iceberg A81,Sea and Lake Ice,2026-07-17 00:00:00+00:00,-53.39,-61.22,https://usicecenter.gov/pub/Iceberg_Tabular.csv,Sea and Lake Ice,disaster
EONET_6320,Iceberg A81,Sea and Lake Ice,2026-07-23 00:00:00+00:00,-52.82,-60.7,https://usicecenter.gov/pub/Iceberg_Tabular.csv,Sea and Lake Ice,disaster
EONET_6510,Iceberg D33C,Sea and Lake Ice,2024-04-19 00:00:00+00:00,-20.02,-75.52,https://usicecenter.gov/pub/Iceberg_Tabular.csv,Sea and Lake Ice,disaster
EONET_6510,Iceberg D33C,Sea and Lake Ice,2024-12-13 00:00:00+00:00,-53.96,-71.34,https://usicecenter.gov/pub/Iceberg_Tabular.csv,Sea and Lake Ice,disaster
EONET_6510,Iceberg D33C,Sea and Lake Ice,2025-01-10 00:00:00+00:00,-55.73,-70.63,https://usicecenter.gov/pub/Iceberg_Tabular.csv,Sea and Lake Ice,disaster
EONET_6510,Iceberg D33C,Sea and Lake Ice,2025-02-14 00:00:00+00:00,-57.47,-70.73,https://usicecenter.gov/pub/Iceberg_Tabular.csv,Sea and Lake Ice,disaster
EONET_6510,Iceberg D33C,Sea and Lake Ice,2025-03-27 00:00:00+00:00,-57.93,-70.13,https://usicecenter.gov/pub/Iceberg_Tabular.csv,Sea and Lake Ice,disaster
EONET_6510,Iceberg D33C,Sea and Lake Ice,2025-04-24 00:00:00+00:00,-58.36,-69.66,https://usicecenter.gov/pub/Iceberg_Tabular.csv,Sea and Lake Ice,disaster
EONET_6510,Iceberg D33C,Sea and Lake Ice,2025-07-04 00:00:00+00:00,-58.53,-69.18,https://usicecenter.gov/pub/Iceberg_Tabular.csv,Sea and Lake Ice,disaster
EONET_6510,Iceberg D33C,Sea and Lake Ice,2025-07-31 00:00:00+00:00,-58.31,-68.5,https://usicecenter.gov/pub/Iceberg_Tabular.csv,Sea and Lake Ice,disaster
EONET_6510,Iceberg D33C,Sea and Lake Ice,2025-08-21 00:00:00+00:00,-58.42,-67.9,https://usicecenter.gov/pub/Iceberg_Tabular.csv,Sea and Lake Ice,disaster
EONET_6510,Iceberg D33C,Sea and Lake Ice,2025-09-18 00:00:00+00:00,-58.3,-67.39,https://usicecenter.gov/pub/Iceberg_Tabular.csv,Sea and Lake Ice,disaster
EONET_6510,Iceberg D33C,Sea and Lake Ice,2025-10-16 00:00:00+00:00,-58.34,-66.61,https://usicecenter.gov/pub/Iceberg_Tabular.csv,Sea and Lake Ice,disaster
EONET_6510,Iceberg D33C,Sea and Lake Ice,2025-11-14 00:00:00+00:00,-58.17,-66.14,https://usicecenter.gov/pub/Iceberg_Tabular.csv,Sea and Lake Ice,disaster
EONET_6510,Iceberg D33C,Sea and Lake Ice,2026-04-17 00:00:00+00:00,-58.13,-65.63,https://usicecenter.gov/pub/Iceberg_Tabular.csv,Sea and Lake Ice,disaster
EONET_6510,Iceberg D33C,Sea and Lake Ice,2026-04-30 00:00:00+00:00,-57.72,-65.21,https://usicecenter.gov/pub/Iceberg_Tabular.csv,Sea and Lake Ice,disaster
EONET_6510,Iceberg D33C,Sea and Lake Ice,2026-05-21 00:00:00+00:00,-56.29,-64.84,https://usicecenter.gov/pub/Iceberg_Tabular.csv,Sea and Lake Ice,disaster
EONET_6510,Iceberg D33C,Sea and Lake Ice,2026-06-12 00:00:00+00:00,-54.73,-64.32,https://usicecenter.gov/pub/Iceberg_Tabular.csv,Sea and Lake Ice,disaster
EONET_6510,Iceberg D33C,Sea and Lake Ice,2026-06-25 00:00:00+00:00,-54.21,-63.63,https://usicecenter.gov/pub/Iceberg_Tabular.csv,Sea and Lake Ice,disaster
EONET_6510,Iceberg D33C,Sea and Lake Ice,2026-07-10 00:00:00+00:00,-53.2,-63.34,https://usicecenter.gov/pub/Iceberg_Tabular.csv,Sea and Lake Ice,disaster
EONET_6523,Iceberg A83,Sea and Lake Ice,2024-05-24 00:00:00+00:00,-25.55,-75.37,https://earthobservatory.nasa.gov/images/152848/antarctic-ice-shelf-spawns-iceberg-a-83,Sea and Lake Ice,disaster
EONET_6523,Iceberg A83,Sea and Lake Ice,2024-12-13 00:00:00+00:00,-28.6,-76.09,https://earthobservatory.nasa.gov/images/152848/antarctic-ice-shelf-spawns-iceberg-a-83,Sea and Lake Ice,disaster
EONET_6523,Iceberg A83,Sea and Lake Ice,2025-01-23 00:00:00+00:00,-30.23,-76.37,https://earthobservatory.nasa.gov/images/152848/antarctic-ice-shelf-spawns-iceberg-a-83,Sea and Lake Ice,disaster
EONET_6523,Iceberg A83,Sea and Lake Ice,2025-02-14 00:00:00+00:00,-33.21,-76.88,https://earthobservatory.nasa.gov/images/152848/antarctic-ice-shelf-spawns-iceberg-a-83,Sea and Lake Ice,disaster
EONET_6523,Iceberg A83,Sea and Lake Ice,2025-02-21 00:00:00+00:00,-34.86,-77.38,https://earthobservatory.nasa.gov/images/152848/antarctic-ice-shelf-spawns-iceberg-a-83,Sea and Lake Ice,disaster
EONET_6523,Iceberg A83,Sea and Lake Ice,2025-04-04 00:00:00+00:00,-38.7,-77.4,https://earthobservatory.nasa.gov/images/152848/antarctic-ice-shelf-spawns-iceberg-a-83,Sea and Lake Ice,disaster
EONET_6523,Iceberg A83,Sea and Lake Ice,2025-04-24 00:00:00+00:00,-40.37,-76.79,https://earthobservatory.nasa.gov/images/152848/antarctic-ice-shelf-spawns-iceberg-a-83,Sea and Lake Ice,disaster
EONET_6523,Iceberg A83,Sea and Lake Ice,2025-05-02 00:00:00+00:00,-41.65,-77.15,https://earthobservatory.nasa.gov/images/152848/antarctic-ice-shelf-spawns-iceberg-a-83,Sea and Lake Ice,disaster
EONET_6523,Iceberg A83,Sea and Lake Ice,2025-05-22 00:00:00+00:00,-42.16,-76.2,https://earthobservatory.nasa.gov/images/152848/antarctic-ice-shelf-spawns-iceberg-a-83,Sea and Lake Ice,disaster
EONET_6523,Iceberg A83,Sea and Lake Ice,2025-05-29 00:00:00+00:00,-41.21,-75.59,https://earthobservatory.nasa.gov/images/152848/antarctic-ice-shelf-spawns-iceberg-a-83,Sea and Lake Ice,disaster
EONET_6523,Iceberg A83,Sea and Lake Ice,2025-06-05 00:00:00+00:00,-40.74,-74.82,https://earthobservatory.nasa.gov/images/152848/antarctic-ice-shelf-spawns-iceberg-a-83,Sea and Lake Ice,disaster
EONET_6523,Iceberg A83,Sea and Lake Ice,2025-06-12 00:00:00+00:00,-40.94,-74.12,https://earthobservatory.nasa.gov/images/152848/antarctic-ice-shelf-spawns-iceberg-a-83,Sea and Lake Ice,disaster
EONET_6523,Iceberg A83,Sea and Lake Ice,2025-06-20 00:00:00+00:00,-41.21,-73.63,https://earthobservatory.nasa.gov/images/152848/antarctic-ice-shelf-spawns-iceberg-a-83,Sea and Lake Ice,disaster
EONET_6523,Iceberg A83,Sea and Lake Ice,2025-07-31 00:00:00+00:00,-43.33,-73.76,https://earthobservatory.nasa.gov/images/152848/antarctic-ice-shelf-spawns-iceberg-a-83,Sea and Lake Ice,disaster
EONET_6523,Iceberg A83,Sea and Lake Ice,2025-08-08 00:00:00+00:00,-43.92,-73.29,https://earthobservatory.nasa.gov/images/152848/antarctic-ice-shelf-spawns-iceberg-a-83,Sea and Lake Ice,disaster
EONET_6523,Iceberg A83,Sea and Lake Ice,2025-08-21 00:00:00+00:00,-45.89,-72.6,https://earthobservatory.nasa.gov/images/152848/antarctic-ice-shelf-spawns-iceberg-a-83,Sea and Lake Ice,disaster
EONET_6523,Iceberg A83,Sea and Lake Ice,2025-08-28 00:00:00+00:00,-45.93,-72.1,https://earthobservatory.nasa.gov/images/152848/antarctic-ice-shelf-spawns-iceberg-a-83,Sea and Lake Ice,disaster
EONET_6523,Iceberg A83,Sea and Lake Ice,2025-09-11 00:00:00+00:00,-46.02,-71.05,https://earthobservatory.nasa.gov/images/152848/antarctic-ice-shelf-spawns-iceberg-a-83,Sea and Lake Ice,disaster
EONET_6523,Iceberg A83,Sea and Lake Ice,2025-09-26 00:00:00+00:00,-46.21,-70.53,https://earthobservatory.nasa.gov/images/152848/antarctic-ice-shelf-spawns-iceberg-a-83,Sea and Lake Ice,disaster
EONET_6523,Iceberg A83,Sea and Lake Ice,2025-10-16 00:00:00+00:00,-48.39,-70.12,https://earthobservatory.nasa.gov/images/152848/antarctic-ice-shelf-spawns-iceberg-a-83,Sea and Lake Ice,disaster
EONET_6523,Iceberg A83,Sea and Lake Ice,2025-11-14 00:00:00+00:00,-50.1,-70.05,https://earthobservatory.nasa.gov/images/152848/antarctic-ice-shelf-spawns-iceberg-a-83,Sea and Lake Ice,disaster
EONET_6523,Iceberg A83,Sea and Lake Ice,2025-11-21 00:00:00+00:00,-50.78,-69.41,https://earthobservatory.nasa.gov/images/152848/antarctic-ice-shelf-spawns-iceberg-a-83,Sea and Lake Ice,disaster
EONET_6523,Iceberg A83,Sea and Lake Ice,2025-12-26 00:00:00+00:00,-51.5,-69.85,https://earthobservatory.nasa.gov/images/152848/antarctic-ice-shelf-spawns-iceberg-a-83,Sea and Lake Ice,disaster
EONET_6523,Iceberg A83,Sea and Lake Ice,2026-01-09 00:00:00+00:00,-52.2,-69.19,https://earthobservatory.nasa.gov/images/152848/antarctic-ice-shelf-spawns-iceberg-a-83,Sea and Lake Ice,disaster
EONET_6523,Iceberg A83,Sea and Lake Ice,2026-02-06 00:00:00+00:00,-51.87,-68.55,https://earthobservatory.nasa.gov/images/152848/antarctic-ice-shelf-spawns-iceberg-a-83,Sea and Lake Ice,disaster
EONET_6523,Iceberg A83,Sea and Lake Ice,2026-02-13 00:00:00+00:00,-52.31,-68.11,https://earthobservatory.nasa.gov/images/152848/antarctic-ice-shelf-spawns-iceberg-a-83,Sea and Lake Ice,disaster
EONET_6523,Iceberg A83,Sea and Lake Ice,2026-03-13 00:00:00+00:00,-52.08,-67.48,https://earthobservatory.nasa.gov/images/152848/antarctic-ice-shelf-spawns-iceberg-a-83,Sea and Lake Ice,disaster
EONET_6523,Iceberg A83,Sea and Lake Ice,2026-04-17 00:00:00+00:00,-53.11,-67.13,https://earthobservatory.nasa.gov/images/152848/antarctic-ice-shelf-spawns-iceberg-a-83,Sea and Lake Ice,disaster
EONET_6523,Iceberg A83,Sea and Lake Ice,2026-04-30 00:00:00+00:00,-53.18,-66.53,https://earthobservatory.nasa.gov/images/152848/antarctic-ice-shelf-spawns-iceberg-a-83,Sea and Lake Ice,disaster
EONET_6523,Iceberg A83,Sea and Lake Ice,2026-05-08 00:00:00+00:00,-53.35,-65.97,https://earthobservatory.nasa.gov/images/152848/antarctic-ice-shelf-spawns-iceberg-a-83,Sea and Lake Ice,disaster
EONET_6523,Iceberg A83,Sea and Lake Ice,2026-05-21 00:00:00+00:00,-53.69,-65.1,https://earthobservatory.nasa.gov/images/152848/antarctic-ice-shelf-spawns-iceberg-a-83,Sea and Lake Ice,disaster
EONET_6523,Iceberg A83,Sea and Lake Ice,2026-06-05 00:00:00+00:00,-53.92,-64.46,https://earthobservatory.nasa.gov/images/152848/antarctic-ice-shelf-spawns-iceberg-a-83,Sea and Lake Ice,disaster
EONET_6523,Iceberg A83,Sea and Lake Ice,2026-06-12 00:00:00+00:00,-53.03,-64.2,https://earthobservatory.nasa.gov/images/152848/antarctic-ice-shelf-spawns-iceberg-a-83,Sea and Lake Ice,disaster
EONET_6523,Iceberg A83,Sea and Lake Ice,2026-06-25 00:00:00+00:00,-52.58,-63.77,https://earthobservatory.nasa.gov/images/152848/antarctic-ice-shelf-spawns-iceberg-a-83,Sea and Lake Ice,disaster
EONET_6523,Iceberg A83,Sea and Lake Ice,2026-07-03 00:00:00+00:00,-51.39,-63.54,https://earthobservatory.nasa.gov/images/152848/antarctic-ice-shelf-spawns-iceberg-a-83,Sea and Lake Ice,disaster
EONET_6523,Iceberg A83,Sea and Lake Ice,2026-07-10 00:00:00+00:00,-50.29,-63.01,https://earthobservatory.nasa.gov/images/152848/antarctic-ice-shelf-spawns-iceberg-a-83,Sea and Lake Ice,disaster
EONET_6523,Iceberg A83,Sea and Lake Ice,2026-07-17 00:00:00+00:00,-50.85,-62.63,https://earthobservatory.nasa.gov/images/152848/antarctic-ice-shelf-spawns-iceberg-a-83,Sea and Lake Ice,disaster
EONET_14284,Iceberg B22H,Sea and Lake Ice,2025-07-11 12:00:00+00:00,-168.78,-73.71,https://usicecenter.gov/pub/Iceberg_Tabular.csv,Sea and Lake Ice,disaster
EONET_14284,Iceberg B22H,Sea and Lake Ice,2025-07-31 00:00:00+00:00,-169.13,-73.22,https://usicecenter.gov/pub/Iceberg_Tabular.csv,Sea and Lake Ice,disaster
EONET_14284,Iceberg B22H,Sea and Lake Ice,2025-08-21 00:00:00+00:00,-170.77,-72.46,https://usicecenter.gov/pub/Iceberg_Tabular.csv,Sea and Lake Ice,disaster
EONET_14284,Iceberg B22H,Sea and Lake Ice,2025-09-04 00:00:00+00:00,-172.24,-72.05,https://usicecenter.gov/pub/Iceberg_Tabular.csv,Sea and Lake Ice,disaster
EONET_14284,Iceberg B22H,Sea and Lake Ice,2025-09-18 00:00:00+00:00,-173.86,-71.78,https://usicecenter.gov/pub/Iceberg_Tabular.csv,Sea and Lake Ice,disaster
EONET_14284,Iceberg B22H,Sea and Lake Ice,2025-10-09 00:00:00+00:00,-175.09,-71.46,https://usicecenter.gov/pub/Iceberg_Tabular.csv,Sea and Lake Ice,disaster
EONET_14284,Iceberg B22H,Sea and Lake Ice,2025-10-23 00:00:00+00:00,-176.33,-71.23,https://usicecenter.gov/pub/Iceberg_Tabular.csv,Sea and Lake Ice,disaster
EONET_14284,Iceberg B22H,Sea and Lake Ice,2025-11-28 00:00:00+00:00,-178.04,-71.04,https://usicecenter.gov/pub/Iceberg_Tabular.csv,Sea and Lake Ice,disaster
EONET_14284,Iceberg B22H,Sea and Lake Ice,2026-01-02 00:00:00+00:00,-178.98,-71.47,https://usicecenter.gov/pub/Iceberg_Tabular.csv,Sea and Lake Ice,disaster
EONET_14284,Iceberg B22H,Sea and Lake Ice,2026-03-06 00:00:00+00:00,-178.51,-71.91,https://usicecenter.gov/pub/Iceberg_Tabular.csv,Sea and Lake Ice,disaster
EONET_14284,Iceberg B22H,Sea and Lake Ice,2026-03-20 00:00:00+00:00,-179.77,-72.28,https://usicecenter.gov/pub/Iceberg_Tabular.csv,Sea and Lake Ice,disaster
EONET_14284,Iceberg B22H,Sea and Lake Ice,2026-04-10 00:00:00+00:00,178.02,-72.46,https://usicecenter.gov/pub/Iceberg_Tabular.csv,Sea and Lake Ice,disaster
EONET_14284,Iceberg B22H,Sea and Lake Ice,2026-04-24 00:00:00+00:00,176.25,-72.13,https://usicecenter.gov/pub/Iceberg_Tabular.csv,Sea and Lake Ice,disaster
EONET_14284,Iceberg B22H,Sea and Lake Ice,2026-04-30 00:00:00+00:00,174.5,-71.85,https://usicecenter.gov/pub/Iceberg_Tabular.csv,Sea and Lake Ice,disaster
EONET_14284,Iceberg B22H,Sea and Lake Ice,2026-05-08 00:00:00+00:00,171.94,-71.42,https://usicecenter.gov/pub/Iceberg_Tabular.csv,Sea and Lake Ice,disaster
EONET_14284,Iceberg B22H,Sea and Lake Ice,2026-05-15 00:00:00+00:00,169.5,-70.62,https://usicecenter.gov/pub/Iceberg_Tabular.csv,Sea and Lake Ice,disaster
EONET_14284,Iceberg B22H,Sea and Lake Ice,2026-05-21 00:00:00+00:00,167.53,-70.24,https://usicecenter.gov/pub/Iceberg_Tabular.csv,Sea and Lake Ice,disaster
EONET_14284,Iceberg B22H,Sea and Lake Ice,2026-06-05 00:00:00+00:00,165.49,-69.93,https://usicecenter.gov/pub/Iceberg_Tabular.csv,Sea and Lake Ice,disaster
EONET_14284,Iceberg B22H,Sea and Lake Ice,2026-06-12 00:00:00+00:00,164.3,-70.23,https://usicecenter.gov/pub/Iceberg_Tabular.csv,Sea and Lake Ice,disaster
EONET_19949,Wildfire in Russian Federation 1028574,Wildfires,2026-04-29 19:00:00+00:00,134.3056389564326,48.41394139080057,https://www.gdacs.org/report.aspx?eventtype=WF&eventid=1028574,Wildfires,disaster
EONET_19954,Wildfire in Russian Federation 1028580,Wildfires,2026-04-29 19:00:00+00:00,131.64045697436202,44.88201485248318,https://www.gdacs.org/report.aspx?eventtype=WF&eventid=1028580,Wildfires,disaster
EONET_19957,Wildfire in Australia 1028583,Wildfires,2026-04-29 19:00:00+00:00,124.56184216577188,-17.290229986047045,https://www.gdacs.org/report.aspx?eventtype=WF&eventid=1028583,Wildfires,disaster
EONET_19966,Wildfire in Ethiopia 1028584,Wildfires,2026-04-29 19:00:00+00:00,33.60600783302213,8.026360137605812,https://www.gdacs.org/report.aspx?eventtype=WF&eventid=1028584,Wildfires,disaster
EONET_19967,Wildfire in Australia 1028586,Wildfires,2026-04-29 19:00:00+00:00,124.98610860231332,-17.19112218358584,https://www.gdacs.org/report.aspx?eventtype=WF&eventid=1028586,Wildfires,disaster
EONET_19984,Wildfire in Australia 1028595,Wildfires,2026-04-29 19:00:00+00:00,124.2605012283858,-17.165702696746084,https://www.gdacs.org/report.aspx?eventtype=WF&eventid=1028595,Wildfires,disaster
EONET_19936,"Crow Creek Wildfire, Colfax, New Mexico",Wildfires,2026-04-29 17:05:00+00:00,-104.58001,36.64531,https://irwin.doi.gov/observer/incidents/35f3e84d-944f-40d9-ad29-93119c8d76e8,Wildfires,disaster
EONET_19941,"rx-Millville Oak Woodlands SNA South Prescribed Fire, Grant, Wisconsin",Wildfires,2026-04-29 12:13:00+00:00,-90.929398,43.039137,https://irwin.doi.gov/observer/incidents/b7ddf397-5498-4cc6-a149-4025df6250dd,Wildfires,disaster
EONET_20265,"LaCreek NWR Pool RX Prescribed Fire, Bennett, South Dakota",Wildfires,2026-04-29 12:01:00+00:00,-101.533,43.142,https://irwin.doi.gov/observer/incidents/c6673dba-73bc-43fb-bb73-29c2c833b4a1,Wildfires,disaster
EONET_19976,"Ogden Bay RX Prescribed Fire, Weber, Utah",Wildfires,2026-04-29 09:51:00+00:00,-112.16423,41.204062,https://irwin.doi.gov/observer/incidents/bba3b43d-3d80-4352-8eab-82bee0264614,Wildfires,disaster
EONET_19942,"Rx Parker 3877 Prescribed Fire, Parker, Texas",Wildfires,2026-04-29 09:10:00+00:00,-98.04277778,32.85722222,https://irwin.doi.gov/observer/incidents/e1d74cce-a01c-495c-bc7c-88480c4babd2,Wildfires,disaster
EONET_19940,"Sparks Wildfire, Quay, New Mexico",Wildfires,2026-04-28 20:06:00+00:00,-104.055975,34.846208,https://irwin.doi.gov/observer/incidents/92a5fa4c-e9ae-4372-9e1b-2f7732b1c785,Wildfires,disaster
EONET_19943,Flood in India 1103858,Floods,2026-04-28 20:00:00+00:00,77.6046868,12.983343,https://www.gdacs.org/report.aspx?eventtype=FL&eventid=1103858,Floods,disaster
EONET_19928,Wildfire in Russian Federation 1028569,Wildfires,2026-04-28 19:00:00+00:00,130.09666606111776,49.21485692805561,https://www.gdacs.org/report.aspx?eventtype=WF&eventid=1028569,Wildfires,disaster
EONET_19929,Wildfire in Brazil 1028570,Wildfires,2026-04-28 19:00:00+00:00,-53.03536535748598,-18.0709473694646,https://www.gdacs.org/report.aspx?eventtype=WF&eventid=1028570,Wildfires,disaster
EONET_19950,Wildfire in Russian Federation 1028575,Wildfires,2026-04-28 19:00:00+00:00,130.32793102278194,49.2755929864765,https://www.gdacs.org/report.aspx?eventtype=WF&eventid=1028575,Wildfires,disaster
EONET_19951,Wildfire in Australia 1028576,Wildfires,2026-04-28 19:00:00+00:00,151.11734162201452,-23.62391603687632,https://www.gdacs.org/report.aspx?eventtype=WF&eventid=1028576,Wildfires,disaster
EONET_19939,"SHADY GROVE Wildfire, Russell, Alabama",Wildfires,2026-04-28 17:35:00+00:00,-85.3177778,32.2958333,https://irwin.doi.gov/observer/incidents/91d433f7-b2e5-41db-9e27-f15733e84abe,Wildfires,disaster
EONET_19926,Flood in Bangladesh 1103853,Floods,2026-04-27 20:00:00+00:00,91.7630179,24.4880817,https://www.gdacs.org/report.aspx?eventtype=FL&eventid=1103853,Floods,disaster
EONET_19927,Flood in Peru 1103854,Floods,2026-04-27 20:00:00+00:00,-74.7975616,-6.4287985,https://www.gdacs.org/report.aspx?eventtype=FL&eventid=1103854,Floods,disaster
EONET_19944,Flood in Spain 1103855,Floods,2026-04-27 20:00:00+00:00,-8.7537606,42.51333,https://www.gdacs.org/report.aspx?eventtype=FL&eventid=1103855,Floods,disaster
EONET_19945,Flood in Kyrgyzstan 1103857,Floods,2026-04-27 20:00:00+00:00,72.9119207,40.896861,https://www.gdacs.org/report.aspx?eventtype=FL&eventid=1103857,Floods,disaster
EONET_19952,Wildfire in Russian Federation 1028573,Wildfires,2026-04-27 19:00:00+00:00,74.91691881722448,55.845705618444505,https://www.gdacs.org/report.aspx?eventtype=WF&eventid=1028573,Wildfires,disaster
EONET_20001,Wildfire in Mexico 1028602,Wildfires,2026-04-27 19:00:00+00:00,-104.31556981596007,21.562194698483424,https://www.gdacs.org/report.aspx?eventtype=WF&eventid=1028602,Wildfires,disaster
EONET_19937,"HWY 41 Wildfire, Miami-Dade, Florida",Wildfires,2026-04-27 18:50:00+00:00,-80.55105,25.7609,https://irwin.doi.gov/observer/incidents/23403af4-c827-4f95-a8e5-6d92ae5bbd4e,Wildfires,disaster
