data_type,lat,lon,event_date,details
disaster,-12.986975916335,131.87557092151,2026-07-23 19:00:00+00:00,Wildfire in Australia 1029735 (Wildfires)
disaster,-17.410460118973,-59.529968558131,2026-07-23 19:00:00+00:00,Wildfire in Bolivia 1029736 (Wildfires)
disaster,-21.704353165514,126.91745554314,2026-07-23 19:00:00+00:00,Wildfire in Australia 1029737 (Wildfires)
disaster,-23.396450306431,24.165918096977,2026-07-23 19:00:00+00:00,Wildfire in Botswana 1029681 (Wildfires)
disaster,18.1,125.0,2026-07-23 18:00:00+00:00,Typhoon Noul (Severe Storms)
disaster,18.4,123.6,2026-07-24 00:00:00+00:00,Typhoon Noul (Severe Storms)
disaster,18.9,121.8,2026-07-24 06:00:00+00:00,Typhoon Noul (Severe Storms)
disaster,19.7,120.4,2026-07-24 12:00:00+00:00,Typhoon Noul (Severe Storms)
disaster,20.0,119.3,2026-07-24 18:00:00+00:00,Typhoon Noul (Severe Storms)
disaster,20.8,118.3,2026-07-25 00:00:00+00:00,Typhoon Noul (Severe Storms)
disaster,21.3,116.6,2026-07-25 06:00:00+00:00,Typhoon Noul (Severe Storms)
disaster,21.8,115.9,2026-07-25 12:00:00+00:00,Typhoon Noul (Severe Storms)
disaster,22.4,115.1,2026-07-25 18:00:00+00:00,Typhoon Noul (Severe Storms)
disaster,44.796442,-121.014327,2026-07-23 11:55:00+00:00,"Wildfire 0579 TEN MILE, Jefferson, Oregon (Wildfires)"
disaster,46.839052,-119.939349,2026-07-23 10:05:00+00:00,"Wildfire RAILROAD, Grant, Washington (Wildfires)"
disaster,33.46780108,-100.0410599,2026-07-22 19:04:00+00:00,"Wildfire Gypsum Creek, King, Texas (Wildfires)"
disaster,29.880643,-93.42765,2026-07-22 19:02:00+00:00,"Wildfire West Blue Crab, Cameron, Louisiana (Wildfires)"
disaster,-21.480251727498,126.6599721421,2026-07-22 19:00:00+00:00,Wildfire in Australia 1029639 (Wildfires)
disaster,-11.929846977494,-50.384826637616,2026-07-22 19:00:00+00:00,Wildfire in Brazil 1029674 (Wildfires)
disaster,-6.0579308558385,19.773482330466,2026-07-22 19:00:00+00:00,Wildfire in The Democratic Republic of Congo 1029640 (Wildfires)
disaster,-8.4540013369704,20.32721228615,2026-07-22 19:00:00+00:00,Wildfire in Angola 1029684 (Wildfires)
disaster,-14.329728172755,22.521471305633,2026-07-22 19:00:00+00:00,Wildfire in Zambia 1029685 (Wildfires)
disaster,-7.1876068557347,33.925280521105,2026-07-22 19:00:00+00:00,Wildfire in Tanzania 1029688 (Wildfires)
disaster,-20.635515605509,15.553070709715,2026-07-22 19:00:00+00:00,Wildfire in Namibia 1029682 (Wildfires)
disaster,-23.649072787959,24.188426314494,2026-07-22 19:00:00+00:00,Wildfire in Botswana 1029683 (Wildfires)
disaster,40.355094848904,-4.3100960323957,2026-07-22 19:00:00+00:00,Wildfire in Spain 1029686 (Wildfires)
disaster,-8.4171503967573,19.949923738574,2026-07-22 19:00:00+00:00,Wildfire in Angola 1029687 (Wildfires)
disaster,-17.670209030895,138.4811340954,2026-07-22 19:00:00+00:00,Wildfire in Australia 1029713 (Wildfires)
disaster,68.552924512419,155.62338147758,2026-07-22 19:00:00+00:00,Wildfire in Russian Federation 1029714 (Wildfires)
disaster,-18.477586846182,130.63536373708,2026-07-22 19:00:00+00:00,Wildfire in Australia 1029715 (Wildfires)
disaster,-16.262555593823,135.38399980975,2026-07-22 19:00:00+00:00,Wildfire in Australia 1029716 (Wildfires)
disaster,-14.871610089208,144.80619855809,2026-07-22 19:00:00+00:00,Wildfire in Australia 1029738 (Wildfires)
disaster,44.400917658033,-1.124338578813,2026-07-22 19:00:00+00:00,Wildfire in France 1029730 (Wildfires)
disaster,44.334159,-117.561983,2026-07-21 21:41:00+00:00,"Incident Complex COW CAMP COMPLEX, Malheur, Oregon (Wildfires)"
disaster,44.352583,-117.555283,2026-07-21 20:57:00+00:00,"Wildfire 188, Malheur, Oregon (Wildfires)"
disaster,40.33875,-116.494367,2026-07-21 20:36:00+00:00,"Wildfire Little Cottonwood, Eureka, Nevada (Wildfires)"
disaster,-13.081548416514,136.43887685066,2026-07-21 19:00:00+00:00,Wildfire in Australia 1029513 (Wildfires)
disaster,44.854191800386,-1.0874298413953,2026-07-21 19:00:00+00:00,Wildfire in France 1029628 (Wildfires)
disaster,-11.781185002874,-50.328240209257,2026-07-21 19:00:00+00:00,Wildfire in Brazil 1029641 (Wildfires)
disaster,36.399218038114,6.8157239353699,2026-07-21 19:00:00+00:00,Wildfire in Algeria 1029645 (Wildfires)
disaster,-2.1455478520845,14.285765822008,2026-07-21 19:00:00+00:00,"Wildfire in Congo, Gabon 1029642 (Wildfires)"
disaster,40.38158502666,-4.6513203869438,2026-07-21 19:00:00+00:00,Wildfire in Spain 1029643 (Wildfires)
disaster,36.258522048155,8.4060701225206,2026-07-21 19:00:00+00:00,Wildfire in Tunisia 1029644 (Wildfires)
disaster,-10.08686760936,20.217546048279,2026-07-21 19:00:00+00:00,Wildfire in Angola 1029689 (Wildfires)
disaster,-10.186231178185,16.444190550342,2026-07-21 19:00:00+00:00,Wildfire in Angola 1029717 (Wildfires)
disaster,-12.909741627137,134.86192396914,2026-07-21 19:00:00+00:00,Wildfire in Australia 1029739 (Wildfires)
disaster,-18.559113532637,130.79198032033,2026-07-21 19:00:00+00:00,Wildfire in Australia 1029740 (Wildfires)
disaster,44.354133,-117.521417,2026-07-21 18:57:00+00:00,"Wildfire COW, Malheur, Oregon (Wildfires)"
disaster,40.422217,-107.747133,2026-07-21 18:39:00+00:00,"Wildfire Fuhr Gulch, Moffat, Colorado (Wildfires)"
disaster,46.28964,-107.48896,2026-07-21 18:04:00+00:00,"Wildfire 716 Complex 2, Treasure, Montana (Wildfires)"
disaster,37.602408,-121.846737,2026-07-21 17:43:00+00:00,"Wildfire LITTLE, Alameda, California (Wildfires)"
disaster,40.220533,-108.178133,2026-07-21 14:14:00+00:00,"Wildfire Keystone, Rio Blanco, Colorado (Wildfires)"
disaster,28.5,-86.0,2026-07-21 00:00:00+00:00,Tropical Storm Bertha (Severe Storms)
disaster,28.2,-85.9,2026-07-21 03:00:00+00:00,Tropical Storm Bertha (Severe Storms)
disaster,28.7,-86.4,2026-07-21 09:00:00+00:00,Tropical Storm Bertha (Severe Storms)
disaster,29.3,-86.3,2026-07-21 15:00:00+00:00,Tropical Storm Bertha (Severe Storms)
disaster,29.4,-87.2,2026-07-21 21:00:00+00:00,Tropical Storm Bertha (Severe Storms)
disaster,29.4,-87.7,2026-07-22 03:00:00+00:00,Tropical Storm Bertha (Severe Storms)
disaster,29.4,-88.3,2026-07-22 09:00:00+00:00,Tropical Storm Bertha (Severe Storms)
disaster,29.8,-88.6,2026-07-22 15:00:00+00:00,Tropical Storm Bertha (Severe Storms)
disaster,29.8,-89.8,2026-07-22 21:00:00+00:00,Tropical Storm Bertha (Severe Storms)
disaster,29.4,-91.1,2026-07-23 03:00:00+00:00,Tropical Storm Bertha (Severe Storms)
disaster,29.0,-92.2,2026-07-23 09:00:00+00:00,Tropical Storm Bertha (Severe Storms)
disaster,29.6,-93.2,2026-07-23 15:00:00+00:00,Tropical Storm Bertha (Severe Storms)
disaster,29.8,-94.7,2026-07-23 21:00:00+00:00,Tropical Storm Bertha (Severe Storms)
disaster,30.0,-96.0,2026-07-24 03:00:00+00:00,Tropical Storm Bertha (Severe Storms)
disaster,36.916815,-118.241189,2026-07-20 19:34:00+00:00,"Wildfire ROCK, Inyo, California (Wildfires)"
disaster,-7.6138408187919,25.180342117202,2026-07-20 19:00:00+00:00,Wildfire in The Democratic Republic of Congo 1029602 (Wildfires)
disaster,65.462291391112,-123.63642057151,2026-07-20 19:00:00+00:00,Wildfire in Canada 1029603 (Wildfires)
disaster,34.630531205298,-1.4525255850291,2026-07-20 19:00:00+00:00,Wildfire in Algeria 1029618 (Wildfires)
disaster,-13.116043848273,141.73429641222,2026-07-20 19:00:00+00:00,Wildfire in Australia 1029630 (Wildfires)
disaster,48.170759103076,-119.25329065534,2026-07-20 19:00:00+00:00,Wildfire in United States 1029647 (Wildfires)
disaster,-12.651264337744,21.703247509726,2026-07-20 19:00:00+00:00,Wildfire in Angola 1029648 (Wildfires)
disaster,-9.8210181053961,21.964185211892,2026-07-20 19:00:00+00:00,"Wildfire in Angola, The Democratic Republic of Congo 1029646 (Wildfires)"
disaster,36.276960015533,8.5339704792539,2026-07-20 19:00:00+00:00,Wildfire in Tunisia 1029649 (Wildfires)
disaster,51.06205150927,-122.81896674566,2026-07-20 19:00:00+00:00,Wildfire in Canada 1029650 (Wildfires)
disaster,-8.4744352304066,30.047106875342,2026-07-20 19:00:00+00:00,Wildfire in Zambia 1029651 (Wildfires)
disaster,-8.988722533463,22.50080552589,2026-07-20 19:00:00+00:00,Wildfire in The Democratic Republic of Congo 1029677 (Wildfires)
disaster,-25.16211992221,149.94342825023,2026-07-20 19:00:00+00:00,Wildfire in Australia 1029678 (Wildfires)
disaster,-9.217615151219,18.961540029482,2026-07-20 19:00:00+00:00,Wildfire in Angola 1029692 (Wildfires)
disaster,-15.131595558832,21.8178702016,2026-07-20 19:00:00+00:00,Wildfire in Angola 1029693 (Wildfires)
disaster,-2.2420811015138,35.243872278667,2026-07-20 19:00:00+00:00,Wildfire in Tanzania 1029694 (Wildfires)
disaster,-14.365728772772,22.346438135182,2026-07-20 19:00:00+00:00,Wildfire in Zambia 1029695 (Wildfires)
disaster,-9.176763504877,19.957559549584,2026-07-20 19:00:00+00:00,Wildfire in Angola 1029731 (Wildfires)
disaster,-10.114057568069,15.303596764664,2026-07-20 19:00:00+00:00,Wildfire in Angola 1029718 (Wildfires)
disaster,-13.594640999169,133.63401263875,2026-07-20 19:00:00+00:00,Wildfire in Australia 1029719 (Wildfires)
disaster,43.525505344835,6.0950796181028,2026-07-20 19:00:00+00:00,Wildfire in France 1029690 (Wildfires)
disaster,-10.076952426464,17.277443952049,2026-07-20 19:00:00+00:00,Wildfire in Angola 1029691 (Wildfires)
disaster,40.681667,-107.671833,2026-07-19 21:36:00+00:00,"Wildfire Big Gulch, Moffat, Colorado (Wildfires)"
disaster,-8.7361621878621,24.598765796499,2026-07-19 19:00:00+00:00,Wildfire in The Democratic Republic of Congo 1029514 (Wildfires)
disaster,46.169160271516,80.535281016072,2026-07-19 19:00:00+00:00,Wildfire in Kazakhstan 1029515 (Wildfires)
disaster,-10.710160976875,-50.337455570201,2026-07-19 19:00:00+00:00,Wildfire in Brazil 1029516 (Wildfires)
disaster,-17.653829119552,138.65175212858,2026-07-19 19:00:00+00:00,Wildfire in Australia 1029517 (Wildfires)
disaster,-13.118041681163,135.73285376715,2026-07-19 19:00:00+00:00,Wildfire in Australia 1029518 (Wildfires)
disaster,-10.583055714637,22.247110772701,2026-07-19 19:00:00+00:00,"Wildfire in Angola, The Democratic Republic of Congo 1029604 (Wildfires)"
disaster,-6.689371525434,18.081626569367,2026-07-19 19:00:00+00:00,Wildfire in The Democratic Republic of Congo 1029605 (Wildfires)
disaster,-14.494538407089,22.385225867268,2026-07-19 19:00:00+00:00,Wildfire in Zambia 1029619 (Wildfires)
disaster,44.388664573418,-121.51377883157,2026-07-19 19:00:00+00:00,Wildfire in United States 1029631 (Wildfires)
disaster,34.524969810843,-1.565768571381,2026-07-19 19:00:00+00:00,Wildfire in Algeria 1029606 (Wildfires)
disaster,-9.0339217572814,22.024570170219,2026-07-19 19:00:00+00:00,Wildfire in The Democratic Republic of Congo 1029629 (Wildfires)
disaster,-3.501910929777,23.324666030607,2026-07-19 19:00:00+00:00,Wildfire in The Democratic Republic of Congo 1029652 (Wildfires)
disaster,-17.33771707494,21.317243985833,2026-07-19 19:00:00+00:00,Wildfire in Angola 1029653 (Wildfires)
disaster,-8.5858786002091,19.06015172975,2026-07-19 19:00:00+00:00,Wildfire in Angola 1029654 (Wildfires)
disaster,-3.5560109551315,23.264017872206,2026-07-19 19:00:00+00:00,Wildfire in The Democratic Republic of Congo 1029655 (Wildfires)
disaster,-2.3175596111442,23.382739012217,2026-07-19 19:00:00+00:00,Wildfire in The Democratic Republic of Congo 1029696 (Wildfires)
disaster,66.324986445329,-117.32236816549,2026-07-19 19:00:00+00:00,Wildfire in Canada 1029697 (Wildfires)
disaster,-4.0010180215656,23.182562043011,2026-07-19 19:00:00+00:00,Wildfire in The Democratic Republic of Congo 1029698 (Wildfires)
disaster,-3.9141240715934,23.934322763445,2026-07-19 19:00:00+00:00,Wildfire in The Democratic Republic of Congo 1029699 (Wildfires)
disaster,-10.272861776007,16.705234409322,2026-07-19 19:00:00+00:00,Wildfire in Angola 1029720 (Wildfires)
disaster,-17.011471104096,122.57129586851,2026-07-19 19:00:00+00:00,Wildfire in Australia 1029721 (Wildfires)
disaster,-10.425023568044,15.253324251937,2026-07-19 19:00:00+00:00,Wildfire in Angola 1029732 (Wildfires)
disaster,-12.824521767765,134.15636375571,2026-07-19 19:00:00+00:00,Wildfire in Australia 1029741 (Wildfires)
disaster,-14.44903718491,133.39846676465,2026-07-19 19:00:00+00:00,Wildfire in Australia 1029742 (Wildfires)
disaster,12.2,-112.1,2026-07-19 18:00:00+00:00,Hurricane Fausto (Severe Storms)
disaster,12.5,-113.6,2026-07-20 00:00:00+00:00,Hurricane Fausto (Severe Storms)
disaster,12.7,-115.2,2026-07-20 06:00:00+00:00,Hurricane Fausto (Severe Storms)
disaster,13.2,-116.0,2026-07-20 12:00:00+00:00,Hurricane Fausto (Severe Storms)
disaster,14.0,-116.6,2026-07-20 18:00:00+00:00,Hurricane Fausto (Severe Storms)
disaster,14.4,-117.0,2026-07-21 00:00:00+00:00,Hurricane Fausto (Severe Storms)
disaster,15.1,-117.6,2026-07-21 06:00:00+00:00,Hurricane Fausto (Severe Storms)
disaster,16.0,-118.4,2026-07-21 12:00:00+00:00,Hurricane Fausto (Severe Storms)
disaster,16.5,-119.5,2026-07-21 18:00:00+00:00,Hurricane Fausto (Severe Storms)
disaster,16.5,-120.0,2026-07-22 00:00:00+00:00,Hurricane Fausto (Severe Storms)
disaster,16.6,-120.4,2026-07-22 06:00:00+00:00,Hurricane Fausto (Severe Storms)
disaster,16.9,-121.0,2026-07-22 12:00:00+00:00,Hurricane Fausto (Severe Storms)
disaster,17.1,-121.5,2026-07-22 18:00:00+00:00,Hurricane Fausto (Severe Storms)
disaster,17.4,-122.4,2026-07-23 00:00:00+00:00,Hurricane Fausto (Severe Storms)
disaster,17.7,-123.5,2026-07-23 06:00:00+00:00,Hurricane Fausto (Severe Storms)
disaster,17.8,-124.8,2026-07-23 12:00:00+00:00,Hurricane Fausto (Severe Storms)
disaster,18.1,-126.2,2026-07-23 18:00:00+00:00,Hurricane Fausto (Severe Storms)
disaster,18.2,-127.7,2026-07-24 00:00:00+00:00,Hurricane Fausto (Severe Storms)
disaster,18.5,-129.2,2026-07-24 06:00:00+00:00,Hurricane Fausto (Severe Storms)
disaster,18.5,-130.6,2026-07-24 12:00:00+00:00,Hurricane Fausto (Severe Storms)
disaster,18.6,-132.0,2026-07-24 18:00:00+00:00,Hurricane Fausto (Severe Storms)
disaster,18.6,-133.3,2026-07-25 00:00:00+00:00,Hurricane Fausto (Severe Storms)
disaster,18.7,-134.5,2026-07-25 06:00:00+00:00,Hurricane Fausto (Severe Storms)
disaster,19.0,-135.9,2026-07-25 12:00:00+00:00,Hurricane Fausto (Severe Storms)
disaster,19.2,-137.0,2026-07-25 18:00:00+00:00,Hurricane Fausto (Severe Storms)
disaster,19.4,-138.2,2026-07-26 00:00:00+00:00,Hurricane Fausto (Severe Storms)
disaster,19.6,-139.2,2026-07-26 06:00:00+00:00,Hurricane Fausto (Severe Storms)
disaster,45.745867,-120.021548,2026-07-18 21:19:00+00:00,"Wildfire 518 SULLY, Gilliam, Oregon (Wildfires)"
disaster,42.241983,-115.131133,2026-07-18 19:25:00+00:00,"Wildfire Grassy Hills, Owyhee, Idaho (Wildfires)"
disaster,40.698456,-122.197625,2026-07-18 19:12:00+00:00,"Wildfire BROOK, Shasta, California (Wildfires)"
disaster,-6.1724640726788,18.717779381885,2026-07-18 19:00:00+00:00,Wildfire in The Democratic Republic of Congo 1029521 (Wildfires)
disaster,35.222483198869,0.34646139771137,2026-07-18 19:00:00+00:00,Wildfire in Algeria 1029519 (Wildfires)
disaster,-8.2657593900506,19.844834316527,2026-07-18 19:00:00+00:00,Wildfire in Angola 1029522 (Wildfires)
disaster,-10.005804955642,21.329968621872,2026-07-18 19:00:00+00:00,Wildfire in Angola 1029527 (Wildfires)
disaster,-23.796475835779,23.943265355467,2026-07-18 19:00:00+00:00,Wildfire in Botswana 1029528 (Wildfires)
disaster,-16.098756352885,136.94825062382,2026-07-18 19:00:00+00:00,Wildfire in Australia 1029520 (Wildfires)
disaster,66.774892404025,164.48102188473,2026-07-18 19:00:00+00:00,Wildfire in Russian Federation 1029523 (Wildfires)
disaster,-9.3414769193086,21.851043862609,2026-07-18 19:00:00+00:00,Wildfire in The Democratic Republic of Congo 1029524 (Wildfires)
disaster,36.804778379684,7.2392503409187,2026-07-18 19:00:00+00:00,Wildfire in Algeria 1029525 (Wildfires)
disaster,-17.760740698834,138.62125324554,2026-07-18 19:00:00+00:00,Wildfire in Australia 1029526 (Wildfires)
disaster,36.159043558524,3.8707891164095,2026-07-18 19:00:00+00:00,Wildfire in Algeria 1029529 (Wildfires)
disaster,-16.695659930516,128.28627488829,2026-07-18 19:00:00+00:00,Wildfire in Australia 1029530 (Wildfires)
disaster,65.306671430021,149.63977997728,2026-07-18 19:00:00+00:00,Wildfire in Russian Federation 1029607 (Wildfires)
disaster,-10.355063903004,22.195768228327,2026-07-18 19:00:00+00:00,Wildfire in Angola 1029608 (Wildfires)
disaster,-15.128108937691,142.24627731015,2026-07-18 19:00:00+00:00,Wildfire in Australia 1029632 (Wildfires)
disaster,-12.797361584034,136.41225213626,2026-07-18 19:00:00+00:00,Wildfire in Australia 1029633 (Wildfires)
disaster,-23.304229029844,22.735542429276,2026-07-18 19:00:00+00:00,Wildfire in Botswana 1029620 (Wildfires)
disaster,-3.4434993814907,23.728514777682,2026-07-18 19:00:00+00:00,Wildfire in The Democratic Republic of Congo 1029621 (Wildfires)
disaster,-16.762649029594,21.876531296097,2026-07-18 19:00:00+00:00,Wildfire in Angola 1029656 (Wildfires)
disaster,-12.737909309303,142.83784830116,2026-07-18 19:00:00+00:00,Wildfire in Australia 1029679 (Wildfires)
disaster,68.659928208515,156.86290546651,2026-07-18 19:00:00+00:00,Wildfire in Russian Federation 1029680 (Wildfires)
disaster,-13.645201007312,132.18047554182,2026-07-18 19:00:00+00:00,Wildfire in Australia 1029657 (Wildfires)
disaster,-7.9886420630905,19.055970275203,2026-07-18 19:00:00+00:00,"Wildfire in The Democratic Republic of Congo, Angola 1029700 (Wildfires)"
disaster,-3.5697795321426,23.73552758856,2026-07-18 19:00:00+00:00,Wildfire in The Democratic Republic of Congo 1029701 (Wildfires)
disaster,-3.9811370704486,23.315414356378,2026-07-18 19:00:00+00:00,Wildfire in The Democratic Republic of Congo 1029702 (Wildfires)
disaster,-16.16356402414,144.65694707497,2026-07-18 19:00:00+00:00,Wildfire in Australia 1029743 (Wildfires)
disaster,-14.8260118149,142.45306490503,2026-07-18 19:00:00+00:00,Wildfire in Australia 1029744 (Wildfires)
disaster,-12.389114570235,134.82076946932,2026-07-18 19:00:00+00:00,Wildfire in Australia 1029745 (Wildfires)
disaster,-8.635308933819,21.801137348496,2026-07-18 19:00:00+00:00,Wildfire in Angola 1029703 (Wildfires)
disaster,33.188917,-79.662533,2026-07-18 17:43:00+00:00,"Wildfire Horse Island, Berkeley, South Carolina (Wildfires)"
disaster,43.588417,-114.31795,2026-07-18 15:52:00+00:00,"Wildfire Ohio, Blaine, Idaho (Wildfires)"
disaster,40.618167,-120.303833,2026-07-18 14:11:00+00:00,"Wildfire BISCAR, Lassen, California (Wildfires)"
disaster,44.635333,-120.4985,2026-07-17 21:13:00+00:00,"Wildfire 0512 BOX SPRINGS, Jefferson, Oregon (Wildfires)"
disaster,46.576482,-118.567968,2026-07-17 19:33:00+00:00,"Wildfire WALLACE WALKER, Franklin, Washington (Wildfires)"
disaster,46.600003,-118.548791,2026-07-17 19:31:00+00:00,"Wildfire DEVIL&#039;S CANYON, Franklin, Washington (Wildfires)"
disaster,42.842667,-115.450333,2026-07-17 19:21:00+00:00,"Wildfire Sailor, Elmore, Idaho (Wildfires)"
disaster,26.4466667,-80.8444444,2026-07-17 19:18:00+00:00,"Wildfire BERGER (50), Palm Beach, Florida (Wildfires)"
disaster,-6.3869787976789,19.758620796814,2026-07-17 19:00:00+00:00,Wildfire in The Democratic Republic of Congo 1029544 (Wildfires)
disaster,-6.0624628026908,18.565367969796,2026-07-17 19:00:00+00:00,Wildfire in The Democratic Republic of Congo 1029595 (Wildfires)
disaster,-25.052912342774,24.031914304819,2026-07-17 19:00:00+00:00,Wildfire in Botswana 1029596 (Wildfires)
disaster,-8.2990722010545,26.148267355905,2026-07-17 19:00:00+00:00,Wildfire in The Democratic Republic of Congo 1029535 (Wildfires)
disaster,-8.0740670273907,20.174921166606,2026-07-17 19:00:00+00:00,Wildfire in Angola 1029538 (Wildfires)
disaster,47.163724703043,80.349614823485,2026-07-17 19:00:00+00:00,Wildfire in Kazakhstan 1029541 (Wildfires)
disaster,-9.5013634949104,21.464790155527,2026-07-17 19:00:00+00:00,Wildfire in Angola 1029574 (Wildfires)
disaster,44.716554116033,-120.2216308441,2026-07-17 19:00:00+00:00,Wildfire in United States 1029589 (Wildfires)
disaster,-9.0594516533946,19.891572184684,2026-07-17 19:00:00+00:00,Wildfire in Angola 1029533 (Wildfires)
disaster,64.620829327979,-115.71196716417,2026-07-17 19:00:00+00:00,Wildfire in Canada 1029534 (Wildfires)
disaster,-17.496227780852,20.616288402311,2026-07-17 19:00:00+00:00,Wildfire in Angola 1029539 (Wildfires)
disaster,-10.862669800199,-50.195968947338,2026-07-17 19:00:00+00:00,Wildfire in Brazil 1029542 (Wildfires)
disaster,63.12472110189,-120.87951647841,2026-07-17 19:00:00+00:00,Wildfire in Canada 1029550 (Wildfires)
disaster,62.041116145296,-121.21747391382,2026-07-17 19:00:00+00:00,Wildfire in Canada 1029554 (Wildfires)
disaster,-9.2712087733441,22.385676203464,2026-07-17 19:00:00+00:00,Wildfire in The Democratic Republic of Congo 1029555 (Wildfires)
disaster,63.515282974786,-121.22851514013,2026-07-17 19:00:00+00:00,Wildfire in Canada 1029566 (Wildfires)
disaster,44.067060869125,-120.47617935664,2026-07-17 19:00:00+00:00,Wildfire in United States 1029569 (Wildfires)
disaster,-7.6967925473657,19.661677783737,2026-07-17 19:00:00+00:00,Wildfire in Angola 1029570 (Wildfires)
disaster,-13.337791635418,141.92867192184,2026-07-17 19:00:00+00:00,Wildfire in Australia 1029572 (Wildfires)
disaster,63.492930842476,-119.25966404851,2026-07-17 19:00:00+00:00,Wildfire in Canada 1029573 (Wildfires)
disaster,63.467849973302,-121.78441034636,2026-07-17 19:00:00+00:00,Wildfire in Canada 1029576 (Wildfires)
disaster,59.550648641656,88.293382571467,2026-07-17 19:00:00+00:00,Wildfire in Russian Federation 1029579 (Wildfires)
disaster,-3.4564888681986,23.507526870521,2026-07-17 19:00:00+00:00,Wildfire in The Democratic Republic of Congo 1029580 (Wildfires)
disaster,44.861147572905,-120.21270486408,2026-07-17 19:00:00+00:00,Wildfire in United States 1029582 (Wildfires)
disaster,-10.698571704937,-46.623390347295,2026-07-17 19:00:00+00:00,Wildfire in Brazil 1029583 (Wildfires)
disaster,-7.3439687591956,18.469149983953,2026-07-17 19:00:00+00:00,Wildfire in The Democratic Republic of Congo 1029588 (Wildfires)
disaster,-14.84217297864,144.39746236232,2026-07-17 19:00:00+00:00,Wildfire in Australia 1029590 (Wildfires)
disaster,65.034148123578,-117.44071918733,2026-07-17 19:00:00+00:00,Wildfire in Canada 1029591 (Wildfires)
disaster,63.16615761357,-121.84402105173,2026-07-17 19:00:00+00:00,Wildfire in Canada 1029594 (Wildfires)
disaster,62.907699786097,-122.69328363905,2026-07-17 19:00:00+00:00,Wildfire in Canada 1029599 (Wildfires)
disaster,48.193483190502,-119.07630649515,2026-07-17 19:00:00+00:00,Wildfire in United States 1029531 (Wildfires)
disaster,-16.351645341621,137.64658293403,2026-07-17 19:00:00+00:00,Wildfire in Australia 1029532 (Wildfires)
disaster,-15.32938848039,129.371686556,2026-07-17 19:00:00+00:00,Wildfire in Australia 1029536 (Wildfires)
disaster,-12.867789768749,131.16884395914,2026-07-17 19:00:00+00:00,Wildfire in Australia 1029537 (Wildfires)
disaster,41.113907939101,-3.0582112665468,2026-07-17 19:00:00+00:00,Wildfire in Spain 1029540 (Wildfires)
disaster,62.10990892431,-121.60110339644,2026-07-17 19:00:00+00:00,Wildfire in Canada 1029543 (Wildfires)
disaster,-12.968415826697,141.88447303636,2026-07-17 19:00:00+00:00,Wildfire in Australia 1029545 (Wildfires)
disaster,51.272624747412,-121.76158220773,2026-07-17 19:00:00+00:00,Wildfire in Canada 1029546 (Wildfires)
disaster,-12.430897376916,142.46274928051,2026-07-17 19:00:00+00:00,Wildfire in Australia 1029547 (Wildfires)
disaster,63.134501444647,-116.33017005717,2026-07-17 19:00:00+00:00,Wildfire in Canada 1029548 (Wildfires)
disaster,-16.554471111773,137.25138234189,2026-07-17 19:00:00+00:00,Wildfire in Australia 1029549 (Wildfires)
disaster,64.227195829699,-117.75425844774,2026-07-17 19:00:00+00:00,Wildfire in Canada 1029551 (Wildfires)
disaster,63.390714339057,-122.15159812957,2026-07-17 19:00:00+00:00,Wildfire in Canada 1029552 (Wildfires)
disaster,62.016451485481,-120.87506409137,2026-07-17 19:00:00+00:00,Wildfire in Canada 1029553 (Wildfires)
disaster,48.17817078693,-118.885527279,2026-07-17 19:00:00+00:00,Wildfire in United States 1029556 (Wildfires)
disaster,63.21025596656,-112.59362411889,2026-07-17 19:00:00+00:00,Wildfire in Canada 1029557 (Wildfires)
disaster,44.598456912617,-120.50201562092,2026-07-17 19:00:00+00:00,Wildfire in United States 1029558 (Wildfires)
disaster,-16.7636374045,136.37040051836,2026-07-17 19:00:00+00:00,Wildfire in Australia 1029559 (Wildfires)
disaster,36.888018252332,7.5954422224432,2026-07-17 19:00:00+00:00,Wildfire in Algeria 1029560 (Wildfires)
disaster,44.526182569522,-120.81374920855,2026-07-17 19:00:00+00:00,Wildfire in United States 1029561 (Wildfires)
disaster,51.346682183751,-122.33984083699,2026-07-17 19:00:00+00:00,Wildfire in Canada 1029562 (Wildfires)
disaster,65.197065859913,-116.76895579631,2026-07-17 19:00:00+00:00,Wildfire in Canada 1029563 (Wildfires)
disaster,62.152296001222,-120.62333245512,2026-07-17 19:00:00+00:00,Wildfire in Canada 1029564 (Wildfires)
disaster,-15.047820316756,127.33525165268,2026-07-17 19:00:00+00:00,Wildfire in Australia 1029565 (Wildfires)
disaster,-25.233437992919,28.820649990832,2026-07-17 19:00:00+00:00,Wildfire in South Africa 1029567 (Wildfires)
disaster,-15.041196549637,142.42103394591,2026-07-17 19:00:00+00:00,Wildfire in Australia 1029568 (Wildfires)
disaster,61.689603126768,-121.57404043651,2026-07-17 19:00:00+00:00,Wildfire in Canada 1029571 (Wildfires)
disaster,-18.335090984457,-59.076368261894,2026-07-17 19:00:00+00:00,Wildfire in Bolivia 1029575 (Wildfires)
disaster,61.843478888192,-109.41965810647,2026-07-17 19:00:00+00:00,Wildfire in Canada 1029577 (Wildfires)
disaster,-14.767588175618,127.29999444501,2026-07-17 19:00:00+00:00,Wildfire in Australia 1029578 (Wildfires)
disaster,64.993304601801,-117.12403387141,2026-07-17 19:00:00+00:00,Wildfire in Canada 1029581 (Wildfires)
disaster,63.357621598156,-123.47369563926,2026-07-17 19:00:00+00:00,Wildfire in Canada 1029584 (Wildfires)
disaster,63.788348667971,-118.42539932117,2026-07-17 19:00:00+00:00,Wildfire in Canada 1029585 (Wildfires)
disaster,64.808991247067,-115.81819224745,2026-07-17 19:00:00+00:00,Wildfire in Canada 1029586 (Wildfires)
disaster,64.735445165833,-115.28714957484,2026-07-17 19:00:00+00:00,Wildfire in Canada 1029587 (Wildfires)
disaster,63.778614328257,-118.66813724577,2026-07-17 19:00:00+00:00,Wildfire in Canada 1029592 (Wildfires)
disaster,-12.823559206717,141.98851323515,2026-07-17 19:00:00+00:00,Wildfire in Australia 1029593 (Wildfires)
disaster,-12.994036295829,130.80835593327,2026-07-17 19:00:00+00:00,Wildfire in Australia 1029597 (Wildfires)
disaster,-21.504692256352,-64.850221986744,2026-07-17 19:00:00+00:00,Wildfire in Bolivia 1029598 (Wildfires)
disaster,-16.359236565878,-59.629765313586,2026-07-17 19:00:00+00:00,Wildfire in Bolivia 1029600 (Wildfires)
disaster,36.659496612574,7.2211121006722,2026-07-17 19:00:00+00:00,Wildfire in Algeria 1029601 (Wildfires)
disaster,-6.8260087285525,18.715367294533,2026-07-17 19:00:00+00:00,Wildfire in The Democratic Republic of Congo 1029627 (Wildfires)
disaster,56.775209936435,-95.005327450976,2026-07-17 19:00:00+00:00,Wildfire in Canada 1029609 (Wildfires)
disaster,63.075471583764,-112.69882933139,2026-07-17 19:00:00+00:00,Wildfire in Canada 1029610 (Wildfires)
disaster,-16.413100183944,135.4060978458,2026-07-17 19:00:00+00:00,Wildfire in Australia 1029613 (Wildfires)
disaster,68.39673456832,156.64201633447,2026-07-17 19:00:00+00:00,Wildfire in Russian Federation 1029622 (Wildfires)
disaster,-7.1470688914547,33.812537642964,2026-07-17 19:00:00+00:00,Wildfire in Tanzania 1029623 (Wildfires)
disaster,-9.0296193104558,19.70762116631,2026-07-17 19:00:00+00:00,Wildfire in Angola 1029624 (Wildfires)
disaster,34.928470183416,0.096864206180004,2026-07-17 19:00:00+00:00,Wildfire in Algeria 1029625 (Wildfires)
disaster,-8.0968943458515,19.891045487335,2026-07-17 19:00:00+00:00,Wildfire in Angola 1029626 (Wildfires)
disaster,-12.426277548457,132.77109897909,2026-07-17 19:00:00+00:00,Wildfire in Australia 1029634 (Wildfires)
disaster,-17.660781807376,123.18340976736,2026-07-17 19:00:00+00:00,Wildfire in Australia 1029635 (Wildfires)
disaster,-16.796656619037,136.24991505481,2026-07-17 19:00:00+00:00,Wildfire in Australia 1029636 (Wildfires)
disaster,68.518441041659,156.92012127859,2026-07-17 19:00:00+00:00,Wildfire in Russian Federation 1029637 (Wildfires)
disaster,-13.335375066438,-54.308682166612,2026-07-17 19:00:00+00:00,Wildfire in Brazil 1029638 (Wildfires)
disaster,36.910261092237,7.5846897815264,2026-07-17 19:00:00+00:00,Wildfire in Algeria 1029611 (Wildfires)
disaster,49.84721711158,-121.40438027626,2026-07-17 19:00:00+00:00,Wildfire in Canada 1029612 (Wildfires)
disaster,45.693482429948,-118.26729103209,2026-07-17 19:00:00+00:00,Wildfire in United States 1029614 (Wildfires)
disaster,63.481105406098,-119.45223955255,2026-07-17 19:00:00+00:00,Wildfire in Canada 1029615 (Wildfires)
disaster,-11.655101138636,130.87403004015,2026-07-17 19:00:00+00:00,Wildfire in Australia 1029616 (Wildfires)
disaster,65.008399983348,-117.64289169008,2026-07-17 19:00:00+00:00,Wildfire in Canada 1029617 (Wildfires)
disaster,64.104322623153,-118.11034989539,2026-07-17 19:00:00+00:00,Wildfire in Canada 1029658 (Wildfires)
disaster,65.032873339782,-115.80178250197,2026-07-17 19:00:00+00:00,Wildfire in Canada 1029660 (Wildfires)
disaster,-7.6505182947571,18.581050712176,2026-07-17 19:00:00+00:00,Wildfire in The Democratic Republic of Congo 1029662 (Wildfires)
disaster,-6.6870292799699,18.077047661187,2026-07-17 19:00:00+00:00,Wildfire in The Democratic Republic of Congo 1029659 (Wildfires)
disaster,-3.567640160107,23.626186599574,2026-07-17 19:00:00+00:00,Wildfire in The Democratic Republic of Congo 1029661 (Wildfires)
disaster,52.67032281847,-125.3137864542,2026-07-17 19:00:00+00:00,Wildfire in Canada 1029663 (Wildfires)
disaster,61.688949107838,-121.52460228477,2026-07-17 19:00:00+00:00,Wildfire in Canada 1029664 (Wildfires)
disaster,44.412495282751,-121.50055969787,2026-07-17 19:00:00+00:00,Wildfire in United States 1029665 (Wildfires)
disaster,-3.5609436885765,23.52207279361,2026-07-17 19:00:00+00:00,Wildfire in The Democratic Republic of Congo 1029666 (Wildfires)
disaster,61.808595869027,-121.80004222238,2026-07-17 19:00:00+00:00,Wildfire in Canada 1029667 (Wildfires)
disaster,-13.210469597075,24.673619144125,2026-07-17 19:00:00+00:00,Wildfire in Zambia 1029668 (Wildfires)
disaster,-14.862696732009,24.493563070104,2026-07-17 19:00:00+00:00,Wildfire in Zambia 1029669 (Wildfires)
disaster,-7.1041238747838,18.643238889212,2026-07-17 19:00:00+00:00,Wildfire in The Democratic Republic of Congo 1029670 (Wildfires)
disaster,-8.4207850125053,21.572231735173,2026-07-17 19:00:00+00:00,Wildfire in Angola 1029671 (Wildfires)
disaster,64.868622549768,-115.20325137056,2026-07-17 19:00:00+00:00,Wildfire in Canada 1029672 (Wildfires)
disaster,-17.943763570962,34.549266923539,2026-07-17 19:00:00+00:00,Wildfire in Mozambique 1029673 (Wildfires)
disaster,55.548266145204,-103.3494523291,2026-07-17 19:00:00+00:00,Wildfire in Canada 1029675 (Wildfires)
disaster,47.990617977908,-120.80648268235,2026-07-17 19:00:00+00:00,Wildfire in United States 1029676 (Wildfires)
disaster,-13.453317123203,131.22089576584,2026-07-17 19:00:00+00:00,Wildfire in Australia 1029704 (Wildfires)
disaster,-15.153819681868,142.28662262077,2026-07-17 19:00:00+00:00,Wildfire in Australia 1029708 (Wildfires)
disaster,-10.834446611809,15.652733382266,2026-07-17 19:00:00+00:00,Wildfire in Angola 1029709 (Wildfires)
disaster,50.988699285972,-121.76716350491,2026-07-17 19:00:00+00:00,Wildfire in Canada 1029710 (Wildfires)
disaster,-12.553875018293,132.13078653719,2026-07-17 19:00:00+00:00,Wildfire in Australia 1029722 (Wildfires)
disaster,-14.647130164221,132.06497078812,2026-07-17 19:00:00+00:00,Wildfire in Australia 1029723 (Wildfires)
disaster,-10.269044401164,15.084080984511,2026-07-17 19:00:00+00:00,Wildfire in Angola 1029724 (Wildfires)
disaster,-10.486889487197,14.770726354189,2026-07-17 19:00:00+00:00,Wildfire in Angola 1029725 (Wildfires)
disaster,-11.992569411285,-50.526069082518,2026-07-17 19:00:00+00:00,Wildfire in Brazil 1029726 (Wildfires)
disaster,-15.821399398711,144.44177716745,2026-07-17 19:00:00+00:00,Wildfire in Australia 1029729 (Wildfires)
disaster,-8.5659510487077,17.199321117244,2026-07-17 19:00:00+00:00,Wildfire in Angola 1029733 (Wildfires)
disaster,-18.724748422843,20.601098743979,2026-07-17 19:00:00+00:00,Wildfire in Namibia 1029734 (Wildfires)
disaster,-12.864083479564,141.78060581755,2026-07-17 19:00:00+00:00,Wildfire in Australia 1029746 (Wildfires)
disaster,-11.579499791899,130.78018163822,2026-07-17 19:00:00+00:00,Wildfire in Australia 1029747 (Wildfires)
disaster,-12.488612921892,141.98911115742,2026-07-17 19:00:00+00:00,Wildfire in Australia 1029748 (Wildfires)
disaster,-6.7123102149159,18.064151278632,2026-07-17 19:00:00+00:00,Wildfire in The Democratic Republic of Congo 1029705 (Wildfires)
disaster,-25.117670810718,27.864732344558,2026-07-17 19:00:00+00:00,Wildfire in South Africa 1029706 (Wildfires)
disaster,55.721403519584,-105.53335558888,2026-07-17 19:00:00+00:00,Wildfire in Canada 1029707 (Wildfires)
disaster,-11.313590159357,28.519855033844,2026-07-17 19:00:00+00:00,Wildfire in Zambia 1029711 (Wildfires)
disaster,-3.3668112876544,23.195987345756,2026-07-17 19:00:00+00:00,Wildfire in The Democratic Republic of Congo 1029712 (Wildfires)
disaster,-10.269462175627,17.292566680002,2026-07-17 19:00:00+00:00,Wildfire in Angola 1029727 (Wildfires)
disaster,65.427456693068,-116.93244115288,2026-07-17 19:00:00+00:00,Wildfire in Canada 1029728 (Wildfires)
disaster,45.26602,-120.435846,2026-07-17 17:16:00+00:00,"Incident Complex HAY CREEK COMPLEX, Gilliam, Oregon (Wildfires)"
disaster,45.76802,-117.25321,2026-07-17 17:00:00+00:00,"Wildfire Burnt Creek, Wallowa, Oregon (Wildfires)"
disaster,46.45851,-118.65817,2026-07-17 14:34:00+00:00,"Wildfire NEFF JONES, Franklin, Washington (Wildfires)"
disaster,48.069,-118.312583,2026-07-17 13:59:00+00:00,"Wildfire Modrite, Ferry, Washington (Wildfires)"
disaster,48.942,-120.6095,2026-07-17 13:09:00+00:00,"Wildfire PTARMIGAN, Okanogan, Washington (Wildfires)"
disaster,44.72533,-120.33328,2026-07-17 11:19:00+00:00,"Wildfire 0501 PAT&#039;S CABIN, Wheeler, Oregon (Wildfires)"
disaster,44.75525,-117.277667,2026-07-17 07:27:00+00:00,"Wildfire POWDER RIVER, Baker, Oregon (Wildfires)"
disaster,42.9696,-113.9259,2026-07-17 02:54:00+00:00,"Wildfire Black Ridge 2, Lincoln, Idaho (Wildfires)"
disaster,44.829331,-120.297013,2026-07-17 00:48:00+00:00,"Wildfire 0502, Wheeler, Oregon (Wildfires)"
disaster,45.184333,-120.495333,2026-07-17 00:37:00+00:00,"Wildfire 0462, Sherman, Oregon (Wildfires)"
disaster,45.000137,-120.759188,2026-07-16 22:52:00+00:00,"Wildfire 0432, Wasco, Oregon (Wildfires)"
disaster,46.542667,-118.103667,2026-07-16 22:12:00+00:00,"Wildfire COLUMBIA COUNTY, Columbia, Washington (Wildfires)"
disaster,45.541808,-118.345971,2026-07-16 22:09:00+00:00,"Wildfire Horse Ridge, Umatilla, Oregon (Wildfires)"
disaster,44.121117,-119.947717,2026-07-16 21:22:00+00:00,"Wildfire 0497 HENRY, Crook, Oregon (Wildfires)"
disaster,45.707,-118.269,2026-07-16 21:04:00+00:00,"Wildfire Hagen, Umatilla, Oregon (Wildfires)"
disaster,44.1115,-120.528667,2026-07-16 20:39:00+00:00,"Wildfire 0500 COYOTE, Crook, Oregon (Wildfires)"
disaster,43.727167,-119.468417,2026-07-16 20:11:00+00:00,"Wildfire Egypt, Harney, Oregon (Wildfires)"
disaster,45.562183,-120.405117,2026-07-16 20:08:00+00:00,"Wildfire 0476 HOAG, Gilliam, Oregon (Wildfires)"
disaster,44.8645,-120.836,2026-07-16 20:08:00+00:00,"Wildfire 0485 DEEP CANYON, Wasco, Oregon (Wildfires)"
disaster,44.472367,-121.453167,2026-07-16 18:18:00+00:00,"Wildfire 0494 AKAWA BUTTE, Jefferson, Oregon (Wildfires)"
disaster,44.861167,-119.598,2026-07-16 17:52:00+00:00,"Wildfire Bologna, Grant, Oregon (Wildfires)"
disaster,26.2566667,-80.5405556,2026-07-16 16:36:00+00:00,"Wildfire Mile Marker 40- Broward (06), Broward, Florida (Wildfires)"
disaster,45.113583,-120.6097,2026-07-16 16:25:00+00:00,"Wildfire 0480 WILCOX, Sherman, Oregon (Wildfires)"
disaster,44.810126,-120.316732,2026-07-16 16:20:00+00:00,"Incident Complex ROWE CREEK COMPLEX, Wheeler, Oregon (Wildfires)"
disaster,45.998139,-117.974282,2026-07-16 15:51:00+00:00,"Wildfire Paradise, Wallowa, Oregon (Wildfires)"
disaster,46.863295,-119.361131,2026-07-16 13:55:00+00:00,"Wildfire ROYAL LAKE, Adams, Washington (Wildfires)"
disaster,46.6259,-118.23915,2026-07-16 13:04:00+00:00,"Wildfire LYONS FERRY, Franklin, Washington (Wildfires)"
disaster,48.016217,-120.846617,2026-07-16 12:18:00+00:00,"Wildfire LITTLE GIANT, Chelan, Washington (Wildfires)"
disaster,48.116777,-118.958638,2026-07-16 11:08:00+00:00,"Wildfire Kaiser Canyon, Okanogan, Washington (Wildfires)"
disaster,45.336333,-120.24295,2026-07-16 08:04:00+00:00,"Wildfire 0460 HOPKIN, Gilliam, Oregon (Wildfires)"
disaster,48.825083,-116.38025,2026-07-16 01:14:00+00:00,"Wildfire Turner, Boundary, Idaho (Wildfires)"
disaster,44.761667,-120.052,2026-07-16 01:13:00+00:00,"Wildfire 0446 CAMEL HUMP, Wheeler, Oregon (Wildfires)"
disaster,44.803333,-120.199167,2026-07-16 00:17:00+00:00,"Wildfire 0445 CROSSWHITE, Wheeler, Oregon (Wildfires)"
disaster,44.942899,-120.346403,2026-07-16 00:08:00+00:00,"Wildfire 0450 COVE CREEK, Wheeler, Oregon (Wildfires)"
disaster,45.18894,-120.350257,2026-07-15 22:01:00+00:00,"Wildfire 0449 PORCUPINE RIDGE, Gilliam, Oregon (Wildfires)"
disaster,45.906083,-118.410667,2026-07-15 21:33:00+00:00,"Wildfire Lower Dry Creek Mutual Aid, Umatilla, Oregon (Wildfires)"
disaster,44.588568,-120.907094,2026-07-15 19:59:00+00:00,"Wildfire 0433 BREWER, Jefferson, Oregon (Wildfires)"
disaster,32.691104,-116.332927,2026-07-15 18:49:00+00:00,"Wildfire THORN, San Diego, California (Wildfires)"
disaster,25.973667,-81.0615,2026-07-15 11:57:00+00:00,"Wildfire Charger 2, Collier, Florida (Wildfires)"
disaster,27.6688889,-82.0833333,2026-07-15 11:13:00+00:00,"Wildfire BUCKET SHOP (53)~, Hillsborough, Florida (Wildfires)"
disaster,47.01508333,-96.44761667,2026-07-15 11:10:00+00:00,"Prescribed Fire RX Flowing 24, Clay, Minnesota (Wildfires)"
disaster,48.161067,-91.104833,2026-07-15 10:51:00+00:00,"Wildfire Little Knife, Lake, Minnesota (Wildfires)"
disaster,15.0,-111.3,2026-07-15 06:00:00+00:00,Tropical Storm Elida (Severe Storms)
disaster,15.3,-112.9,2026-07-15 12:00:00+00:00,Tropical Storm Elida (Severe Storms)
disaster,15.6,-114.1,2026-07-15 18:00:00+00:00,Tropical Storm Elida (Severe Storms)
disaster,15.4,-114.7,2026-07-16 00:00:00+00:00,Tropical Storm Elida (Severe Storms)
disaster,15.5,-115.8,2026-07-16 06:00:00+00:00,Tropical Storm Elida (Severe Storms)
disaster,15.6,-116.9,2026-07-16 12:00:00+00:00,Tropical Storm Elida (Severe Storms)
disaster,15.7,-117.9,2026-07-16 18:00:00+00:00,Tropical Storm Elida (Severe Storms)
disaster,15.8,-118.7,2026-07-17 00:00:00+00:00,Tropical Storm Elida (Severe Storms)
disaster,15.9,-119.8,2026-07-17 06:00:00+00:00,Tropical Storm Elida (Severe Storms)
disaster,16.5,-120.5,2026-07-17 12:00:00+00:00,Tropical Storm Elida (Severe Storms)
disaster,16.8,-121.6,2026-07-17 18:00:00+00:00,Tropical Storm Elida (Severe Storms)
disaster,17.1,-122.1,2026-07-18 00:00:00+00:00,Tropical Storm Elida (Severe Storms)
disaster,17.6,-122.5,2026-07-18 06:00:00+00:00,Tropical Storm Elida (Severe Storms)
disaster,18.5,-123.0,2026-07-18 12:00:00+00:00,Tropical Storm Elida (Severe Storms)
disaster,19.3,-123.5,2026-07-18 18:00:00+00:00,Tropical Storm Elida (Severe Storms)
disaster,20.1,-124.5,2026-07-19 00:00:00+00:00,Tropical Storm Elida (Severe Storms)
disaster,20.9,-124.9,2026-07-19 06:00:00+00:00,Tropical Storm Elida (Severe Storms)
disaster,21.7,-125.1,2026-07-19 12:00:00+00:00,Tropical Storm Elida (Severe Storms)
disaster,22.6,-125.7,2026-07-19 18:00:00+00:00,Tropical Storm Elida (Severe Storms)
disaster,23.5,-126.5,2026-07-20 00:00:00+00:00,Tropical Storm Elida (Severe Storms)
disaster,24.6,-127.0,2026-07-20 06:00:00+00:00,Tropical Storm Elida (Severe Storms)
disaster,25.7,-127.1,2026-07-20 12:00:00+00:00,Tropical Storm Elida (Severe Storms)
disaster,44.602207,-116.732279,2026-07-13 20:43:00+00:00,"Wildfire Horse Flat, Washington, Idaho (Wildfires)"
disaster,49.644747921495,-89.986498878673,2026-07-13 19:00:00+00:00,Wildfire in Canada 1029500 (Wildfires)
disaster,50.502407884714,-88.953831691035,2026-07-13 19:00:00+00:00,Wildfire in Canada 1029501 (Wildfires)
disaster,49.992667913857,-90.010664768272,2026-07-13 19:00:00+00:00,Wildfire in Canada 1029502 (Wildfires)
disaster,45.13868333,-96.01615,2026-07-13 16:49:00+00:00,"Prescribed Fire RX Chippewa Bottoms, Chippewa, Minnesota (Wildfires)"
disaster,46.27013333,-94.39675,2026-07-13 15:46:00+00:00,"Prescribed Fire RX Leach Impact Area, Morrison, Minnesota (Wildfires)"
disaster,39.87355,-108.22355,2026-07-13 15:02:00+00:00,"Wildfire P-L Gulch, Rio Blanco, Colorado (Wildfires)"
disaster,46.24695,-94.39545,2026-07-13 11:54:00+00:00,"Prescribed Fire RX Infantry Platoon Battle Course, Morrison, Minnesota (Wildfires)"
disaster,46.24651667,-94.40005,2026-07-13 11:09:00+00:00,"Prescribed Fire RX IPBC, Morrison, Minnesota (Wildfires)"
disaster,46.16198333,-94.44528333,2026-07-13 11:07:00+00:00,"Prescribed Fire RX Center Range South, Morrison, Minnesota (Wildfires)"
disaster,41.564667,-114.267333,2026-07-12 21:45:00+00:00,"Wildfire 18 Mile, Elko, Nevada (Wildfires)"
disaster,46.44166,-108.146,2026-07-12 21:00:00+00:00,"Wildfire Heavy Timber, Musselshell, Montana (Wildfires)"
disaster,-13.505897645843,142.07468708529,2026-07-12 19:00:00+00:00,Wildfire in Australia 1029484 (Wildfires)
disaster,-8.1029153330864,19.828212858868,2026-07-12 19:00:00+00:00,Wildfire in Angola 1029498 (Wildfires)
disaster,50.268706344796,-89.375687048903,2026-07-12 19:00:00+00:00,Wildfire in Canada 1029503 (Wildfires)
disaster,50.79806009275,-89.833745347006,2026-07-12 19:00:00+00:00,Wildfire in Canada 1029504 (Wildfires)
disaster,50.486502774425,-89.285068054192,2026-07-12 19:00:00+00:00,Wildfire in Canada 1029505 (Wildfires)
disaster,-12.970647333327,142.05892253063,2026-07-12 19:00:00+00:00,Wildfire in Australia 1029506 (Wildfires)
disaster,42.11216,-112.947187,2026-07-12 16:15:00+00:00,"Wildfire Cow Canyon, Oneida, Idaho (Wildfires)"
disaster,-7.3793183028306,19.599006640329,2026-07-11 19:00:00+00:00,Wildfire in Angola 1029499 (Wildfires)
disaster,48.374997483229,2.5491656824245,2026-07-11 19:00:00+00:00,Wildfire in France 1029489 (Wildfires)
disaster,50.723015629372,-89.441100707973,2026-07-11 19:00:00+00:00,Wildfire in Canada 1029492 (Wildfires)
disaster,50.850717453967,-89.517740002358,2026-07-11 19:00:00+00:00,Wildfire in Canada 1029507 (Wildfires)
disaster,48.208998890491,-91.867750823007,2026-07-11 19:00:00+00:00,"Wildfire in United States, Canada 1029508 (Wildfires)"
disaster,50.96876404212,-89.294849581783,2026-07-11 19:00:00+00:00,Wildfire in Canada 1029509 (Wildfires)
disaster,39.710833,-120.193167,2026-07-11 16:35:00+00:00,"Wildfire ELEPHANT, Plumas, California (Wildfires)"
disaster,40.965833,-121.154667,2026-07-11 15:03:00+00:00,"Wildfire LOOMIS, Lassen, California (Wildfires)"
disaster,46.122786,-119.04432,2026-07-11 14:41:00+00:00,"Wildfire NINE CANYON, Benton, Washington (Wildfires)"
disaster,40.1499,-112.560267,2026-07-10 19:51:00+00:00,"Wildfire Stookey, Tooele, Utah (Wildfires)"
disaster,-3.1360618224553,15.458981668911,2026-07-10 19:00:00+00:00,Wildfire in Congo 1029490 (Wildfires)
disaster,48.925327431672,-90.90390850527,2026-07-10 19:00:00+00:00,Wildfire in Canada 1029496 (Wildfires)
disaster,40.160261383832,-112.53566542625,2026-07-10 19:00:00+00:00,Wildfire in United States 1029485 (Wildfires)
disaster,42.60395,-123.0018333,2026-07-10 18:13:00+00:00,"Wildfire E Evans Creek Rd 18000, Jackson, Oregon (Wildfires)"
disaster,34.45499,-117.68601,2026-07-10 15:49:00+00:00,"Wildfire SUMMIT, Los Angeles, California (Wildfires)"
disaster,67.447423,-150.25392,2026-07-10 01:44:00+00:00,"Wildfire Nutmeg, Yukon-Koyukuk, Alaska (Wildfires)"
disaster,43.479767,-114.2097,2026-07-09 19:53:00+00:00,"Wildfire Martin, Blaine, Idaho (Wildfires)"
disaster,-16.527741074718,145.02241291712,2026-07-09 19:00:00+00:00,Wildfire in Australia 1029474 (Wildfires)
disaster,-20.42355632161,22.840860458542,2026-07-09 19:00:00+00:00,Wildfire in Botswana 1029476 (Wildfires)
disaster,-15.788043195381,25.742576063832,2026-07-09 19:00:00+00:00,Wildfire in Zambia 1029491 (Wildfires)
disaster,48.306819461151,-91.213014779099,2026-07-09 19:00:00+00:00,Wildfire in Canada 1029510 (Wildfires)
disaster,30.4,-100.6165,2026-07-09 18:30:00+00:00,"Wildfire Cusenbarry Draw, Sutton, Texas (Wildfires)"
disaster,48.352694,-119.605515,2026-07-09 18:09:00+00:00,"Wildfire B AND O, Okanogan, Washington (Wildfires)"
disaster,45.12691667,-95.99093333,2026-07-09 17:06:00+00:00,"Prescribed Fire RX Chippewa Prairie TNC, Chippewa, Minnesota (Wildfires)"
disaster,45.10605,-96.01538333,2026-07-09 17:03:00+00:00,"Prescribed Fire RX Terpstra W413-20-01, Lac qui Parle, Minnesota (Wildfires)"
disaster,48.1855,-92.282167,2026-07-09 16:14:00+00:00,"Wildfire Wolfpack, St. Louis, Minnesota (Wildfires)"
disaster,46.16963333,-94.44471667,2026-07-09 15:40:00+00:00,"Prescribed Fire RX Center Range North, Morrison, Minnesota (Wildfires)"
disaster,46.2736,-94.39906667,2026-07-09 15:27:00+00:00,"Prescribed Fire RX Leach Impact Area, Morrison, Minnesota (Wildfires)"
disaster,41.498667,-114.125917,2026-07-09 14:13:00+00:00,"Wildfire Jim Mtn, Elko, Nevada (Wildfires)"
disaster,48.153119,-92.223926,2026-07-09 12:37:00+00:00,"Wildfire Sioux, St. Louis, Minnesota (Wildfires)"
disaster,34.805,-78.0655556,2026-07-09 11:59:00+00:00,"Wildfire Rose Hill Bay, Duplin, North Carolina (Wildfires)"
disaster,45.21431667,-96.24231667,2026-07-09 11:14:00+00:00,"Prescribed Fire RX Agassiz W413-21-20, Lac qui Parle, Minnesota (Wildfires)"
disaster,45.38,-95.5,2026-07-09 10:44:00+00:00,"Prescribed Fire RX Loen, Swift, Minnesota (Wildfires)"
disaster,45.38,-95.5,2026-07-09 10:43:00+00:00,"Prescribed Fire RX Loen, Swift, Minnesota (Wildfires)"
disaster,45.13898333,-96.01343333,2026-07-09 10:39:00+00:00,"Prescribed Fire RX Chippewa Prairie Unit 7 W413-20-28, Chippewa, Minnesota (Wildfires)"
disaster,66.664667,-153.849167,2026-07-08 22:46:00+00:00,"Wildfire Hogatza, Yukon-Koyukuk, Alaska (Wildfires)"
disaster,46.949083,-120.0208,2026-07-08 20:13:00+00:00,"Wildfire RYEGRASS COULEE, Kittitas, Washington (Wildfires)"
disaster,-14.889293995052,142.23842076024,2026-07-08 19:00:00+00:00,Wildfire in Australia 1029418 (Wildfires)
disaster,37.180480275892,-2.001155027074,2026-07-08 19:00:00+00:00,Wildfire in Spain 1029448 (Wildfires)
disaster,-12.795817905946,141.85780669315,2026-07-08 19:00:00+00:00,Wildfire in Australia 1029456 (Wildfires)
disaster,-20.859720215092,127.65508426254,2026-07-08 19:00:00+00:00,Wildfire in Australia 1029459 (Wildfires)
disaster,-14.605212060297,127.46113008446,2026-07-08 19:00:00+00:00,Wildfire in Australia 1029460 (Wildfires)
disaster,-16.784293564605,126.64476432884,2026-07-08 19:00:00+00:00,Wildfire in Australia 1029443 (Wildfires)
disaster,-14.644143237345,127.46896634692,2026-07-08 19:00:00+00:00,Wildfire in Australia 1029444 (Wildfires)
disaster,-8.9105132975771,20.160587600645,2026-07-08 19:00:00+00:00,Wildfire in Angola 1029449 (Wildfires)
disaster,-18.117888287468,24.040032501668,2026-07-08 19:00:00+00:00,"Wildfire in Namibia, Botswana 1029477 (Wildfires)"
disaster,-10.155598991187,-50.164504511964,2026-07-08 19:00:00+00:00,Wildfire in Brazil 1029493 (Wildfires)
disaster,48.302373016459,-92.144848248866,2026-07-08 19:00:00+00:00,Wildfire in United States 1029497 (Wildfires)
disaster,33.44265,-100.6149183,2026-07-08 18:12:00+00:00,"Wildfire Getaway Pens, Dickens, Texas (Wildfires)"
disaster,37.327638,-120.061317,2026-07-08 16:53:00+00:00,"Wildfire VAN, Mariposa, California (Wildfires)"
disaster,44.991867,-118.200333,2026-07-08 16:37:00+00:00,"Wildfire Anthony, Baker, Oregon (Wildfires)"
disaster,44.745217,-118.452867,2026-07-08 14:17:00+00:00,"Wildfire Olive Butte, Grant, Oregon (Wildfires)"
disaster,48.9275,-116.607783,2026-07-08 14:11:00+00:00,"Wildfire Upper Smith, Boundary, Idaho (Wildfires)"
disaster,43.35394,-118.18178,2026-07-08 12:32:00+00:00,"Wildfire WHISKEY, Malheur, Oregon (Wildfires)"
disaster,45.3332,-96.0976,2026-07-08 10:24:00+00:00,"Prescribed Fire RX Artichoke Lake, Swift, Minnesota (Wildfires)"
disaster,44.3772,-95.71371667,2026-07-08 09:41:00+00:00,"Prescribed Fire Meadow Creek WMA RX, Lyon, Minnesota (Wildfires)"
disaster,44.717021,-118.510204,2026-07-08 05:53:00+00:00,"Wildfire Salmon, Grant, Oregon (Wildfires)"
disaster,-12.420376802037,132.59835607869,2026-07-07 19:00:00+00:00,Wildfire in Australia 1029419 (Wildfires)
disaster,-14.987018635261,126.00143205411,2026-07-07 19:00:00+00:00,Wildfire in Australia 1029420 (Wildfires)
disaster,-8.4936214307073,19.39295362759,2026-07-07 19:00:00+00:00,Wildfire in Angola 1029430 (Wildfires)
disaster,-13.799369734805,132.10561273052,2026-07-07 19:00:00+00:00,Wildfire in Australia 1029461 (Wildfires)
disaster,48.287667,-92.192167,2026-07-07 18:38:00+00:00,"Wildfire Thumb, St. Louis, Minnesota (Wildfires)"
disaster,48.1845,-91.924667,2026-07-07 18:28:00+00:00,"Wildfire Bear Trap, St. Louis, Minnesota (Wildfires)"
disaster,47.998967,-91.782917,2026-07-07 18:11:00+00:00,"Wildfire Camp, Lake, Minnesota (Wildfires)"
disaster,35.314896,-119.898345,2026-07-07 18:09:00+00:00,"Wildfire BEAR, San Luis Obispo, California (Wildfires)"
disaster,40.948833,-121.2685,2026-07-07 16:35:00+00:00,"Wildfire 3-1 PIT, Lassen, California (Wildfires)"
disaster,42.637717,-118.752133,2026-07-07 16:26:00+00:00,"Wildfire Hoop, Harney, Oregon (Wildfires)"
disaster,25.423833,-80.928833,2026-07-07 16:20:00+00:00,"Wildfire Avocado, Monroe, Florida (Wildfires)"
disaster,43.844798,-116.409683,2026-07-06 23:45:00+00:00,"Wildfire RA 7 GEM CO, Gem, Idaho (Wildfires)"
disaster,-13.894880987039,133.99584161914,2026-07-06 19:00:00+00:00,Wildfire in Australia 1029352 (Wildfires)
disaster,-15.437189761172,142.40165179775,2026-07-06 19:00:00+00:00,Wildfire in Australia 1029421 (Wildfires)
disaster,-15.368211738715,142.29469894189,2026-07-06 19:00:00+00:00,Wildfire in Australia 1029422 (Wildfires)
disaster,-7.6057182817819,19.529927181203,2026-07-06 19:00:00+00:00,Wildfire in Angola 1029386 (Wildfires)
disaster,-8.8183317837508,21.475181033645,2026-07-06 19:00:00+00:00,Wildfire in Angola 1029431 (Wildfires)
disaster,-12.833588894734,135.24753277205,2026-07-06 19:00:00+00:00,Wildfire in Australia 1029462 (Wildfires)
disaster,-8.1805339451492,19.554421693272,2026-07-06 19:00:00+00:00,Wildfire in Angola 1029450 (Wildfires)
disaster,65.264122839733,-117.70620095312,2026-07-06 19:00:00+00:00,Wildfire in Canada 1029466 (Wildfires)
disaster,65.78555,-154.11445,2026-07-06 18:47:00+00:00,"Wildfire Mustang, Yukon-Koyukuk, Alaska (Wildfires)"
disaster,43.828883,-111.956783,2026-07-06 17:58:00+00:00,"Wildfire Maze, Madison, Idaho (Wildfires)"
disaster,43.6347,-116.175933,2026-07-06 16:15:00+00:00,"Wildfire RA 6 ADA CO CLAREMONT, Ada, Idaho (Wildfires)"
disaster,43.31247,-116.208736,2026-07-06 15:32:00+00:00,"Wildfire PVR, Ada, Idaho (Wildfires)"
disaster,44.193833,-104.856167,2026-07-06 14:18:00+00:00,"Wildfire Wind Creek, Crook, Wyoming (Wildfires)"
disaster,36.30552,-104.040187,2026-07-06 13:39:00+00:00,"Wildfire UHaul, Colfax, New Mexico (Wildfires)"
disaster,43.443793,-116.429976,2026-07-06 04:52:00+00:00,"Wildfire MORA, Ada, Idaho (Wildfires)"
disaster,41.078633,-117.614017,2026-07-05 19:33:00+00:00,"Wildfire Dutch Flat, Humboldt, Nevada (Wildfires)"
disaster,-12.90381252331913,132.04182199174508,2026-07-05 19:00:00+00:00,Wildfire in Australia 1029332 (Wildfires)
disaster,-6.1275234243668,19.882042480984,2026-07-05 19:00:00+00:00,Wildfire in The Democratic Republic of Congo 1029334 (Wildfires)
disaster,-6.9733158862735,18.523790771692,2026-07-05 19:00:00+00:00,Wildfire in The Democratic Republic of Congo 1029361 (Wildfires)
disaster,-7.0597954084727,19.633456474243,2026-07-05 19:00:00+00:00,"Wildfire in Angola, The Democratic Republic of Congo 1029387 (Wildfires)"
disaster,-15.208360402153,25.888773597249,2026-07-05 19:00:00+00:00,Wildfire in Zambia 1029388 (Wildfires)
disaster,-8.0514568153729,19.650882998947,2026-07-05 19:00:00+00:00,Wildfire in Angola 1029389 (Wildfires)
disaster,62.106184664562,136.43813186645,2026-07-05 19:00:00+00:00,Wildfire in Russian Federation 1029407 (Wildfires)
disaster,-12.337690220202,133.4226965488,2026-07-05 19:00:00+00:00,Wildfire in Australia 1029408 (Wildfires)
disaster,62.893925868916,133.84706592884,2026-07-05 19:00:00+00:00,Wildfire in Russian Federation 1029409 (Wildfires)
disaster,-12.166276588375,133.48395837,2026-07-05 19:00:00+00:00,Wildfire in Australia 1029463 (Wildfires)
disaster,65.115617313659,-120.03833759924,2026-07-05 19:00:00+00:00,Wildfire in Canada 1029467 (Wildfires)
disaster,-10.347859967569,16.870843193282,2026-07-05 19:00:00+00:00,Wildfire in Angola 1029478 (Wildfires)
disaster,-10.747260374733,17.576640944373,2026-07-05 19:00:00+00:00,Wildfire in Angola 1029479 (Wildfires)
disaster,65.406906763226,-119.45035077032,2026-07-05 19:00:00+00:00,Wildfire in Canada 1029486 (Wildfires)
disaster,-13.201604138994,134.68167168127,2026-07-05 19:00:00+00:00,Wildfire in Australia 1029511 (Wildfires)
disaster,47.773244,-120.185178,2026-07-05 02:01:00+00:00,"Wildfire NAVARRE COULEE, Chelan, Washington (Wildfires)"
disaster,-16.584833204133044,136.5939246423826,2026-07-04 19:00:00+00:00,Wildfire in Australia 1029320 (Wildfires)
disaster,-8.9271315456983,21.644328329157,2026-07-04 19:00:00+00:00,Wildfire in Angola 1029335 (Wildfires)
disaster,56.826661800785,-66.391074928924,2026-07-04 19:00:00+00:00,Wildfire in Canada 1029353 (Wildfires)
disaster,54.812192792051,-76.370351072757,2026-07-04 19:00:00+00:00,Wildfire in Canada 1029371 (Wildfires)
disaster,-7.9157918898172,20.093397371681,2026-07-04 19:00:00+00:00,Wildfire in Angola 1029362 (Wildfires)
disaster,56.196051758007,-69.135504204458,2026-07-04 19:00:00+00:00,Wildfire in Canada 1029381 (Wildfires)
disaster,53.497826214534,-69.496960732415,2026-07-04 19:00:00+00:00,Wildfire in Canada 1029370 (Wildfires)
disaster,51.666680956218,-78.530064546022,2026-07-04 19:00:00+00:00,Wildfire in Canada 1029410 (Wildfires)
disaster,-7.3762555945475,19.273721415373,2026-07-04 19:00:00+00:00,Wildfire in The Democratic Republic of Congo 1029390 (Wildfires)
disaster,63.630984225417,-119.67239308541,2026-07-04 19:00:00+00:00,Wildfire in Canada 1029415 (Wildfires)
disaster,-2.1903167013186,35.065195343124,2026-07-04 19:00:00+00:00,Wildfire in Tanzania 1029426 (Wildfires)
disaster,50.895921922235,-78.770555313156,2026-07-04 19:00:00+00:00,Wildfire in Canada 1029445 (Wildfires)
disaster,59.010102737869,90.603120294965,2026-07-04 19:00:00+00:00,Wildfire in Russian Federation 1029472 (Wildfires)
disaster,59.695796752914,90.383534000109,2026-07-04 19:00:00+00:00,Wildfire in Russian Federation 1029473 (Wildfires)
disaster,-25.320114655313,28.82661908256,2026-07-04 19:00:00+00:00,Wildfire in South Africa 1029480 (Wildfires)
disaster,-7.6918233946308,16.447079130674,2026-07-04 19:00:00+00:00,Wildfire in Angola 1029483 (Wildfires)
disaster,66.54648576718,-118.28632989088,2026-07-04 19:00:00+00:00,Wildfire in Canada 1029487 (Wildfires)
disaster,-16.33168933665,125.01467380664,2026-07-04 19:00:00+00:00,Wildfire in Australia 1029512 (Wildfires)
disaster,45.683083,-118.480617,2026-07-04 18:37:00+00:00,"Wildfire North Cayuse, Umatilla, Oregon (Wildfires)"
disaster,65.8547,-151.57485,2026-07-04 17:39:00+00:00,"Wildfire Ishtalitna, Yukon-Koyukuk, Alaska (Wildfires)"
disaster,44.921383,-120.7202,2026-07-04 16:13:00+00:00,"Wildfire 0380 ANTELOPE CREEK, Wasco, Oregon (Wildfires)"
disaster,47.799583,-119.97655,2026-07-04 08:58:00+00:00,"Wildfire CHELAN HILLS, Douglas, Washington (Wildfires)"
disaster,-12.237297075654382,133.93446345010665,2026-07-03 19:00:00+00:00,Wildfire in Australia 1029285 (Wildfires)
disaster,-12.985986088017524,136.11203523205623,2026-07-03 19:00:00+00:00,Wildfire in Australia 1029286 (Wildfires)
disaster,-13.124822261594304,136.061317449245,2026-07-03 19:00:00+00:00,Wildfire in Australia 1029287 (Wildfires)
disaster,42.67172441130409,2.566972908832589,2026-07-03 19:00:00+00:00,Wildfire in France 1029331 (Wildfires)
disaster,53.454897618555,-70.637414417777,2026-07-03 19:00:00+00:00,Wildfire in Canada 1029347 (Wildfires)
disaster,-6.282720021559,26.552489734283,2026-07-03 19:00:00+00:00,Wildfire in The Democratic Republic of Congo 1029336 (Wildfires)
disaster,54.750800238154,-76.221942122693,2026-07-03 19:00:00+00:00,Wildfire in Canada 1029372 (Wildfires)
disaster,57.209293605943,-68.660170634962,2026-07-03 19:00:00+00:00,Wildfire in Canada 1029382 (Wildfires)
disaster,-8.5202437448834,21.848149054921,2026-07-03 19:00:00+00:00,Wildfire in Angola 1029363 (Wildfires)
disaster,4.9605188766542,34.769472452048,2026-07-03 19:00:00+00:00,Wildfire in Sudan 1029358 (Wildfires)
disaster,-7.1092937631462,26.65788282457,2026-07-03 19:00:00+00:00,Wildfire in The Democratic Republic of Congo 1029364 (Wildfires)
disaster,-8.3431771490687,19.736451288962,2026-07-03 19:00:00+00:00,Wildfire in Angola 1029391 (Wildfires)
disaster,-9.3128740608101,21.185289582437,2026-07-03 19:00:00+00:00,Wildfire in Angola 1029392 (Wildfires)
disaster,-9.0220476983414,20.991967873808,2026-07-03 19:00:00+00:00,Wildfire in Angola 1029393 (Wildfires)
disaster,-7.2315947885825,20.258015277352,2026-07-03 19:00:00+00:00,Wildfire in Angola 1029394 (Wildfires)
disaster,-8.3502305211386,21.519796493593,2026-07-03 19:00:00+00:00,Wildfire in Angola 1029432 (Wildfires)
disaster,64.441233405774,-116.46322899862,2026-07-03 19:00:00+00:00,Wildfire in Canada 1029427 (Wildfires)
disaster,-5.4610541819936,26.121025204493,2026-07-03 19:00:00+00:00,Wildfire in The Democratic Republic of Congo 1029428 (Wildfires)
disaster,-10.819977489439,16.968633187792,2026-07-03 19:00:00+00:00,Wildfire in Angola 1029451 (Wildfires)
disaster,-13.574821488739,130.83366390688,2026-07-03 19:00:00+00:00,Wildfire in Australia 1029475 (Wildfires)
disaster,-10.813424474857,29.629037325149,2026-07-03 19:00:00+00:00,Wildfire in Zambia 1029469 (Wildfires)
disaster,-9.0626624558139,17.348216241249,2026-07-03 19:00:00+00:00,Wildfire in Angola 1029470 (Wildfires)
disaster,-13.169032954632,141.98884776115,2026-07-03 19:00:00+00:00,Wildfire in Australia 1029481 (Wildfires)
disaster,-12.548930796341,133.71902860637,2026-07-03 19:00:00+00:00,Wildfire in Australia 1029482 (Wildfires)
disaster,17.3,110.1,2026-07-03 00:00:00+00:00,Tropical Storm Maysak (Severe Storms)
disaster,17.6,109.7,2026-07-03 06:00:00+00:00,Tropical Storm Maysak (Severe Storms)
disaster,18.5,109.5,2026-07-03 12:00:00+00:00,Tropical Storm Maysak (Severe Storms)
disaster,19.8,108.7,2026-07-03 18:00:00+00:00,Tropical Storm Maysak (Severe Storms)
disaster,20.2,108.4,2026-07-04 00:00:00+00:00,Tropical Storm Maysak (Severe Storms)
disaster,20.6,107.8,2026-07-04 06:00:00+00:00,Tropical Storm Maysak (Severe Storms)
disaster,21.3,107.8,2026-07-04 12:00:00+00:00,Tropical Storm Maysak (Severe Storms)
disaster,21.6,107.9,2026-07-04 18:00:00+00:00,Tropical Storm Maysak (Severe Storms)
disaster,-7.213607792114834,20.12439507963515,2026-07-02 19:00:00+00:00,Wildfire in Angola 1029271 (Wildfires)
disaster,-15.28692573323016,142.58150881521723,2026-07-02 19:00:00+00:00,Wildfire in Australia 1029288 (Wildfires)
disaster,-12.837602207329352,136.09281884393536,2026-07-02 19:00:00+00:00,Wildfire in Australia 1029289 (Wildfires)
disaster,-12.87039189395864,142.13193996616678,2026-07-02 19:00:00+00:00,Wildfire in Australia 1029318 (Wildfires)
disaster,-13.240893555245094,-54.35519556911779,2026-07-02 19:00:00+00:00,Wildfire in Brazil 1029311 (Wildfires)
disaster,-8.225225042995456,19.71309781248212,2026-07-02 19:00:00+00:00,Wildfire in Angola 1029299 (Wildfires)
disaster,-8.147064005797578,19.72285820748032,2026-07-02 19:00:00+00:00,Wildfire in Angola 1029300 (Wildfires)
disaster,-14.211231840941831,133.87067519564224,2026-07-02 19:00:00+00:00,Wildfire in Australia 1029326 (Wildfires)
disaster,41.889056049514,3.0286530330969,2026-07-02 19:00:00+00:00,Wildfire in Spain 1029351 (Wildfires)
disaster,-12.47708990017,133.22473912924,2026-07-02 19:00:00+00:00,Wildfire in Australia 1029354 (Wildfires)
disaster,-12.728563043435,142.55141819592,2026-07-02 19:00:00+00:00,Wildfire in Australia 1029355 (Wildfires)
disaster,-17.847374978668,137.22904425704,2026-07-02 19:00:00+00:00,Wildfire in Australia 1029356 (Wildfires)
disaster,49.969171891538,-121.47038656486,2026-07-02 19:00:00+00:00,Wildfire in Canada 1029359 (Wildfires)
disaster,53.629607228431,-72.130450009975,2026-07-02 19:00:00+00:00,Wildfire in Canada 1029383 (Wildfires)
disaster,53.912861507377,-72.830072519313,2026-07-02 19:00:00+00:00,Wildfire in Canada 1029373 (Wildfires)
disaster,54.377445881732,-72.611787484203,2026-07-02 19:00:00+00:00,Wildfire in Canada 1029374 (Wildfires)
disaster,64.847911745751,110.28624314126,2026-07-02 19:00:00+00:00,Wildfire in Russian Federation 1029375 (Wildfires)
disaster,53.834765974001,-71.708774574106,2026-07-02 19:00:00+00:00,Wildfire in Canada 1029376 (Wildfires)
disaster,59.192336182545,86.61141205644,2026-07-02 19:00:00+00:00,Wildfire in Russian Federation 1029416 (Wildfires)
disaster,44.716738214914,5.3432519047011,2026-07-02 19:00:00+00:00,Wildfire in France 1029417 (Wildfires)
disaster,-15.215634624061,142.55275640229,2026-07-02 19:00:00+00:00,Wildfire in Australia 1029423 (Wildfires)
disaster,65.505247987195,-119.12947264604,2026-07-02 19:00:00+00:00,Wildfire in Canada 1029424 (Wildfires)
disaster,-8.9157282625653,29.40171146162,2026-07-02 19:00:00+00:00,Wildfire in Zambia 1029395 (Wildfires)
disaster,-7.5558231110288,18.093456946052,2026-07-02 19:00:00+00:00,Wildfire in The Democratic Republic of Congo 1029396 (Wildfires)
disaster,-7.5556157246097,18.642262430604,2026-07-02 19:00:00+00:00,Wildfire in The Democratic Republic of Congo 1029397 (Wildfires)
disaster,-5.0931930594163,25.754853760251,2026-07-02 19:00:00+00:00,Wildfire in The Democratic Republic of Congo 1029398 (Wildfires)
disaster,64.569612271317,-121.13966048168,2026-07-02 19:00:00+00:00,Wildfire in Canada 1029441 (Wildfires)
disaster,63.593994082727,-121.22655512414,2026-07-02 19:00:00+00:00,Wildfire in Canada 1029429 (Wildfires)
disaster,64.828125624804,-121.70298313822,2026-07-02 19:00:00+00:00,Wildfire in Canada 1029440 (Wildfires)
disaster,-9.793699655962,18.514504591121,2026-07-02 19:00:00+00:00,Wildfire in Angola 1029442 (Wildfires)
disaster,-10.768135495606,16.689663130091,2026-07-02 19:00:00+00:00,Wildfire in Angola 1029433 (Wildfires)
disaster,-7.8874083385751,16.538545960549,2026-07-02 19:00:00+00:00,Wildfire in Angola 1029434 (Wildfires)
disaster,-6.6947698201477,17.786115400023,2026-07-02 19:00:00+00:00,Wildfire in The Democratic Republic of Congo 1029435 (Wildfires)
disaster,-12.676524493849,130.91617825333,2026-07-02 19:00:00+00:00,Wildfire in Australia 1029464 (Wildfires)
disaster,-7.7822074310845,23.750726959822,2026-07-02 19:00:00+00:00,Wildfire in The Democratic Republic of Congo 1029452 (Wildfires)
disaster,-9.8631692150933,18.325444976945,2026-07-02 19:00:00+00:00,Wildfire in Angola 1029471 (Wildfires)
disaster,65.605398002714,-119.05841699783,2026-07-02 19:00:00+00:00,Wildfire in Canada 1029468 (Wildfires)
disaster,49.98711,25.77564,2026-07-01 20:00:00+00:00,Flood in Ukraine 1104001 (Floods)
disaster,10.0926794,-83.5088959,2026-07-01 20:00:00+00:00,Flood in Costa Rica 1104003 (Floods)
disaster,-17.09351350557367,127.04367089450652,2026-07-01 19:00:00+00:00,Wildfire in Australia 1029251 (Wildfires)
disaster,40.62815063475218,-8.279579668008454,2026-07-01 19:00:00+00:00,Wildfire in Portugal 1029260 (Wildfires)
disaster,-13.314816548549055,142.21330868691953,2026-07-01 19:00:00+00:00,Wildfire in Australia 1029261 (Wildfires)
disaster,-13.316574029098811,142.1737866655656,2026-07-01 19:00:00+00:00,Wildfire in Australia 1029290 (Wildfires)
disaster,-13.230156709168098,142.06568331511795,2026-07-01 19:00:00+00:00,Wildfire in Australia 1029291 (Wildfires)
disaster,61.79468664834296,-121.3361784492188,2026-07-01 19:00:00+00:00,Wildfire in Canada 1029317 (Wildfires)
disaster,-7.37040452180768,19.762881047018105,2026-07-01 19:00:00+00:00,Wildfire in Angola 1029301 (Wildfires)
disaster,-6.221135670974447,26.07417658096315,2026-07-01 19:00:00+00:00,Wildfire in The Democratic Republic of Congo 1029319 (Wildfires)
disaster,-17.885781740100267,137.62374647094745,2026-07-01 19:00:00+00:00,Wildfire in Australia 1029327 (Wildfires)
disaster,-18.183882752404298,137.6198562800326,2026-07-01 19:00:00+00:00,Wildfire in Australia 1029328 (Wildfires)
disaster,-11.686086263797195,130.6538937109057,2026-07-01 19:00:00+00:00,Wildfire in Australia 1029329 (Wildfires)
disaster,-14.278502064575903,133.72934036692956,2026-07-01 19:00:00+00:00,Wildfire in Australia 1029333 (Wildfires)
disaster,50.21412053337,-78.976754111714,2026-07-01 19:00:00+00:00,Wildfire in Canada 1029348 (Wildfires)
disaster,50.122981960313,-78.636348107401,2026-07-01 19:00:00+00:00,Wildfire in Canada 1029349 (Wildfires)
disaster,-8.2474890162314,29.06637811329,2026-07-01 19:00:00+00:00,Wildfire in The Democratic Republic of Congo 1029337 (Wildfires)
disaster,51.631142877009,-78.183604075484,2026-07-01 19:00:00+00:00,Wildfire in Canada 1029377 (Wildfires)
disaster,-13.169764642305,133.41996969116,2026-07-01 19:00:00+00:00,Wildfire in Australia 1029384 (Wildfires)
disaster,-7.052837655739,18.677609174233,2026-07-01 19:00:00+00:00,Wildfire in The Democratic Republic of Congo 1029399 (Wildfires)
disaster,-11.278673552964,24.738502595411,2026-07-01 19:00:00+00:00,"Wildfire in The Democratic Republic of Congo, Zambia 1029400 (Wildfires)"
disaster,63.635614662099,-119.6818557714,2026-07-01 19:00:00+00:00,Wildfire in Canada 1029425 (Wildfires)
disaster,51.618265022463,-78.189922626377,2026-07-01 19:00:00+00:00,Wildfire in Canada 1029411 (Wildfires)
disaster,-8.3428696204397,17.124206576611,2026-07-01 19:00:00+00:00,Wildfire in Angola 1029436 (Wildfires)
disaster,59.386054796932,90.417066393835,2026-07-01 19:00:00+00:00,Wildfire in Russian Federation 1029446 (Wildfires)
disaster,50.522190981993,-78.468653002419,2026-07-01 19:00:00+00:00,Wildfire in Canada 1029457 (Wildfires)
disaster,65.723420212693,-117.57112558828,2026-07-01 19:00:00+00:00,Wildfire in Canada 1029458 (Wildfires)
disaster,-10.351749454249,15.046294332351,2026-07-01 19:00:00+00:00,Wildfire in Angola 1029453 (Wildfires)
disaster,66.381290306691,-117.34512959143,2026-07-01 19:00:00+00:00,Wildfire in Canada 1029488 (Wildfires)
disaster,15.5,-126.9,2026-07-01 18:00:00+00:00,Tropical Storm Douglas (Severe Storms)
disaster,16.2,-127.0,2026-07-02 00:00:00+00:00,Tropical Storm Douglas (Severe Storms)
disaster,16.7,-127.1,2026-07-02 06:00:00+00:00,Tropical Storm Douglas (Severe Storms)
disaster,17.1,-127.1,2026-07-02 12:00:00+00:00,Tropical Storm Douglas (Severe Storms)
disaster,17.7,-127.3,2026-07-02 18:00:00+00:00,Tropical Storm Douglas (Severe Storms)
disaster,18.5,-127.5,2026-07-03 00:00:00+00:00,Tropical Storm Douglas (Severe Storms)
disaster,19.1,-128.0,2026-07-03 06:00:00+00:00,Tropical Storm Douglas (Severe Storms)
disaster,44.124394,-117.077351,2026-07-01 16:13:00+00:00,"Wildfire BUTTERFIELD SPRING, Malheur, Oregon (Wildfires)"
disaster,37.06813,-121.213209,2026-07-01 12:09:00+00:00,"Wildfire POINT, Santa Clara, California (Wildfires)"
disaster,9.7,162.4,2026-07-01 12:00:00+00:00,Super Typhoon Bavi (Severe Storms)
disaster,10.4,161.4,2026-07-01 18:00:00+00:00,Super Typhoon Bavi (Severe Storms)
disaster,11.1,160.2,2026-07-02 00:00:00+00:00,Super Typhoon Bavi (Severe Storms)
disaster,11.8,159.0,2026-07-02 06:00:00+00:00,Super Typhoon Bavi (Severe Storms)
disaster,12.3,158.0,2026-07-02 12:00:00+00:00,Super Typhoon Bavi (Severe Storms)
disaster,12.6,156.6,2026-07-02 18:00:00+00:00,Super Typhoon Bavi (Severe Storms)
disaster,12.7,155.3,2026-07-03 00:00:00+00:00,Super Typhoon Bavi (Severe Storms)
disaster,12.9,154.2,2026-07-03 06:00:00+00:00,Super Typhoon Bavi (Severe Storms)
disaster,12.8,153.1,2026-07-03 12:00:00+00:00,Super Typhoon Bavi (Severe Storms)
disaster,12.7,152.2,2026-07-03 18:00:00+00:00,Super Typhoon Bavi (Severe Storms)
disaster,12.5,151.5,2026-07-04 00:00:00+00:00,Super Typhoon Bavi (Severe Storms)
disaster,12.5,150.8,2026-07-04 06:00:00+00:00,Super Typhoon Bavi (Severe Storms)
disaster,12.7,150.2,2026-07-04 12:00:00+00:00,Super Typhoon Bavi (Severe Storms)
disaster,12.7,149.6,2026-07-04 18:00:00+00:00,Super Typhoon Bavi (Severe Storms)
disaster,12.9,148.9,2026-07-05 00:00:00+00:00,Super Typhoon Bavi (Severe Storms)
disaster,13.4,148.1,2026-07-05 06:00:00+00:00,Super Typhoon Bavi (Severe Storms)
disaster,13.7,146.9,2026-07-05 12:00:00+00:00,Super Typhoon Bavi (Severe Storms)
disaster,14.0,146.1,2026-07-05 18:00:00+00:00,Super Typhoon Bavi (Severe Storms)
disaster,14.3,145.0,2026-07-06 00:00:00+00:00,Super Typhoon Bavi (Severe Storms)
disaster,14.9,144.0,2026-07-06 06:00:00+00:00,Super Typhoon Bavi (Severe Storms)
disaster,15.4,142.7,2026-07-06 12:00:00+00:00,Super Typhoon Bavi (Severe Storms)
disaster,15.9,141.1,2026-07-06 18:00:00+00:00,Super Typhoon Bavi (Severe Storms)
disaster,16.2,139.9,2026-07-07 00:00:00+00:00,Super Typhoon Bavi (Severe Storms)
disaster,16.5,138.4,2026-07-07 06:00:00+00:00,Super Typhoon Bavi (Severe Storms)
disaster,16.8,136.7,2026-07-07 12:00:00+00:00,Super Typhoon Bavi (Severe Storms)
disaster,16.8,135.3,2026-07-07 18:00:00+00:00,Super Typhoon Bavi (Severe Storms)
disaster,16.9,134.1,2026-07-08 00:00:00+00:00,Super Typhoon Bavi (Severe Storms)
disaster,16.9,133.0,2026-07-08 06:00:00+00:00,Super Typhoon Bavi (Severe Storms)
disaster,17.3,131.8,2026-07-08 12:00:00+00:00,Super Typhoon Bavi (Severe Storms)
disaster,17.6,130.8,2026-07-08 18:00:00+00:00,Super Typhoon Bavi (Severe Storms)
disaster,18.3,129.9,2026-07-09 00:00:00+00:00,Super Typhoon Bavi (Severe Storms)
disaster,18.7,129.0,2026-07-09 06:00:00+00:00,Super Typhoon Bavi (Severe Storms)
disaster,19.2,128.8,2026-07-09 12:00:00+00:00,Super Typhoon Bavi (Severe Storms)
disaster,20.1,128.2,2026-07-09 18:00:00+00:00,Super Typhoon Bavi (Severe Storms)
disaster,20.8,127.3,2026-07-10 00:00:00+00:00,Super Typhoon Bavi (Severe Storms)
disaster,21.9,126.9,2026-07-10 06:00:00+00:00,Super Typhoon Bavi (Severe Storms)
disaster,22.7,126.0,2026-07-10 12:00:00+00:00,Super Typhoon Bavi (Severe Storms)
disaster,23.8,125.2,2026-07-10 18:00:00+00:00,Super Typhoon Bavi (Severe Storms)
disaster,25.0,124.6,2026-07-11 00:00:00+00:00,Super Typhoon Bavi (Severe Storms)
disaster,26.6,123.2,2026-07-11 06:00:00+00:00,Super Typhoon Bavi (Severe Storms)
disaster,27.6,121.8,2026-07-11 12:00:00+00:00,Super Typhoon Bavi (Severe Storms)
disaster,28.7,120.4,2026-07-11 18:00:00+00:00,Super Typhoon Bavi (Severe Storms)
disaster,66.690333,-153.440667,2026-07-01 00:11:00+00:00,"Wildfire Siruk, Yukon-Koyukuk, Alaska (Wildfires)"
disaster,48.28845,17.7221491,2026-06-30 20:00:00+00:00,Flood in Slovakia 1103998 (Floods)
disaster,8.0617339,98.918584,2026-06-30 20:00:00+00:00,Flood in Thailand 1103996 (Floods)
disaster,6.4550575,3.3941795,2026-06-30 20:00:00+00:00,Flood in Nigeria 1103997 (Floods)
disaster,-10.7195033,-76.3777409,2026-06-30 20:00:00+00:00,Flood in Peru 1104000 (Floods)
disaster,-8.277766918477814,20.210612409383792,2026-06-30 19:00:00+00:00,Wildfire in Angola 1029229 (Wildfires)
disaster,-17.996734495835195,25.05988802646389,2026-06-30 19:00:00+00:00,Wildfire in Botswana 1029243 (Wildfires)
disaster,-2.9602519526976407,34.61333248100981,2026-06-30 19:00:00+00:00,Wildfire in Tanzania 1029268 (Wildfires)
disaster,-7.01873073839854,19.770246588521665,2026-06-30 19:00:00+00:00,"Wildfire in Angola, The Democratic Republic of Congo 1029272 (Wildfires)"
disaster,-6.988800965258946,18.609053258116788,2026-06-30 19:00:00+00:00,Wildfire in The Democratic Republic of Congo 1029273 (Wildfires)
disaster,-12.388287113228348,133.69867644812413,2026-06-30 19:00:00+00:00,Wildfire in Australia 1029292 (Wildfires)
disaster,-12.755836004748614,-44.519949470717584,2026-06-30 19:00:00+00:00,Wildfire in Brazil 1029293 (Wildfires)
disaster,-17.784091343406573,137.85949561195892,2026-06-30 19:00:00+00:00,Wildfire in Australia 1029294 (Wildfires)
disaster,-7.252279153281658,18.78543978196113,2026-06-30 19:00:00+00:00,Wildfire in The Democratic Republic of Congo 1029302 (Wildfires)
disaster,-9.4836632299771,32.296045857459,2026-06-30 19:00:00+00:00,Wildfire in Zambia 1029338 (Wildfires)
disaster,-9.2396216472409,17.358121983359,2026-06-30 19:00:00+00:00,Wildfire in Angola 1029365 (Wildfires)
disaster,-7.3001993028691,18.37882331321,2026-06-30 19:00:00+00:00,Wildfire in The Democratic Republic of Congo 1029401 (Wildfires)
disaster,-7.0358035916556,18.51617211385,2026-06-30 19:00:00+00:00,Wildfire in The Democratic Republic of Congo 1029437 (Wildfires)
disaster,-11.469650126355,17.704742462193,2026-06-30 19:00:00+00:00,Wildfire in Angola 1029454 (Wildfires)
disaster,-12.330100467871,135.54908259121,2026-06-30 19:00:00+00:00,Wildfire in Australia 1029465 (Wildfires)
disaster,-14.320812949243,143.63671045078,2026-06-30 19:00:00+00:00,Wildfire in Australia 1029494 (Wildfires)
disaster,27.1283333,-81.6786111,2026-06-30 14:26:00+00:00,"Wildfire Black Bird Ranch (14), DeSoto, Florida (Wildfires)"
disaster,26.2161111,-80.3108333,2026-06-29 20:42:00+00:00,"Wildfire ATLANTIC (06), Broward, Florida (Wildfires)"
disaster,37.699535,-105.136974,2026-06-29 20:40:00+00:00,"Wildfire Sheep Head, Huerfano, Colorado (Wildfires)"
disaster,-7.781657065823887,18.865964795261945,2026-06-29 19:00:00+00:00,Wildfire in The Democratic Republic of Congo 1029244 (Wildfires)
disaster,-14.599660142730068,142.30872516882488,2026-06-29 19:00:00+00:00,Wildfire in Australia 1029295 (Wildfires)
disaster,-5.881033191135722,145.6722666001889,2026-06-29 19:00:00+00:00,Wildfire in Papua New Guinea 1029296 (Wildfires)
disaster,-14.403860130000044,26.021711871524683,2026-06-29 19:00:00+00:00,Wildfire in Zambia 1029274 (Wildfires)
disaster,-9.048494615349409,33.898583329826,2026-06-29 19:00:00+00:00,Wildfire in Tanzania 1029303 (Wildfires)
disaster,56.94495479417053,-95.21276826611766,2026-06-29 19:00:00+00:00,Wildfire in Canada 1029312 (Wildfires)
disaster,-3.9728981159534897,24.826077704753867,2026-06-29 19:00:00+00:00,Wildfire in The Democratic Republic of Congo 1029322 (Wildfires)
disaster,-7.1428326995767,18.33372990084,2026-06-29 19:00:00+00:00,Wildfire in The Democratic Republic of Congo 1029339 (Wildfires)
disaster,-7.5490230646212,19.43612682092,2026-06-29 19:00:00+00:00,"Wildfire in The Democratic Republic of Congo, Angola 1029341 (Wildfires)"
disaster,-7.5893085956008,18.505587062337,2026-06-29 19:00:00+00:00,Wildfire in The Democratic Republic of Congo 1029340 (Wildfires)
disaster,56.945223328083,-66.564814368113,2026-06-29 19:00:00+00:00,Wildfire in Canada 1029378 (Wildfires)
disaster,64.998042257317,127.99206376631,2026-06-29 19:00:00+00:00,Wildfire in Russian Federation 1029379 (Wildfires)
disaster,-6.0293736541778,26.477707195062,2026-06-29 19:00:00+00:00,Wildfire in The Democratic Republic of Congo 1029366 (Wildfires)
disaster,-7.4684349660329,18.412793133152,2026-06-29 19:00:00+00:00,Wildfire in The Democratic Republic of Congo 1029367 (Wildfires)
disaster,-7.4732015003187,20.094978085275,2026-06-29 19:00:00+00:00,Wildfire in Angola 1029402 (Wildfires)
disaster,-3.9837591874139,24.41163943608,2026-06-29 19:00:00+00:00,Wildfire in The Democratic Republic of Congo 1029455 (Wildfires)
disaster,48.57853340579,-91.37827342062,2026-06-29 19:00:00+00:00,Wildfire in Canada 1029495 (Wildfires)
disaster,42.765917,-103.637694,2026-06-29 17:50:00+00:00,"Wildfire Log Road, Sioux, Nebraska (Wildfires)"
disaster,28.3491667,-81.0536111,2026-06-29 15:11:00+00:00,"Wildfire HELLS BAY (48), Orange, Florida (Wildfires)"
disaster,46.051583,-118.872567,2026-06-29 14:11:00+00:00,"Wildfire LAMBDIN, Walla Walla, Washington (Wildfires)"
disaster,38.019315,-105.071268,2026-06-29 10:21:00+00:00,"Wildfire Aspen Acres, Custer, Colorado (Wildfires)"
disaster,30.35554,-103.00642,2026-06-29 09:04:00+00:00,"Prescribed Fire RX Brewster 5525, Brewster, Texas (Wildfires)"
disaster,45.060735,7.923549,2026-06-28 20:00:00+00:00,Flood in Italy 1103980 (Floods)
disaster,-26.408432,-57.1252096,2026-06-28 20:00:00+00:00,Flood in Paraguay 1103999 (Floods)
disaster,41.285504,-120.503409,2026-06-28 19:46:00+00:00,"Wildfire ROMERO, Modoc, California (Wildfires)"
disaster,-6.9589572996696045,19.689573343497425,2026-06-28 19:00:00+00:00,"Wildfire in The Democratic Republic of Congo, Angola 1029186 (Wildfires)"
disaster,-7.721537254806408,18.736430417814105,2026-06-28 19:00:00+00:00,Wildfire in The Democratic Republic of Congo 1029187 (Wildfires)
disaster,-14.30535869275984,134.81278378488722,2026-06-28 19:00:00+00:00,Wildfire in Australia 1029208 (Wildfires)
disaster,38.03427678171815,-105.00799497824693,2026-06-28 19:00:00+00:00,Wildfire in United States 1029196 (Wildfires)
disaster,-18.350474927998352,25.353597377514298,2026-06-28 19:00:00+00:00,Wildfire in Botswana 1029230 (Wildfires)
disaster,-9.01756432207462,21.44019407726592,2026-06-28 19:00:00+00:00,Wildfire in Angola 1029245 (Wildfires)
disaster,-9.60937275860454,26.26845069219911,2026-06-28 19:00:00+00:00,Wildfire in The Democratic Republic of Congo 1029276 (Wildfires)
disaster,57.86792070063596,-100.24977143424614,2026-06-28 19:00:00+00:00,Wildfire in Canada 1029281 (Wildfires)
disaster,59.18105230623768,-98.42518409844206,2026-06-28 19:00:00+00:00,Wildfire in Canada 1029297 (Wildfires)
disaster,-6.852150996820509,18.43804823999105,2026-06-28 19:00:00+00:00,Wildfire in The Democratic Republic of Congo 1029275 (Wildfires)
disaster,57.54471629374121,-101.10304362359342,2026-06-28 19:00:00+00:00,Wildfire in Canada 1029304 (Wildfires)
disaster,-6.928979774749573,18.309403177994408,2026-06-28 19:00:00+00:00,Wildfire in The Democratic Republic of Congo 1029305 (Wildfires)
disaster,-5.194397802503665,17.371450536220028,2026-06-28 19:00:00+00:00,Wildfire in The Democratic Republic of Congo 1029323 (Wildfires)
disaster,-7.050374298353,18.430786577224,2026-06-28 19:00:00+00:00,Wildfire in The Democratic Republic of Congo 1029342 (Wildfires)
disaster,-10.739870996574,16.818589041387,2026-06-28 19:00:00+00:00,Wildfire in Angola 1029343 (Wildfires)
disaster,-6.6901420517534,18.529323149174,2026-06-28 19:00:00+00:00,Wildfire in The Democratic Republic of Congo 1029360 (Wildfires)
disaster,-9.208436446441,21.621379398382,2026-06-28 19:00:00+00:00,Wildfire in Angola 1029380 (Wildfires)
disaster,65.194498755899,-117.45065311431,2026-06-28 19:00:00+00:00,Wildfire in Canada 1029412 (Wildfires)
disaster,-7.8087369594816,18.624273705995,2026-06-28 19:00:00+00:00,Wildfire in The Democratic Republic of Congo 1029403 (Wildfires)
disaster,-10.789921848856,17.853107983052,2026-06-28 19:00:00+00:00,Wildfire in Angola 1029404 (Wildfires)
disaster,-35.762097357002,137.06497159529,2026-06-28 19:00:00+00:00,Wildfire in Australia 1029447 (Wildfires)
disaster,39.23358,-106.44032,2026-06-28 18:47:00+00:00,"Wildfire Willow, Lake, Colorado (Wildfires)"
disaster,27.15,-82.3005556,2026-06-28 16:50:00+00:00,"Wildfire CARLTON EAST, Sarasota, Florida (Wildfires)"
disaster,37.2401223,36.4534072,2026-06-27 20:00:00+00:00,Flood in Türkiye 1103920 (Floods)
disaster,18.833333,-98.0,2026-06-27 20:00:00+00:00,Flood in Mexico 1103981 (Floods)
disaster,9.0369521,-69.7415288,2026-06-27 20:00:00+00:00,Flood in Venezuela 1103982 (Floods)
disaster,37.71545,-109.18345,2026-06-27 19:56:00+00:00,"Wildfire Horse Head, San Juan, Utah (Wildfires)"
disaster,38.051567,-107.682124,2026-06-27 19:53:00+00:00,"Wildfire Gold Mountain, Ouray, Colorado (Wildfires)"
disaster,37.693866484137054,-108.6359631943572,2026-06-27 19:00:00+00:00,Wildfire in United States 1029143 (Wildfires)
disaster,53.842884044619574,-71.8829198411219,2026-06-27 19:00:00+00:00,Wildfire in Canada 1029209 (Wildfires)
disaster,38.08058936545356,-107.64927636238792,2026-06-27 19:00:00+00:00,Wildfire in United States 1029197 (Wildfires)
disaster,58.22126792173019,-102.8087504652889,2026-06-27 19:00:00+00:00,Wildfire in Canada 1029224 (Wildfires)
disaster,60.46400258451255,-108.58942331450191,2026-06-27 19:00:00+00:00,Wildfire in Canada 1029234 (Wildfires)
disaster,49.973697890960615,-78.92754838377228,2026-06-27 19:00:00+00:00,Wildfire in Canada 1029235 (Wildfires)
disaster,57.232643252503635,-97.3770134704988,2026-06-27 19:00:00+00:00,Wildfire in Canada 1029252 (Wildfires)
disaster,58.31622253885826,-97.0556080958184,2026-06-27 19:00:00+00:00,Wildfire in Canada 1029262 (Wildfires)
disaster,60.71004517681177,-109.97973104078493,2026-06-27 19:00:00+00:00,Wildfire in Canada 1029263 (Wildfires)
disaster,53.74955426411679,-61.16705343789003,2026-06-27 19:00:00+00:00,Wildfire in Canada 1029253 (Wildfires)
disaster,-2.7339811754194816,34.44458152083315,2026-06-27 19:00:00+00:00,Wildfire in Tanzania 1029269 (Wildfires)
disaster,58.693947919848235,-98.65749470479142,2026-06-27 19:00:00+00:00,Wildfire in Canada 1029282 (Wildfires)
disaster,56.98611528154643,-93.81652178936508,2026-06-27 19:00:00+00:00,Wildfire in Canada 1029330 (Wildfires)
disaster,-13.189158044927,24.740619455593,2026-06-27 19:00:00+00:00,Wildfire in Zambia 1029368 (Wildfires)
disaster,-9.3763379444349,20.864602398885,2026-06-27 19:00:00+00:00,Wildfire in Angola 1029438 (Wildfires)
disaster,37.629229,-108.67098,2026-06-27 18:39:00+00:00,"Wildfire Ferris, Montezuma, Colorado (Wildfires)"
disaster,33.939174,-117.128829,2026-06-27 17:24:00+00:00,"Wildfire IRON, Riverside, California (Wildfires)"
disaster,37.711183,-108.688017,2026-06-27 15:03:00+00:00,"Wildfire Doe Canyon, Dolores, Colorado (Wildfires)"
disaster,39.071217,-109.073833,2026-06-27 11:08:00+00:00,"Wildfire Jones, Grand, Utah (Wildfires)"
disaster,39.007876,-109.058533,2026-06-27 09:56:00+00:00,"Wildfire Snyder, Grand, Utah (Wildfires)"
disaster,52.2325145,4.9202409,2026-06-26 20:00:00+00:00,Flood in Netherlands 1103978 (Floods)
disaster,38.3979293,47.6764836,2026-06-26 20:00:00+00:00,Flood in Islamic Republic of Iran 1103976 (Floods)
disaster,43.1939185,42.1359434,2026-06-26 20:00:00+00:00,Flood in Georgia 1103979 (Floods)
disaster,64.73125,-155.154033,2026-06-26 19:48:00+00:00,"Wildfire Cecil, Yukon-Koyukuk, Alaska (Wildfires)"
disaster,39.12308583330315,-112.11264256950044,2026-06-26 19:00:00+00:00,Wildfire in United States 1029113 (Wildfires)
disaster,39.05620601955452,-109.02374881847288,2026-06-26 19:00:00+00:00,Wildfire in United States 1029144 (Wildfires)
disaster,37.804288609206054,-109.76740308687292,2026-06-26 19:00:00+00:00,Wildfire in United States 1029145 (Wildfires)
disaster,63.392431081302014,-123.55880346094244,2026-06-26 19:00:00+00:00,Wildfire in Canada 1029156 (Wildfires)
disaster,55.39995428064012,-61.61559019005209,2026-06-26 19:00:00+00:00,Wildfire in Canada 1029175 (Wildfires)
disaster,52.28332834214709,-69.68711848787817,2026-06-26 19:00:00+00:00,Wildfire in Canada 1029176 (Wildfires)
disaster,61.81763248684577,-121.51509627133092,2026-06-26 19:00:00+00:00,Wildfire in Canada 1029181 (Wildfires)
disaster,59.40692461665107,-114.61892003763938,2026-06-26 19:00:00+00:00,Wildfire in Canada 1029198 (Wildfires)
disaster,56.70090553065681,-99.14638758709884,2026-06-26 19:00:00+00:00,Wildfire in Canada 1029199 (Wildfires)
disaster,54.13246873029031,-62.63901679033579,2026-06-26 19:00:00+00:00,Wildfire in Canada 1029188 (Wildfires)
disaster,57.88310447827637,-97.05823040331026,2026-06-26 19:00:00+00:00,Wildfire in Canada 1029225 (Wildfires)
disaster,8.339735668283568,33.06689882794203,2026-06-26 19:00:00+00:00,Wildfire in Sudan 1029214 (Wildfires)
disaster,-5.007028214529881,25.74145487808945,2026-06-26 19:00:00+00:00,Wildfire in The Democratic Republic of Congo 1029215 (Wildfires)
disaster,56.84831590502918,-101.54111119127371,2026-06-26 19:00:00+00:00,Wildfire in Canada 1029237 (Wildfires)
disaster,60.41493758687464,-110.26894936905302,2026-06-26 19:00:00+00:00,Wildfire in Canada 1029236 (Wildfires)
disaster,57.922594203632734,-103.24070480140654,2026-06-26 19:00:00+00:00,Wildfire in Canada 1029241 (Wildfires)
disaster,63.11967819536069,-109.73307740828872,2026-06-26 19:00:00+00:00,Wildfire in Canada 1029264 (Wildfires)
disaster,56.35216230748563,-102.93499450459808,2026-06-26 19:00:00+00:00,Wildfire in Canada 1029265 (Wildfires)
disaster,57.72473845987174,-101.44502785259508,2026-06-26 19:00:00+00:00,Wildfire in Canada 1029254 (Wildfires)
disaster,58.02408606314871,-97.93992130967148,2026-06-26 19:00:00+00:00,Wildfire in Canada 1029256 (Wildfires)
disaster,60.32069741809525,-101.70012419428085,2026-06-26 19:00:00+00:00,Wildfire in Canada 1029313 (Wildfires)
disaster,-8.517763489198028,20.944983194413968,2026-06-26 19:00:00+00:00,Wildfire in Angola 1029306 (Wildfires)
disaster,58.27202168384491,-97.64428735074564,2026-06-26 19:00:00+00:00,Wildfire in Canada 1029314 (Wildfires)
disaster,57.981009519198,-66.99252311231,2026-06-26 19:00:00+00:00,Wildfire in Canada 1029350 (Wildfires)
disaster,33.148167,-110.865,2026-06-26 18:59:00+00:00,"Wildfire STEAMBOAT, Gila, Arizona (Wildfires)"
disaster,39.106205,-112.172072,2026-06-26 18:24:00+00:00,"Wildfire Wild Goose, Millard, Utah (Wildfires)"
disaster,37.734333,-109.808667,2026-06-26 17:54:00+00:00,"Wildfire Babylon, San Juan, Utah (Wildfires)"
disaster,36.737348,-106.1649,2026-06-26 17:20:00+00:00,"Wildfire Beehive, Rio Arriba, New Mexico (Wildfires)"
disaster,45.945754,-119.940022,2026-06-26 16:54:00+00:00,"Wildfire PETERSON, Klickitat, Washington (Wildfires)"
disaster,38.00545,-114.1387,2026-06-26 16:33:00+00:00,"Wildfire Dry Canyon, Lincoln, Nevada (Wildfires)"
disaster,39.852883,-112.3595,2026-06-26 15:55:00+00:00,"Wildfire Cherry, Juab, Utah (Wildfires)"
disaster,67.320833,-151.22,2026-06-26 12:32:00+00:00,"Wildfire Michigan, Yukon-Koyukuk, Alaska (Wildfires)"
disaster,67.529167,-151.853617,2026-06-26 12:28:00+00:00,"Wildfire Allen, Yukon-Koyukuk, Alaska (Wildfires)"
disaster,28.3311111,-82.4180556,2026-06-25 22:10:00+00:00,"Wildfire EHREN CUTOFF (51), Pasco, Florida (Wildfires)"
disaster,66.783333,-150.391833,2026-06-25 20:24:00+00:00,"Wildfire Doorstep, Yukon-Koyukuk, Alaska (Wildfires)"
disaster,-27.6616073,-53.6421338,2026-06-25 20:00:00+00:00,Flood in Brazil 1103977 (Floods)
disaster,40.409217,-119.201767,2026-06-25 19:21:00+00:00,"Wildfire Kumiva, Pershing, Nevada (Wildfires)"
disaster,-16.920300225234783,138.82218751065454,2026-06-25 19:00:00+00:00,Wildfire in Australia 1029096 (Wildfires)
disaster,53.493246386106186,-65.67758567072565,2026-06-25 19:00:00+00:00,Wildfire in Canada 1029146 (Wildfires)
disaster,56.68907269877293,-100.89071191088163,2026-06-25 19:00:00+00:00,Wildfire in Canada 1029138 (Wildfires)
disaster,-13.907798006563938,141.89538629341746,2026-06-25 19:00:00+00:00,Wildfire in Australia 1029120 (Wildfires)
disaster,54.3408376014346,-62.79075982915795,2026-06-25 19:00:00+00:00,Wildfire in Canada 1029164 (Wildfires)
disaster,60.08829560480441,-113.97935426967352,2026-06-25 19:00:00+00:00,Wildfire in Canada 1029165 (Wildfires)
disaster,56.004567739828104,-102.70632996886084,2026-06-25 19:00:00+00:00,Wildfire in Canada 1029166 (Wildfires)
disaster,53.08511169553526,-69.15309005740865,2026-06-25 19:00:00+00:00,Wildfire in Canada 1029167 (Wildfires)
disaster,56.41613807044688,-99.73882261657631,2026-06-25 19:00:00+00:00,Wildfire in Canada 1029171 (Wildfires)
disaster,-2.2844418886643783,34.36035400060436,2026-06-25 19:00:00+00:00,Wildfire in Tanzania 1029182 (Wildfires)
disaster,55.49252558042101,-103.46235587283331,2026-06-25 19:00:00+00:00,Wildfire in Canada 1029183 (Wildfires)
disaster,60.21607196111869,-113.398546640656,2026-06-25 19:00:00+00:00,Wildfire in Canada 1029200 (Wildfires)
disaster,56.89022066273228,-106.09044264630784,2026-06-25 19:00:00+00:00,Wildfire in Canada 1029201 (Wildfires)
disaster,59.51535880295799,-102.57901390889448,2026-06-25 19:00:00+00:00,Wildfire in Canada 1029202 (Wildfires)
disaster,65.16096247036415,-117.6470393668998,2026-06-25 19:00:00+00:00,Wildfire in Canada 1029203 (Wildfires)
disaster,60.14898008120636,-112.9011608783186,2026-06-25 19:00:00+00:00,Wildfire in Canada 1029204 (Wildfires)
disaster,58.99123140972444,-101.5835959994762,2026-06-25 19:00:00+00:00,Wildfire in Canada 1029226 (Wildfires)
disaster,-7.825597864322511,22.86078189561143,2026-06-25 19:00:00+00:00,Wildfire in The Democratic Republic of Congo 1029216 (Wildfires)
disaster,57.3734615739991,-103.39194562279424,2026-06-25 19:00:00+00:00,Wildfire in Canada 1029228 (Wildfires)
disaster,50.105914519358265,-79.05122483551196,2026-06-25 19:00:00+00:00,Wildfire in Canada 1029233 (Wildfires)
disaster,50.885316450310825,-78.95122995905719,2026-06-25 19:00:00+00:00,Wildfire in Canada 1029238 (Wildfires)
disaster,59.3861798110735,-100.01497858435296,2026-06-25 19:00:00+00:00,Wildfire in Canada 1029239 (Wildfires)
disaster,58.72099712200141,-101.03673016208148,2026-06-25 19:00:00+00:00,Wildfire in Canada 1029257 (Wildfires)
disaster,65.57462432717293,-117.15645335958116,2026-06-25 19:00:00+00:00,Wildfire in Canada 1029258 (Wildfires)
disaster,59.3080358195424,-102.6667304830326,2026-06-25 19:00:00+00:00,Wildfire in Canada 1029255 (Wildfires)
disaster,56.11247925075964,-103.05756334951928,2026-06-25 19:00:00+00:00,Wildfire in Canada 1029266 (Wildfires)
disaster,-13.10030705762607,142.51824801107438,2026-06-25 19:00:00+00:00,Wildfire in Australia 1029267 (Wildfires)
disaster,-4.084320947756844,24.51822541249453,2026-06-25 19:00:00+00:00,Wildfire in The Democratic Republic of Congo 1029277 (Wildfires)
disaster,57.564160810170904,-101.41931036403992,2026-06-25 19:00:00+00:00,Wildfire in Canada 1029298 (Wildfires)
disaster,60.28100499176543,-100.69199137268436,2026-06-25 19:00:00+00:00,Wildfire in Canada 1029283 (Wildfires)
disaster,59.96740850696696,-99.6151845389662,2026-06-25 19:00:00+00:00,Wildfire in Canada 1029315 (Wildfires)
disaster,57.579495772562915,-97.92629914486707,2026-06-25 19:00:00+00:00,Wildfire in Canada 1029316 (Wildfires)
disaster,63.061368852594086,81.24393406358142,2026-06-25 19:00:00+00:00,Wildfire in Russian Federation 1029321 (Wildfires)
disaster,-7.18904979177264,18.930648271832847,2026-06-25 19:00:00+00:00,Wildfire in The Democratic Republic of Congo 1029324 (Wildfires)
disaster,-6.7352649068634,27.02417425134,2026-06-25 19:00:00+00:00,Wildfire in The Democratic Republic of Congo 1029344 (Wildfires)
disaster,62.397915326213,83.050104527042,2026-06-25 19:00:00+00:00,Wildfire in Russian Federation 1029357 (Wildfires)
disaster,-16.390284314804,-59.565877075534,2026-06-25 19:00:00+00:00,Wildfire in Bolivia 1029413 (Wildfires)
disaster,-11.275539395375,132.58280537892,2026-06-25 19:00:00+00:00,Wildfire in Australia 1029414 (Wildfires)
disaster,-9.6728741894032,18.3423683782,2026-06-25 19:00:00+00:00,Wildfire in Angola 1029439 (Wildfires)
disaster,38.083333,-114.293,2026-06-25 14:41:00+00:00,"Wildfire Parsnip Peak, Lincoln, Nevada (Wildfires)"
disaster,65.332833,-159.667333,2026-06-25 12:23:00+00:00,"Wildfire Kilusiktok, Nome, Alaska (Wildfires)"
disaster,-64.35,-55.51,2026-06-25 00:00:00+00:00,Iceberg D33D (Sea and Lake Ice)
disaster,-63.78,-55.47,2026-07-23 00:00:00+00:00,Iceberg D33D (Sea and Lake Ice)
disaster,22.7426936,106.1060926,2026-06-24 20:00:00+00:00,Flood in Vietnam 1103992 (Floods)
disaster,-8.748168183686138,27.082105187840963,2026-06-24 19:00:00+00:00,Wildfire in The Democratic Republic of Congo 1029112 (Wildfires)
disaster,-13.056166071655744,131.29109973541776,2026-06-24 19:00:00+00:00,Wildfire in Australia 1029114 (Wildfires)
disaster,-6.326821824359799,26.442573085877232,2026-06-24 19:00:00+00:00,Wildfire in The Democratic Republic of Congo 1029121 (Wildfires)
disaster,55.65646117030281,-99.09136401479392,2026-06-24 19:00:00+00:00,Wildfire in Canada 1029139 (Wildfires)
disaster,58.45472701036584,-106.68014619366863,2026-06-24 19:00:00+00:00,Wildfire in Canada 1029140 (Wildfires)
disaster,55.44590390348008,-98.79264893786964,2026-06-24 19:00:00+00:00,Wildfire in Canada 1029147 (Wildfires)
disaster,-17.787203230678177,137.12545992351193,2026-06-24 19:00:00+00:00,Wildfire in Australia 1029148 (Wildfires)
disaster,-4.441224267039434,31.31466134653309,2026-06-24 19:00:00+00:00,Wildfire in Tanzania 1029157 (Wildfires)
disaster,65.66101903632621,-117.50760519851676,2026-06-24 19:00:00+00:00,Wildfire in Canada 1029172 (Wildfires)
disaster,65.13835436625597,-117.20632650944698,2026-06-24 19:00:00+00:00,Wildfire in Canada 1029160 (Wildfires)
disaster,59.47621161297169,-114.79977201611452,2026-06-24 19:00:00+00:00,Wildfire in Canada 1029168 (Wildfires)
disaster,65.52172929147739,-119.43730506202772,2026-06-24 19:00:00+00:00,Wildfire in Canada 1029177 (Wildfires)
disaster,59.43371806657526,-102.92737507482737,2026-06-24 19:00:00+00:00,Wildfire in Canada 1029205 (Wildfires)
disaster,58.12875564948522,-101.97864306830942,2026-06-24 19:00:00+00:00,Wildfire in Canada 1029210 (Wildfires)
disaster,58.73359981042132,-103.77529554391222,2026-06-24 19:00:00+00:00,Wildfire in Canada 1029211 (Wildfires)
disaster,-2.483207313448213,35.04493215101438,2026-06-24 19:00:00+00:00,Wildfire in Tanzania 1029217 (Wildfires)
disaster,64.78463449725213,-115.5107104666898,2026-06-24 19:00:00+00:00,Wildfire in Canada 1029213 (Wildfires)
disaster,56.34762299375651,-67.88607685735688,2026-06-24 19:00:00+00:00,Wildfire in Canada 1029227 (Wildfires)
disaster,-4.865998982035415,16.20254582587479,2026-06-24 19:00:00+00:00,Wildfire in The Democratic Republic of Congo 1029218 (Wildfires)
disaster,-8.976423439975319,20.796578462570732,2026-06-24 19:00:00+00:00,Wildfire in Angola 1029246 (Wildfires)
disaster,58.91439500535924,-103.76303974081009,2026-06-24 19:00:00+00:00,Wildfire in Canada 1029242 (Wildfires)
disaster,62.5141200014834,86.56659638798551,2026-06-24 19:00:00+00:00,Wildfire in Russian Federation 1029247 (Wildfires)
disaster,58.087417817728976,-99.2546370661116,2026-06-24 19:00:00+00:00,Wildfire in Canada 1029284 (Wildfires)
disaster,-9.891520324680055,18.46104428714652,2026-06-24 19:00:00+00:00,Wildfire in Angola 1029307 (Wildfires)
disaster,-6.765425173569405,20.006481655800567,2026-06-24 19:00:00+00:00,Wildfire in The Democratic Republic of Congo 1029325 (Wildfires)
disaster,-7.9308934980387,28.732289571401,2026-06-24 19:00:00+00:00,Wildfire in The Democratic Republic of Congo 1029345 (Wildfires)
disaster,64.16785,-157.622817,2026-06-24 16:07:00+00:00,"Wildfire Mud, Yukon-Koyukuk, Alaska (Wildfires)"
disaster,26.4113889,-80.4602778,2026-06-24 14:53:00+00:00,"Wildfire AREA 2, Palm Beach, Florida (Wildfires)"
disaster,26.310827,-80.51182,2026-06-24 13:03:00+00:00,"Wildfire Lox Mutual Aid 06/24, Broward, Florida (Wildfires)"
disaster,26.9361111,-81.1741667,2026-06-24 09:40:00+00:00,"Wildfire Platt Trap  (22), Glades, Florida (Wildfires)"
disaster,35.827218,-106.626,2026-06-24 09:00:00+00:00,"Wildfire McCauley Springs, Sandoval, New Mexico (Wildfires)"
disaster,27.0902778,-82.085,2026-06-23 21:59:00+00:00,"Wildfire Orange Hammock (58), Sarasota, Florida (Wildfires)"
disaster,19.91049,96.0263532,2026-06-23 20:00:00+00:00,Flood in Myanmar 1103975 (Floods)
disaster,32.6450475,130.6341345,2026-06-23 20:00:00+00:00,Flood in Japan 1103993 (Floods)
disaster,-15.176702797573558,134.8580100035355,2026-06-23 19:00:00+00:00,Wildfire in Australia 1029070 (Wildfires)
disaster,-8.73778473699811,21.431925077691595,2026-06-23 19:00:00+00:00,Wildfire in Angola 1029075 (Wildfires)
disaster,-13.707298870541324,130.21613084656167,2026-06-23 19:00:00+00:00,Wildfire in Australia 1029092 (Wildfires)
disaster,-13.455292642878687,132.3345422698933,2026-06-23 19:00:00+00:00,Wildfire in Australia 1029073 (Wildfires)
disaster,-12.0708104801376,133.07161745517203,2026-06-23 19:00:00+00:00,Wildfire in Australia 1029074 (Wildfires)
disaster,-13.924397713242616,130.11272656454548,2026-06-23 19:00:00+00:00,Wildfire in Australia 1029115 (Wildfires)
disaster,-13.387891975198292,132.10525075122115,2026-06-23 19:00:00+00:00,Wildfire in Australia 1029116 (Wildfires)
disaster,63.22744893856397,81.57162473885148,2026-06-23 19:00:00+00:00,Wildfire in Russian Federation 1029149 (Wildfires)
disaster,55.336338256975225,125.83750001110684,2026-06-23 19:00:00+00:00,Wildfire in Russian Federation 1029150 (Wildfires)
disaster,-13.744549385159631,141.81223233115696,2026-06-23 19:00:00+00:00,Wildfire in Australia 1029151 (Wildfires)
disaster,53.84899232221059,-72.92580981100642,2026-06-23 19:00:00+00:00,Wildfire in Canada 1029141 (Wildfires)
disaster,-7.531943514746287,31.983245915594622,2026-06-23 19:00:00+00:00,Wildfire in Tanzania 1029122 (Wildfires)
disaster,54.063154594344205,-72.40337168963732,2026-06-23 19:00:00+00:00,Wildfire in Canada 1029178 (Wildfires)
disaster,55.494795011376446,122.4923160330398,2026-06-23 19:00:00+00:00,Wildfire in Russian Federation 1029179 (Wildfires)
disaster,-5.795238833669102,26.572951674999615,2026-06-23 19:00:00+00:00,Wildfire in The Democratic Republic of Congo 1029161 (Wildfires)
disaster,61.795566818334926,-122.28526734494508,2026-06-23 19:00:00+00:00,Wildfire in Canada 1029158 (Wildfires)
disaster,65.67661204464517,-118.9905980372872,2026-06-23 19:00:00+00:00,Wildfire in Canada 1029207 (Wildfires)
disaster,-14.476041200160806,126.18339472141768,2026-06-23 19:00:00+00:00,Wildfire in Australia 1029212 (Wildfires)
disaster,-6.853720603429325,30.857801464135985,2026-06-23 19:00:00+00:00,Wildfire in Tanzania 1029184 (Wildfires)
disaster,61.31650240801666,-103.8655001360441,2026-06-23 19:00:00+00:00,Wildfire in Canada 1029206 (Wildfires)
disaster,-5.6136491478262,26.189376537093978,2026-06-23 19:00:00+00:00,Wildfire in The Democratic Republic of Congo 1029231 (Wildfires)
disaster,60.24767379629001,-113.51448583280172,2026-06-23 19:00:00+00:00,Wildfire in Canada 1029248 (Wildfires)
disaster,33.314762963946215,-108.63472570916686,2026-06-23 19:00:00+00:00,Wildfire in United States 1029259 (Wildfires)
disaster,-7.217458828622345,19.04073882298844,2026-06-23 19:00:00+00:00,Wildfire in The Democratic Republic of Congo 1029278 (Wildfires)
disaster,-12.954269221750952,28.780391916641076,2026-06-23 19:00:00+00:00,"Wildfire in The Democratic Republic of Congo, Zambia 1029270 (Wildfires)"
disaster,-6.776581623984634,27.127918682670053,2026-06-23 19:00:00+00:00,Wildfire in The Democratic Republic of Congo 1029308 (Wildfires)
disaster,-3.7094747794155,24.092669171627,2026-06-23 19:00:00+00:00,Wildfire in The Democratic Republic of Congo 1029346 (Wildfires)
disaster,-11.362283701793,130.53055315474,2026-06-23 19:00:00+00:00,Wildfire in Australia 1029385 (Wildfires)
disaster,-6.8285012788698,26.825768723985,2026-06-23 19:00:00+00:00,Wildfire in The Democratic Republic of Congo 1029369 (Wildfires)
disaster,-3.6963445219658,23.508374031775,2026-06-23 19:00:00+00:00,Wildfire in The Democratic Republic of Congo 1029405 (Wildfires)
disaster,-3.2473898994676,23.768925732815,2026-06-23 19:00:00+00:00,Wildfire in The Democratic Republic of Congo 1029406 (Wildfires)
disaster,43.428487,-110.221765,2026-06-23 17:59:00+00:00,"Wildfire Kinky Creek, Teton, Wyoming (Wildfires)"
disaster,34.998876,-105.585484,2026-06-23 16:21:00+00:00,"Wildfire CANYON VENADO, Torrance, New Mexico (Wildfires)"
disaster,37.226833,-103.072,2026-06-23 03:03:00+00:00,"Wildfire Wagon Wheel, Baca, Colorado (Wildfires)"
disaster,14.7,145.7,2026-06-23 00:00:00+00:00,Tropical Storm Higos (Severe Storms)
disaster,14.7,144.8,2026-06-23 06:00:00+00:00,Tropical Storm Higos (Severe Storms)
disaster,14.8,143.9,2026-06-23 12:00:00+00:00,Tropical Storm Higos (Severe Storms)
disaster,14.9,142.8,2026-06-23 18:00:00+00:00,Tropical Storm Higos (Severe Storms)
disaster,15.1,141.9,2026-06-24 00:00:00+00:00,Tropical Storm Higos (Severe Storms)
disaster,15.7,140.8,2026-06-24 06:00:00+00:00,Tropical Storm Higos (Severe Storms)
disaster,16.3,139.7,2026-06-24 12:00:00+00:00,Tropical Storm Higos (Severe Storms)
disaster,17.0,138.5,2026-06-24 18:00:00+00:00,Tropical Storm Higos (Severe Storms)
disaster,17.8,137.6,2026-06-25 00:00:00+00:00,Tropical Storm Higos (Severe Storms)
disaster,19.7,135.5,2026-06-25 06:00:00+00:00,Tropical Storm Higos (Severe Storms)
disaster,21.2,135.0,2026-06-25 12:00:00+00:00,Tropical Storm Higos (Severe Storms)
disaster,22.4,134.1,2026-06-25 18:00:00+00:00,Tropical Storm Higos (Severe Storms)
disaster,25.0,133.6,2026-06-26 00:00:00+00:00,Tropical Storm Higos (Severe Storms)
disaster,28.4,134.6,2026-06-26 06:00:00+00:00,Tropical Storm Higos (Severe Storms)
disaster,31.8,136.1,2026-06-26 12:00:00+00:00,Tropical Storm Higos (Severe Storms)
disaster,34.0,137.5,2026-06-26 18:00:00+00:00,Tropical Storm Higos (Severe Storms)
disaster,36.4,142.9,2026-06-27 00:00:00+00:00,Tropical Storm Higos (Severe Storms)
disaster,19.114541,72.9257184,2026-06-22 20:00:00+00:00,Flood in India 1103972 (Floods)
disaster,43.64638,24.39821,2026-06-22 20:00:00+00:00,Flood in Bulgaria 1103973 (Floods)
disaster,41.0316005,21.3302511,2026-06-22 20:00:00+00:00,Flood in The Republic of North Macedonia 1103974 (Floods)
disaster,-15.75861744799452,135.46190866838072,2026-06-22 19:00:00+00:00,Wildfire in Australia 1029030 (Wildfires)
disaster,-13.59120422481217,129.92372122183687,2026-06-22 19:00:00+00:00,Wildfire in Australia 1029031 (Wildfires)
disaster,38.27339457096819,-112.46922640617332,2026-06-22 19:00:00+00:00,Wildfire in United States 1029032 (Wildfires)
disaster,36.93566564968834,41.072866343309215,2026-06-22 19:00:00+00:00,Wildfire in Syrian Arab Republic 1029038 (Wildfires)
disaster,-16.00775029072823,135.69625426618575,2026-06-22 19:00:00+00:00,Wildfire in Australia 1029048 (Wildfires)
disaster,-13.530344060397097,130.14663943909088,2026-06-22 19:00:00+00:00,Wildfire in Australia 1029051 (Wildfires)
disaster,-9.942006539050684,-53.29245485567946,2026-06-22 19:00:00+00:00,Wildfire in Brazil 1029068 (Wildfires)
disaster,-13.56300063752948,130.26418471518778,2026-06-22 19:00:00+00:00,Wildfire in Australia 1029076 (Wildfires)
disaster,-14.277634879289648,133.22660599776344,2026-06-22 19:00:00+00:00,Wildfire in Australia 1029077 (Wildfires)
disaster,54.30414747764325,-72.7111431739108,2026-06-22 19:00:00+00:00,Wildfire in Canada 1029110 (Wildfires)
disaster,-12.397704112318207,142.70066965104837,2026-06-22 19:00:00+00:00,Wildfire in Australia 1029097 (Wildfires)
disaster,-9.450850275413202,21.398377873375107,2026-06-22 19:00:00+00:00,Wildfire in Angola 1029123 (Wildfires)
disaster,55.10725038163808,-71.20088729882926,2026-06-22 19:00:00+00:00,Wildfire in Canada 1029142 (Wildfires)
disaster,54.73358538434072,-76.41249416517552,2026-06-22 19:00:00+00:00,Wildfire in Canada 1029169 (Wildfires)
disaster,57.137790379489545,124.49928952161518,2026-06-22 19:00:00+00:00,Wildfire in Russian Federation 1029173 (Wildfires)
disaster,-2.364118683956616,23.32657538988753,2026-06-22 19:00:00+00:00,Wildfire in The Democratic Republic of Congo 1029219 (Wildfires)
disaster,-7.083895061043452,19.90796642362726,2026-06-22 19:00:00+00:00,Wildfire in Angola 1029220 (Wildfires)
disaster,-9.367682433613815,18.0146564934512,2026-06-22 19:00:00+00:00,Wildfire in Angola 1029232 (Wildfires)
disaster,-8.207813369477028,28.682528719727348,2026-06-22 19:00:00+00:00,Wildfire in The Democratic Republic of Congo 1029249 (Wildfires)
disaster,-3.607249374717445,23.460795542743515,2026-06-22 19:00:00+00:00,Wildfire in The Democratic Republic of Congo 1029279 (Wildfires)
disaster,-8.942163795412958,18.26255622657384,2026-06-22 19:00:00+00:00,Wildfire in Angola 1029309 (Wildfires)
disaster,38.26975,-112.550767,2026-06-22 18:49:00+00:00,"Wildfire Cottonwood, Beaver, Utah (Wildfires)"
disaster,43.908947,-117.178802,2026-06-22 17:01:00+00:00,"Wildfire LYTLE, Malheur, Oregon (Wildfires)"
disaster,33.274833,-108.6735,2026-06-22 11:22:00+00:00,"Wildfire Sacaton, Catron, New Mexico (Wildfires)"
disaster,63.9195,-146.008333,2026-06-21 23:39:00+00:00,"Wildfire Buffalo, Southeast Fairbanks, Alaska (Wildfires)"
disaster,47.6388,-119.371668,2026-06-21 22:09:00+00:00,"Wildfire GARRED ROAD, Douglas, Washington (Wildfires)"
disaster,47.1753833,20.1946279,2026-06-21 20:00:00+00:00,Flood in Hungary 1103967 (Floods)
disaster,-12.808622703213054,142.53827387433876,2026-06-21 19:00:00+00:00,Wildfire in Australia 1029016 (Wildfires)
disaster,-12.16207064547598,133.16413507178746,2026-06-21 19:00:00+00:00,Wildfire in Australia 1029033 (Wildfires)
disaster,-13.780189502750906,134.96311774689838,2026-06-21 19:00:00+00:00,Wildfire in Australia 1029052 (Wildfires)
disaster,55.279195144915654,-102.01147809772186,2026-06-21 19:00:00+00:00,Wildfire in Canada 1029093 (Wildfires)
disaster,-7.341491941529907,20.301920064862443,2026-06-21 19:00:00+00:00,Wildfire in Angola 1029100 (Wildfires)
disaster,62.85061495722907,85.82225896568377,2026-06-21 19:00:00+00:00,Wildfire in Russian Federation 1029117 (Wildfires)
disaster,-12.002485374740631,22.226112884428993,2026-06-21 19:00:00+00:00,Wildfire in Angola 1029124 (Wildfires)
disaster,-7.31270807088035,19.379841434432652,2026-06-21 19:00:00+00:00,Wildfire in The Democratic Republic of Congo 1029125 (Wildfires)
disaster,-10.398237268228176,-50.11831557037748,2026-06-21 19:00:00+00:00,Wildfire in Brazil 1029170 (Wildfires)
disaster,54.85986727643824,131.06027010292016,2026-06-21 19:00:00+00:00,Wildfire in Russian Federation 1029174 (Wildfires)
disaster,-6.4803457661644295,26.46423195290244,2026-06-21 19:00:00+00:00,Wildfire in The Democratic Republic of Congo 1029185 (Wildfires)
disaster,-6.933384332796755,18.625220941416817,2026-06-21 19:00:00+00:00,Wildfire in The Democratic Republic of Congo 1029190 (Wildfires)
disaster,-3.391224368941448,23.52715948306224,2026-06-21 19:00:00+00:00,Wildfire in The Democratic Republic of Congo 1029189 (Wildfires)
disaster,-3.834833258684761,23.20934681496528,2026-06-21 19:00:00+00:00,Wildfire in The Democratic Republic of Congo 1029221 (Wildfires)
disaster,-5.300387611843379,24.94879516652924,2026-06-21 19:00:00+00:00,Wildfire in The Democratic Republic of Congo 1029310 (Wildfires)
disaster,45.357167,-116.397033,2026-06-21 16:03:00+00:00,"Wildfire Shingle Creek, Idaho, Idaho (Wildfires)"
disaster,33.551833,-110.226,2026-06-21 09:36:00+00:00,"Wildfire White Tail, Gila, Arizona (Wildfires)"
disaster,42.68965,-117.689133,2026-06-21 08:13:00+00:00,"Wildfire BASIN, Malheur, Oregon (Wildfires)"
disaster,64.2705,-148.351667,2026-06-21 02:30:00+00:00,"Wildfire Tatlanika, Denali, Alaska (Wildfires)"
disaster,65.364395,-142.40666,2026-06-20 22:42:00+00:00,"Wildfire Kathul, Southeast Fairbanks, Alaska (Wildfires)"
disaster,64.328883,-149.1975,2026-06-20 22:34:00+00:00,"Wildfire Starry, Denali, Alaska (Wildfires)"
disaster,40.7739,-111.820933,2026-06-20 20:22:00+00:00,"Wildfire Bonneville, Salt Lake, Utah (Wildfires)"
disaster,47.3819953,22.3481728,2026-06-20 20:00:00+00:00,Flood in Romania 1103966 (Floods)
disaster,64.37945,-145.443333,2026-06-20 19:42:00+00:00,"Wildfire Shaw, Southeast Fairbanks, Alaska (Wildfires)"
disaster,-17.518805224529856,138.78054098778668,2026-06-20 19:00:00+00:00,Wildfire in Australia 1029017 (Wildfires)
disaster,-11.612775814397096,132.82157683929367,2026-06-20 19:00:00+00:00,Wildfire in Australia 1029034 (Wildfires)
disaster,18.194207062582155,-71.6049367725106,2026-06-20 19:00:00+00:00,Wildfire in Dominican Republic 1029053 (Wildfires)
disaster,-5.382230470673559,26.05590838326456,2026-06-20 19:00:00+00:00,Wildfire in The Democratic Republic of Congo 1029039 (Wildfires)
disaster,-4.329868786788594,31.21102265099713,2026-06-20 19:00:00+00:00,Wildfire in Tanzania 1029042 (Wildfires)
disaster,-7.654893808289762,22.957933512090875,2026-06-20 19:00:00+00:00,Wildfire in The Democratic Republic of Congo 1029058 (Wildfires)
disaster,-6.077144448418399,26.64928583625063,2026-06-20 19:00:00+00:00,Wildfire in The Democratic Republic of Congo 1029057 (Wildfires)
disaster,-13.170484212220885,131.07454251455732,2026-06-20 19:00:00+00:00,Wildfire in Australia 1029078 (Wildfires)
disaster,-8.283266937820283,20.889624447143746,2026-06-20 19:00:00+00:00,Wildfire in Angola 1029082 (Wildfires)
disaster,-5.745409515841824,27.11369725964036,2026-06-20 19:00:00+00:00,Wildfire in The Democratic Republic of Congo 1029083 (Wildfires)
disaster,-8.90250293187425,26.69212529118833,2026-06-20 19:00:00+00:00,Wildfire in The Democratic Republic of Congo 1029101 (Wildfires)
disaster,-4.068795254714486,23.973477921990114,2026-06-20 19:00:00+00:00,Wildfire in The Democratic Republic of Congo 1029102 (Wildfires)
disaster,-11.848826557800509,21.23508410982283,2026-06-20 19:00:00+00:00,Wildfire in Angola 1029103 (Wildfires)
disaster,-7.677190855288985,20.723169841334663,2026-06-20 19:00:00+00:00,Wildfire in Angola 1029126 (Wildfires)
disaster,57.452660220511994,159.10304591582738,2026-06-20 19:00:00+00:00,Wildfire in Russian Federation 1029127 (Wildfires)
disaster,-9.8010342146741,18.375127523651855,2026-06-20 19:00:00+00:00,Wildfire in Angola 1029191 (Wildfires)
disaster,-9.610527444737114,17.96610775027261,2026-06-20 19:00:00+00:00,Wildfire in Angola 1029280 (Wildfires)
disaster,42.709201,-117.669485,2026-06-20 18:57:00+00:00,"Wildfire DRY CREEK, Malheur, Oregon (Wildfires)"
disaster,40.7299,-112.94745,2026-06-20 16:49:00+00:00,"Wildfire Hastings, Tooele, Utah (Wildfires)"
disaster,41.85875,-118.5754,2026-06-20 16:39:00+00:00,"Wildfire Shyster, Humboldt, Nevada (Wildfires)"
disaster,42.227833,-115.920833,2026-06-20 16:33:00+00:00,"Wildfire MARY, Owyhee, Idaho (Wildfires)"
disaster,60.9,-155.23,2026-06-20 14:04:00+00:00,"Wildfire Hoholitna, Lake and Peninsula, Alaska (Wildfires)"
disaster,35.866437,-92.774577,2026-06-20 12:10:00+00:00,"Wildfire Searcy 149, Searcy, Arkansas (Wildfires)"
disaster,35.88585,-91.64646,2026-06-20 12:00:00+00:00,"Wildfire Independence 163, Independence, Arkansas (Wildfires)"
disaster,36.4568,-91.9525,2026-06-20 08:23:00+00:00,"Wildfire Fulton 225, Fulton, Arkansas (Wildfires)"
disaster,39.976283,-112.19755,2026-06-20 02:01:00+00:00,"Wildfire Iron, Juab, Utah (Wildfires)"
disaster,35.90866,-91.87339,2026-06-19 22:54:00+00:00,"Wildfire Izard 201, Izard, Arkansas (Wildfires)"
disaster,35.87584,-92.77191,2026-06-19 22:23:00+00:00,"Wildfire Searcy 189, Searcy, Arkansas (Wildfires)"
disaster,34.967212,-111.787421,2026-06-19 20:51:00+00:00,"Wildfire Pocket, Yavapai, Arizona (Wildfires)"
disaster,45.4955083,-73.8471749,2026-06-19 20:00:00+00:00,Flood in Canada 1103963 (Floods)
disaster,49.6901444,14.0103663,2026-06-19 20:00:00+00:00,Flood in Czech Republic 1103964 (Floods)
disaster,50.4613937,4.841761,2026-06-19 20:00:00+00:00,Flood in Belgium 1103965 (Floods)
disaster,14.6181139,-88.4690631,2026-06-19 20:00:00+00:00,Flood in Honduras 1103969 (Floods)
disaster,35.2908333,-118.7477778,2026-06-19 19:43:00+00:00,"Wildfire STAR, Kern, California (Wildfires)"
disaster,63.652,-151.235,2026-06-19 19:34:00+00:00,"Wildfire Bear, Denali, Alaska (Wildfires)"
disaster,40.00571730639354,-112.14841171199508,2026-06-19 19:00:00+00:00,Wildfire in United States 1029002 (Wildfires)
disaster,-16.343472405218904,126.28496586867452,2026-06-19 19:00:00+00:00,Wildfire in Australia 1029018 (Wildfires)
disaster,-12.685234747248431,131.1526523742796,2026-06-19 19:00:00+00:00,Wildfire in Australia 1029027 (Wildfires)
disaster,-12.84632293158814,130.7245093846214,2026-06-19 19:00:00+00:00,Wildfire in Australia 1029028 (Wildfires)
disaster,-15.071411336158231,127.02245141727752,2026-06-19 19:00:00+00:00,Wildfire in Australia 1029029 (Wildfires)
disaster,-15.598982136706525,131.78071547071204,2026-06-19 19:00:00+00:00,Wildfire in Australia 1029035 (Wildfires)
disaster,-14.85981246317197,25.90736375149048,2026-06-19 19:00:00+00:00,Wildfire in Zambia 1029040 (Wildfires)
disaster,-3.695636340833099,23.80107178362462,2026-06-19 19:00:00+00:00,Wildfire in The Democratic Republic of Congo 1029059 (Wildfires)
disaster,-5.256280969925036,24.857550176046292,2026-06-19 19:00:00+00:00,Wildfire in The Democratic Republic of Congo 1029084 (Wildfires)
disaster,53.97055764370818,-75.11805740424411,2026-06-19 19:00:00+00:00,Wildfire in Canada 1029079 (Wildfires)
disaster,-12.09080321614189,133.59756436501283,2026-06-19 19:00:00+00:00,Wildfire in Australia 1029094 (Wildfires)
disaster,-14.06911406364148,129.67748593460365,2026-06-19 19:00:00+00:00,Wildfire in Australia 1029095 (Wildfires)
disaster,-9.312482466724084,18.106419947264868,2026-06-19 19:00:00+00:00,Wildfire in Angola 1029105 (Wildfires)
disaster,-9.233144279299662,17.797955703496555,2026-06-19 19:00:00+00:00,Wildfire in Angola 1029104 (Wildfires)
disaster,-15.6805573375157,131.79339525172804,2026-06-19 19:00:00+00:00,Wildfire in Australia 1029152 (Wildfires)
disaster,-3.5514761975878724,24.31016540700198,2026-06-19 19:00:00+00:00,Wildfire in The Democratic Republic of Congo 1029128 (Wildfires)
disaster,35.00483837584411,-111.81949872658376,2026-06-19 19:00:00+00:00,Wildfire in United States 1029159 (Wildfires)
disaster,53.4655765092336,-78.3803761834802,2026-06-19 19:00:00+00:00,Wildfire in Canada 1029162 (Wildfires)
disaster,-3.265670795967609,23.554758711289978,2026-06-19 19:00:00+00:00,Wildfire in The Democratic Republic of Congo 1029192 (Wildfires)
disaster,-6.683183045315731,27.09628928991749,2026-06-19 19:00:00+00:00,Wildfire in The Democratic Republic of Congo 1029222 (Wildfires)
disaster,-5.549254945166767,26.247485001640182,2026-06-19 19:00:00+00:00,Wildfire in The Democratic Republic of Congo 1029240 (Wildfires)
disaster,13.7,140.0,2026-06-19 12:00:00+00:00,Typhoon Mekkhala (Severe Storms)
disaster,14.0,138.6,2026-06-19 18:00:00+00:00,Typhoon Mekkhala (Severe Storms)
disaster,14.1,137.8,2026-06-20 00:00:00+00:00,Typhoon Mekkhala (Severe Storms)
disaster,14.2,136.7,2026-06-20 06:00:00+00:00,Typhoon Mekkhala (Severe Storms)
disaster,14.3,135.4,2026-06-20 12:00:00+00:00,Typhoon Mekkhala (Severe Storms)
disaster,14.8,134.3,2026-06-20 18:00:00+00:00,Typhoon Mekkhala (Severe Storms)
disaster,15.4,133.0,2026-06-21 00:00:00+00:00,Typhoon Mekkhala (Severe Storms)
disaster,16.1,131.9,2026-06-21 06:00:00+00:00,Typhoon Mekkhala (Severe Storms)
disaster,16.5,130.6,2026-06-21 12:00:00+00:00,Typhoon Mekkhala (Severe Storms)
disaster,17.3,128.9,2026-06-21 18:00:00+00:00,Typhoon Mekkhala (Severe Storms)
disaster,17.5,127.8,2026-06-22 00:00:00+00:00,Typhoon Mekkhala (Severe Storms)
disaster,17.9,126.9,2026-06-22 06:00:00+00:00,Typhoon Mekkhala (Severe Storms)
disaster,18.1,126.1,2026-06-22 12:00:00+00:00,Typhoon Mekkhala (Severe Storms)
disaster,18.3,125.6,2026-06-22 18:00:00+00:00,Typhoon Mekkhala (Severe Storms)
disaster,18.9,125.2,2026-06-23 00:00:00+00:00,Typhoon Mekkhala (Severe Storms)
disaster,19.1,124.8,2026-06-23 06:00:00+00:00,Typhoon Mekkhala (Severe Storms)
disaster,19.6,124.7,2026-06-23 12:00:00+00:00,Typhoon Mekkhala (Severe Storms)
disaster,20.2,124.8,2026-06-23 18:00:00+00:00,Typhoon Mekkhala (Severe Storms)
disaster,21.0,124.6,2026-06-24 00:00:00+00:00,Typhoon Mekkhala (Severe Storms)
disaster,21.8,124.8,2026-06-24 06:00:00+00:00,Typhoon Mekkhala (Severe Storms)
disaster,22.1,124.8,2026-06-24 12:00:00+00:00,Typhoon Mekkhala (Severe Storms)
disaster,22.6,125.0,2026-06-24 18:00:00+00:00,Typhoon Mekkhala (Severe Storms)
disaster,23.7,125.3,2026-06-25 00:00:00+00:00,Typhoon Mekkhala (Severe Storms)
disaster,24.8,126.0,2026-06-25 06:00:00+00:00,Typhoon Mekkhala (Severe Storms)
disaster,25.5,126.2,2026-06-25 12:00:00+00:00,Typhoon Mekkhala (Severe Storms)
disaster,26.8,126.6,2026-06-25 18:00:00+00:00,Typhoon Mekkhala (Severe Storms)
disaster,27.5,127.0,2026-06-26 00:00:00+00:00,Typhoon Mekkhala (Severe Storms)
disaster,28.0,128.0,2026-06-26 06:00:00+00:00,Typhoon Mekkhala (Severe Storms)
disaster,28.5,129.3,2026-06-26 12:00:00+00:00,Typhoon Mekkhala (Severe Storms)
disaster,29.6,131.2,2026-06-26 18:00:00+00:00,Typhoon Mekkhala (Severe Storms)
disaster,31.6,133.2,2026-06-27 00:00:00+00:00,Typhoon Mekkhala (Severe Storms)
disaster,32.7,135.8,2026-06-27 06:00:00+00:00,Typhoon Mekkhala (Severe Storms)
disaster,35.5,141.4,2026-06-27 12:00:00+00:00,Typhoon Mekkhala (Severe Storms)
disaster,5.1080932,-1.2417103,2026-06-18 20:00:00+00:00,Flood in Ghana 1103954 (Floods)
disaster,47.6053538,15.6723805,2026-06-18 20:00:00+00:00,Flood in Austria 1103957 (Floods)
disaster,53.2977629,14.2413131,2026-06-18 20:00:00+00:00,Flood in Germany 1103958 (Floods)
disaster,36.7919981,127.0062576,2026-06-18 20:00:00+00:00,Flood in South Korea 1103961 (Floods)
disaster,-9.3148991,125.255502,2026-06-18 20:00:00+00:00,Flood in Timor-Leste 1103968 (Floods)
disaster,-15.411339526715096,131.93506608334306,2026-06-18 19:00:00+00:00,Wildfire in Australia 1029036 (Wildfires)
disaster,-12.625996307620694,133.48028567740857,2026-06-18 19:00:00+00:00,Wildfire in Australia 1029054 (Wildfires)
disaster,-8.817373220827246,26.943859066531733,2026-06-18 19:00:00+00:00,Wildfire in The Democratic Republic of Congo 1029060 (Wildfires)
disaster,-0.6294456270264785,23.92426144088532,2026-06-18 19:00:00+00:00,Wildfire in The Democratic Republic of Congo 1029061 (Wildfires)
disaster,-12.683278898459884,142.18477883871088,2026-06-18 19:00:00+00:00,Wildfire in Australia 1029071 (Wildfires)
disaster,-12.63219269094247,133.4865869235844,2026-06-18 19:00:00+00:00,Wildfire in Australia 1029069 (Wildfires)
disaster,-14.976034208807798,126.17382743652932,2026-06-18 19:00:00+00:00,Wildfire in Australia 1029080 (Wildfires)
disaster,-5.241924676405305,25.02798429658874,2026-06-18 19:00:00+00:00,Wildfire in The Democratic Republic of Congo 1029085 (Wildfires)
disaster,54.92102927944625,-77.1758631249205,2026-06-18 19:00:00+00:00,Wildfire in Canada 1029111 (Wildfires)
disaster,-14.376820867385987,134.6918410183108,2026-06-18 19:00:00+00:00,Wildfire in Australia 1029180 (Wildfires)
disaster,-8.511663712624616,26.11840326840245,2026-06-18 19:00:00+00:00,Wildfire in The Democratic Republic of Congo 1029193 (Wildfires)
disaster,-3.5266799410167784,23.812610716138824,2026-06-18 19:00:00+00:00,Wildfire in The Democratic Republic of Congo 1029194 (Wildfires)
disaster,35.4186111,-119.755,2026-06-18 12:28:00+00:00,"Wildfire LOST, Kern, California (Wildfires)"
disaster,-8.3907581,-74.5373433,2026-06-17 20:00:00+00:00,Flood in Peru 1103951 (Floods)
disaster,53.4298114,14.5928676,2026-06-17 20:00:00+00:00,Flood in Poland 1103955 (Floods)
disaster,50.1851628,3.4973822,2026-06-17 20:00:00+00:00,Flood in France 1103956 (Floods)
disaster,39.9407091,69.5711653,2026-06-17 20:00:00+00:00,Flood in Kyrgyzstan 1103960 (Floods)
disaster,-14.750986927316374,26.1906523697792,2026-06-17 19:00:00+00:00,Wildfire in Zambia 1028982 (Wildfires)
disaster,-17.228552471207554,122.60598297756636,2026-06-17 19:00:00+00:00,Wildfire in Australia 1028983 (Wildfires)
disaster,-12.976175542366292,142.1613807616356,2026-06-17 19:00:00+00:00,Wildfire in Australia 1029003 (Wildfires)
disaster,-19.311759505554058,17.502759391796555,2026-06-17 19:00:00+00:00,Wildfire in Namibia 1028989 (Wildfires)
disaster,-0.6499673044384144,24.219430305446465,2026-06-17 19:00:00+00:00,Wildfire in The Democratic Republic of Congo 1029007 (Wildfires)
disaster,-17.261628507452027,125.58374333359504,2026-06-17 19:00:00+00:00,Wildfire in Australia 1029013 (Wildfires)
disaster,-8.47254470396893,25.12519946585595,2026-06-17 19:00:00+00:00,Wildfire in The Democratic Republic of Congo 1029021 (Wildfires)
disaster,37.37887286239014,-114.68549414849474,2026-06-17 19:00:00+00:00,Wildfire in United States 1029037 (Wildfires)
disaster,-4.758574138178614,30.95228326714311,2026-06-17 19:00:00+00:00,Wildfire in Tanzania 1029022 (Wildfires)
disaster,-4.448489137491024,28.028630834700703,2026-06-17 19:00:00+00:00,Wildfire in The Democratic Republic of Congo 1029043 (Wildfires)
disaster,-5.650687811389487,26.711109998997827,2026-06-17 19:00:00+00:00,Wildfire in The Democratic Republic of Congo 1029050 (Wildfires)
disaster,63.61283819455551,170.76752797085783,2026-06-17 19:00:00+00:00,Wildfire in Russian Federation 1029072 (Wildfires)
disaster,-5.347325449031939,25.393279255393352,2026-06-17 19:00:00+00:00,Wildfire in The Democratic Republic of Congo 1029062 (Wildfires)
disaster,-3.2472337820385095,23.315608932609308,2026-06-17 19:00:00+00:00,Wildfire in The Democratic Republic of Congo 1029063 (Wildfires)
disaster,-3.7383496529445472,23.625281595822624,2026-06-17 19:00:00+00:00,Wildfire in The Democratic Republic of Congo 1029086 (Wildfires)
disaster,-12.894247018582808,142.39406009179825,2026-06-17 19:00:00+00:00,Wildfire in Australia 1029098 (Wildfires)
disaster,-3.824337092184267,23.418034881971582,2026-06-17 19:00:00+00:00,Wildfire in The Democratic Republic of Congo 1029118 (Wildfires)
disaster,-7.617213112898888,27.797022334906345,2026-06-17 19:00:00+00:00,Wildfire in The Democratic Republic of Congo 1029129 (Wildfires)
disaster,-9.403615903739084,18.13614213486807,2026-06-17 19:00:00+00:00,Wildfire in Angola 1029130 (Wildfires)
disaster,-4.015355859420057,24.751582531799173,2026-06-17 19:00:00+00:00,Wildfire in The Democratic Republic of Congo 1029131 (Wildfires)
disaster,-3.634770739735473,24.23582238505878,2026-06-17 19:00:00+00:00,Wildfire in The Democratic Republic of Congo 1029132 (Wildfires)
disaster,-3.340258646723215,23.827735305023644,2026-06-17 19:00:00+00:00,Wildfire in The Democratic Republic of Congo 1029133 (Wildfires)
disaster,-7.558026715619333,20.81807557305656,2026-06-17 19:00:00+00:00,Wildfire in Angola 1029134 (Wildfires)
disaster,-18.323964405335353,132.0264286168712,2026-06-17 19:00:00+00:00,Wildfire in Australia 1029153 (Wildfires)
disaster,-16.97073005001154,125.1422537842879,2026-06-17 19:00:00+00:00,Wildfire in Australia 1029154 (Wildfires)
disaster,-3.348703898315745,23.84480076225788,2026-06-17 19:00:00+00:00,Wildfire in The Democratic Republic of Congo 1029223 (Wildfires)
disaster,36.6627778,-99.0227778,2026-06-17 18:41:00+00:00,"Wildfire School Lands, Woods, Oklahoma (Wildfires)"
disaster,25.684,-80.561833,2026-06-17 18:25:00+00:00,"Wildfire Coptic, Miami-Dade, Florida (Wildfires)"
disaster,45.12807,-118.78471,2026-06-17 18:09:00+00:00,"Wildfire Cable Creek, Umatilla, Oregon (Wildfires)"
disaster,29.474,-81.806,2026-06-17 16:26:00+00:00,"Prescribed Fire OCF Penner Pond Rx 0618, Marion, Florida (Wildfires)"
disaster,37.284493,-114.630351,2026-06-17 14:56:00+00:00,"Wildfire Kane Springs, Lincoln, Nevada (Wildfires)"
disaster,37.380844,-114.304702,2026-06-17 14:28:00+00:00,"Wildfire Grapevine, Lincoln, Nevada (Wildfires)"
disaster,42.805867,-114.767567,2026-06-17 13:57:00+00:00,"Median Wildfire, Gooding, Idaho (Wildfires)"
disaster,42.805867,-114.767567,2026-06-17 13:57:00+00:00,"Wildfire Median, Gooding, Idaho (Wildfires)"
disaster,28.7994444,-82.4186111,2026-06-16 23:57:00+00:00,"TRAIL 13 (09) Wildfire, Citrus, Florida (Wildfires)"
disaster,28.7994444,-82.4186111,2026-06-16 23:57:00+00:00,"Wildfire TRAIL 13 (09), Citrus, Florida (Wildfires)"
disaster,48.250361,-119.390027,2026-06-16 23:43:00+00:00,"Kartar Wildfire, Okanogan, Washington (Wildfires)"
disaster,48.250361,-119.390027,2026-06-16 23:43:00+00:00,"Wildfire Kartar, Okanogan, Washington (Wildfires)"
disaster,48.274722,-119.410833,2026-06-16 22:53:00+00:00,"Omak Lake Road Wildfire, Okanogan, Washington (Wildfires)"
disaster,48.274722,-119.410833,2026-06-16 22:53:00+00:00,"Wildfire Omak Lake Road, Okanogan, Washington (Wildfires)"
disaster,46.7493,-120.4575,2026-06-16 22:24:00+00:00,"Wildfire ROZA, Kittitas, Washington (Wildfires)"
disaster,25.8430556,-80.4038889,2026-06-16 21:24:00+00:00,"Wildfire WELL (13), Miami-Dade, Florida (Wildfires)"
disaster,46.489365,-117.949575,2026-06-16 20:53:00+00:00,"Wildfire Tucannon Mutual Aid, Columbia, Washington (Wildfires)"
disaster,7.2775955,-74.6212148,2026-06-16 20:00:00+00:00,Flood in Colombia 1103952 (Floods)
disaster,31.827527,70.9090919,2026-06-16 20:00:00+00:00,Flood in Pakistan 1103953 (Floods)
disaster,42.0844709,44.6959371,2026-06-16 20:00:00+00:00,Flood in Georgia 1103959 (Floods)
disaster,-12.889727879096824,142.50272780485798,2026-06-16 19:00:00+00:00,Wildfire in Australia 1028984 (Wildfires)
disaster,8.17301890250419,33.94419721295479,2026-06-16 19:00:00+00:00,Wildfire in Ethiopia 1028990 (Wildfires)
disaster,-9.153307000948605,21.28237288720681,2026-06-16 19:00:00+00:00,Wildfire in Angola 1028991 (Wildfires)
disaster,37.40256903492005,-114.26240205437324,2026-06-16 19:00:00+00:00,Wildfire in United States 1029004 (Wildfires)
disaster,-13.036997358955013,142.666093938221,2026-06-16 19:00:00+00:00,Wildfire in Australia 1029005 (Wildfires)
disaster,8.787266349738575,32.55115912277139,2026-06-16 19:00:00+00:00,Wildfire in Sudan 1029008 (Wildfires)
disaster,-12.87868427957591,142.26354718162435,2026-06-16 19:00:00+00:00,Wildfire in Australia 1029019 (Wildfires)
disaster,-6.104760502486955,26.547584777490304,2026-06-16 19:00:00+00:00,Wildfire in The Democratic Republic of Congo 1029023 (Wildfires)
disaster,60.70782880369374,92.27775237133214,2026-06-16 19:00:00+00:00,Wildfire in Russian Federation 1029055 (Wildfires)
disaster,-5.901889115235594,27.3102696552952,2026-06-16 19:00:00+00:00,Wildfire in The Democratic Republic of Congo 1029044 (Wildfires)
disaster,-6.7610308592132835,20.230146522787244,2026-06-16 19:00:00+00:00,Wildfire in The Democratic Republic of Congo 1029087 (Wildfires)
disaster,-9.288827913109987,17.62171963987245,2026-06-16 19:00:00+00:00,Wildfire in Angola 1029135 (Wildfires)
disaster,-9.542997591843545,16.5712712417757,2026-06-16 19:00:00+00:00,Wildfire in Angola 1029250 (Wildfires)
disaster,45.616957,-118.615417,2026-06-16 16:43:00+00:00,"Old Emigrant Wildfire, Umatilla, Oregon (Wildfires)"
disaster,45.616957,-118.615417,2026-06-16 16:43:00+00:00,"Wildfire Old Emigrant, Umatilla, Oregon (Wildfires)"
disaster,38.09192,-113.70575,2026-06-16 16:11:00+00:00,"Sawmill Wildfire, Iron, Utah (Wildfires)"
disaster,38.086724,-113.714044,2026-06-16 16:11:00+00:00,"Wildfire Sawmill, Iron, Utah (Wildfires)"
disaster,37.277012,-120.725895,2026-06-16 13:07:00+00:00,"LINCOLN Wildfire, Merced, California (Wildfires)"
disaster,37.277012,-120.725895,2026-06-16 13:07:00+00:00,"Wildfire LINCOLN, Merced, California (Wildfires)"
disaster,25.8116667,-80.4233333,2026-06-15 22:51:00+00:00,"QUARRY 2 (13) Wildfire, Miami-Dade, Florida (Wildfires)"
disaster,25.8116667,-80.4233333,2026-06-15 22:51:00+00:00,"Wildfire QUARRY 2 (13), Miami-Dade, Florida (Wildfires)"
disaster,42.979816,-115.531195,2026-06-15 20:55:00+00:00,"CHALK Wildfire, Elmore, Idaho (Wildfires)"
disaster,42.979816,-115.531195,2026-06-15 20:55:00+00:00,"Wildfire CHALK, Elmore, Idaho (Wildfires)"
disaster,33.624167,-110.754833,2026-06-15 20:37:00+00:00,"Wildfire Sycamore, Gila, Arizona (Wildfires)"
disaster,43.1653625,-1.4860622,2026-06-15 20:00:00+00:00,Flood in Spain 1103948 (Floods)
disaster,-20.498318994572664,22.701468830992944,2026-06-15 19:00:00+00:00,Wildfire in Botswana 1028958 (Wildfires)
disaster,-13.187878925025368,142.49166947583657,2026-06-15 19:00:00+00:00,Wildfire in Australia 1028975 (Wildfires)
disaster,59.48171950413898,84.96869862664218,2026-06-15 19:00:00+00:00,Wildfire in Russian Federation 1028985 (Wildfires)
disaster,8.082010231718773,33.827655584976874,2026-06-15 19:00:00+00:00,Wildfire in Ethiopia 1028992 (Wildfires)
disaster,-13.019726871052464,132.5475552356966,2026-06-15 19:00:00+00:00,Wildfire in Australia 1029056 (Wildfires)
disaster,-2.2376612751507214,23.40133997788168,2026-06-15 19:00:00+00:00,Wildfire in The Democratic Republic of Congo 1029064 (Wildfires)
disaster,-3.3653420244323815,23.398102493541003,2026-06-15 19:00:00+00:00,Wildfire in The Democratic Republic of Congo 1029065 (Wildfires)
disaster,-8.904755888175293,23.75017886473509,2026-06-15 19:00:00+00:00,Wildfire in The Democratic Republic of Congo 1029106 (Wildfires)
disaster,-3.839760678987939,23.65027220697667,2026-06-15 19:00:00+00:00,Wildfire in The Democratic Republic of Congo 1029107 (Wildfires)
disaster,-3.340591145345517,23.626797274307332,2026-06-15 19:00:00+00:00,Wildfire in The Democratic Republic of Congo 1029108 (Wildfires)
disaster,-3.230017021717498,23.7478283856425,2026-06-15 19:00:00+00:00,Wildfire in The Democratic Republic of Congo 1029119 (Wildfires)
disaster,-14.20261479668398,142.7496338534703,2026-06-15 19:00:00+00:00,Wildfire in Australia 1029155 (Wildfires)
disaster,-6.699741061186849,26.67228680200833,2026-06-15 19:00:00+00:00,Wildfire in The Democratic Republic of Congo 1029163 (Wildfires)
disaster,36.075,-113.535333,2026-06-15 18:32:00+00:00,"Dellenbaugh Wildfire, Mohave, Arizona (Wildfires)"
disaster,36.075,-113.535333,2026-06-15 18:32:00+00:00,"Wildfire Dellenbaugh, Mohave, Arizona (Wildfires)"
disaster,27.720842,-81.330714,2026-06-15 18:30:00+00:00,"APQ Area 5A RX 0615 Prescribed Fire, Polk, Florida (Wildfires)"
disaster,27.720842,-81.330714,2026-06-15 18:30:00+00:00,"Prescribed Fire APQ Area 5A RX 0615, Polk, Florida (Wildfires)"
disaster,33.976656,-117.103582,2026-06-15 18:24:00+00:00,"SHORE Wildfire, Riverside, California (Wildfires)"
disaster,33.976656,-117.103582,2026-06-15 18:24:00+00:00,"Wildfire SHORE., Riverside, California (Wildfires)"
disaster,33.462444,-117.487667,2026-06-15 17:58:00+00:00,"Wildfire MATEO, San Diego, California (Wildfires)"
disaster,36.9157,-112.2032,2026-06-15 17:00:00+00:00,"Rock Canyon Wildfire, Coconino, Arizona (Wildfires)"
disaster,36.9157,-112.2032,2026-06-15 17:00:00+00:00,"Wildfire Rock Canyon, Coconino, Arizona (Wildfires)"
disaster,-36.868,-71.378,2026-06-15 00:00:00+00:00,"Nevados del Chillan Volcano, Chile (Volcanoes)"
disaster,40.7818172,-7.128034,2026-06-14 20:00:00+00:00,Flood in Portugal 1103947 (Floods)
disaster,36.2220401,8.3547342,2026-06-14 20:00:00+00:00,Flood in Tunisia 1103945 (Floods)
disaster,43.8591032,18.4309501,2026-06-14 20:00:00+00:00,Flood in Bosnia &amp; Herzegovina 1103946 (Floods)
disaster,14.3040004,-91.5647814,2026-06-14 20:00:00+00:00,Flood in Guatemala 1103949 (Floods)
disaster,4.418877,95.9715039,2026-06-14 20:00:00+00:00,Flood in Indonesia 1103950 (Floods)
disaster,26.3666667,-81.1661111,2026-06-14 19:39:00+00:00,"Green Gate (26) Wildfire, Hendry, Florida (Wildfires)"
disaster,-16.42474695553931,142.4122203856778,2026-06-14 19:00:00+00:00,Wildfire in Australia 1028924 (Wildfires)
disaster,-14.180763159781865,142.11171560309728,2026-06-14 19:00:00+00:00,Wildfire in Australia 1028925 (Wildfires)
disaster,55.30943714180636,124.13665965620172,2026-06-14 19:00:00+00:00,Wildfire in Russian Federation 1028945 (Wildfires)
disaster,-6.45130603213751,18.450912929468224,2026-06-14 19:00:00+00:00,Wildfire in The Democratic Republic of Congo 1028962 (Wildfires)
disaster,25.846417396054804,-80.45082944340456,2026-06-14 19:00:00+00:00,Wildfire in United States 1028966 (Wildfires)
disaster,62.60644180644274,84.10133965754613,2026-06-14 19:00:00+00:00,Wildfire in Russian Federation 1028986 (Wildfires)
disaster,61.96475783411119,87.74306584160698,2026-06-14 19:00:00+00:00,Wildfire in Russian Federation 1028987 (Wildfires)
disaster,-4.499010417757006,27.82944431859159,2026-06-14 19:00:00+00:00,Wildfire in The Democratic Republic of Congo 1029009 (Wildfires)
disaster,-6.644427977902156,20.08874607944617,2026-06-14 19:00:00+00:00,Wildfire in The Democratic Republic of Congo 1029024 (Wildfires)
disaster,-7.217288211863029,25.661355342720743,2026-06-14 19:00:00+00:00,Wildfire in The Democratic Republic of Congo 1029045 (Wildfires)
disaster,-13.794804591262723,142.10644030548994,2026-06-14 19:00:00+00:00,Wildfire in Australia 1029049 (Wildfires)
disaster,-3.8721477375559936,23.77714566080545,2026-06-14 19:00:00+00:00,Wildfire in The Democratic Republic of Congo 1029066 (Wildfires)
disaster,-7.29206059206568,27.496208591549752,2026-06-14 19:00:00+00:00,Wildfire in The Democratic Republic of Congo 1029195 (Wildfires)
disaster,27.7152778,-81.9430556,2026-06-14 17:18:00+00:00,"MIDNIGHT FIRE (53) Wildfire, Polk, Florida (Wildfires)"
disaster,27.7152778,-81.9430556,2026-06-14 17:18:00+00:00,"Wildfire MIDNIGHT FIRE (53), Polk, Florida (Wildfires)"
disaster,46.27276,-119.57664,2026-06-14 16:42:00+00:00,"Wildfire OIE, Benton, Washington (Wildfires)"
disaster,46.27602,-120.3144,2026-06-14 16:30:00+00:00,"4170 Tule Rd Wildfire, Yakima, Washington (Wildfires)"
disaster,46.27602,-120.3144,2026-06-14 16:30:00+00:00,"Wildfire 4170 Tule Rd, Yakima, Washington (Wildfires)"
disaster,43.363867,-116.220336,2026-06-14 14:52:00+00:00,"PV Wildfire, Ada, Idaho (Wildfires)"
disaster,43.363867,-116.220336,2026-06-14 14:52:00+00:00,"Wildfire PV, Ada, Idaho (Wildfires)"
disaster,29.07815,-81.426633,2026-06-14 10:57:00+00:00,"Rookery Wildfire, Volusia, Florida (Wildfires)"
disaster,29.07815,-81.426633,2026-06-14 10:57:00+00:00,"Wildfire Rookery, Volusia, Florida (Wildfires)"
disaster,46.05679,-118.90997,2026-06-14 10:26:00+00:00,"TWIN SISTERS Wildfire, Walla Walla, Washington (Wildfires)"
disaster,46.05679,-118.90997,2026-06-14 10:26:00+00:00,"Wildfire TWIN SISTERS, Walla Walla, Washington (Wildfires)"
disaster,46.346137,-118.896108,2026-06-14 10:25:00+00:00,"JUNIPER DUNES Wildfire, Franklin, Washington (Wildfires)"
disaster,46.346137,-118.896108,2026-06-14 10:25:00+00:00,"Wildfire JUNIPER DUNES, Franklin, Washington (Wildfires)"
disaster,28.6913408,-100.5403411,2026-06-13 20:00:00+00:00,Flood in Mexico 1103944 (Floods)
disaster,-13.384087398001604,133.7543429063048,2026-06-13 19:00:00+00:00,Wildfire in Australia 1028926 (Wildfires)
disaster,-8.960977424300507,-46.965508689198586,2026-06-13 19:00:00+00:00,Wildfire in Brazil 1028953 (Wildfires)
disaster,-13.173954249625826,134.11192959313942,2026-06-13 19:00:00+00:00,Wildfire in Australia 1028976 (Wildfires)
disaster,-6.197986898893775,26.70489596898491,2026-06-13 19:00:00+00:00,Wildfire in The Democratic Republic of Congo 1028979 (Wildfires)
disaster,60.21142745927929,84.29235935069956,2026-06-13 19:00:00+00:00,Wildfire in Russian Federation 1028977 (Wildfires)
disaster,62.37002166829888,85.29215801248367,2026-06-13 19:00:00+00:00,Wildfire in Russian Federation 1029000 (Wildfires)
disaster,-15.654768253135154,127.46582178552951,2026-06-13 19:00:00+00:00,Wildfire in Australia 1029014 (Wildfires)
disaster,-6.250826995793532,26.81981085009369,2026-06-13 19:00:00+00:00,Wildfire in The Democratic Republic of Congo 1029025 (Wildfires)
disaster,-6.326262862073974,19.88705364564587,2026-06-13 19:00:00+00:00,Wildfire in The Democratic Republic of Congo 1029046 (Wildfires)
disaster,61.94273753838612,94.14619780744351,2026-06-13 19:00:00+00:00,Wildfire in Russian Federation 1029081 (Wildfires)
disaster,-3.4685724849698985,24.415310680933064,2026-06-13 19:00:00+00:00,Wildfire in The Democratic Republic of Congo 1029109 (Wildfires)
disaster,-3.052031060236759,24.2835958751097,2026-06-13 19:00:00+00:00,Wildfire in The Democratic Republic of Congo 1029136 (Wildfires)
disaster,35.2638889,-118.6341667,2026-06-13 17:54:00+00:00,"WYLY Wildfire, Kern, California (Wildfires)"
disaster,35.2638889,-118.6341667,2026-06-13 17:54:00+00:00,"Wildfire WYLY, Kern, California (Wildfires)"
disaster,37.1118,-101.5906,2026-06-13 15:16:00+00:00,"26 Wildfire, Morton, Kansas (Wildfires)"
disaster,37.1118,-101.5906,2026-06-13 15:16:00+00:00,"Wildfire 26, Morton, Kansas (Wildfires)"
disaster,46.4322,-117.19118,2026-06-13 10:37:00+00:00,"SNAKE RIVER Wildfire, Whitman, Washington (Wildfires)"
disaster,46.4322,-117.19118,2026-06-13 10:37:00+00:00,"Wildfire SNAKE RIVER, Whitman, Washington (Wildfires)"
disaster,5.8883557,124.8500742,2026-06-12 20:00:00+00:00,Flood in Philippines 1103942 (Floods)
disaster,39.9661061,32.8087786,2026-06-12 20:00:00+00:00,Flood in Türkiye 1103943 (Floods)
disaster,-15.346593303789502,25.443081972078488,2026-06-12 19:00:00+00:00,Wildfire in Zambia 1028904 (Wildfires)
disaster,-6.555369269013503,18.623358436994593,2026-06-12 19:00:00+00:00,Wildfire in The Democratic Republic of Congo 1028930 (Wildfires)
disaster,-4.056770052776474,23.977568377255142,2026-06-12 19:00:00+00:00,Wildfire in The Democratic Republic of Congo 1028946 (Wildfires)
disaster,-6.8836776933868995,17.85086225927886,2026-06-12 19:00:00+00:00,Wildfire in The Democratic Republic of Congo 1028947 (Wildfires)
disaster,-6.153689443693378,-48.49549197652227,2026-06-12 19:00:00+00:00,Wildfire in Brazil 1028954 (Wildfires)
disaster,-1.658830674043192,34.95961391380694,2026-06-12 19:00:00+00:00,Wildfire in Tanzania 1028959 (Wildfires)
disaster,-20.502798342804272,22.694404223669373,2026-06-12 19:00:00+00:00,Wildfire in Botswana 1028971 (Wildfires)
disaster,7.695250366361293,33.70464652764423,2026-06-12 19:00:00+00:00,"Wildfire in Ethiopia, Sudan 1028970 (Wildfires)"
disaster,-3.310305267748899,24.46378980795887,2026-06-12 19:00:00+00:00,Wildfire in The Democratic Republic of Congo 1028980 (Wildfires)
disaster,-3.1486581410662087,23.790377908063736,2026-06-12 19:00:00+00:00,Wildfire in The Democratic Republic of Congo 1029047 (Wildfires)
disaster,-3.5746352362057805,24.104795094336215,2026-06-12 19:00:00+00:00,Wildfire in The Democratic Republic of Congo 1029088 (Wildfires)
disaster,-3.7019539698896273,24.556964190227195,2026-06-12 19:00:00+00:00,Wildfire in The Democratic Republic of Congo 1029089 (Wildfires)
disaster,66.047957,-151.805649,2026-06-12 12:12:00+00:00,"Kilolitna Wildfire, Yukon-Koyukuk, Alaska (Wildfires)"
disaster,66.047957,-151.805649,2026-06-12 12:12:00+00:00,"Wildfire Kilolitna, Yukon-Koyukuk, Alaska (Wildfires)"
disaster,33.062922,-87.047567,2026-06-12 11:08:00+00:00,"Unit 16/20 Rx Prescribed Fire, Bibb, Alabama (Wildfires)"
disaster,33.062922,-87.047567,2026-06-12 11:08:00+00:00,"Prescribed Fire Unit 16/20 Rx, Bibb, Alabama (Wildfires)"
disaster,65.449075,-150.813113,2026-06-11 21:35:00+00:00,"Wildfire Canyon, Yukon-Koyukuk, Alaska (Wildfires)"
disaster,-12.589260915633671,142.5443337537059,2026-06-11 19:00:00+00:00,Wildfire in Australia 1028879 (Wildfires)
disaster,-6.637666471031358,19.31206592998262,2026-06-11 19:00:00+00:00,Wildfire in The Democratic Republic of Congo 1028886 (Wildfires)
disaster,-11.235138379626322,-46.69050869237126,2026-06-11 19:00:00+00:00,Wildfire in Brazil 1028897 (Wildfires)
disaster,-13.51797962948999,131.50193435101338,2026-06-11 19:00:00+00:00,Wildfire in Australia 1028898 (Wildfires)
disaster,-14.058115110567558,133.57779815647447,2026-06-11 19:00:00+00:00,Wildfire in Australia 1028905 (Wildfires)
disaster,-13.525345177490214,131.54984883415122,2026-06-11 19:00:00+00:00,Wildfire in Australia 1028916 (Wildfires)
disaster,-16.73887624222877,123.90413525809804,2026-06-11 19:00:00+00:00,Wildfire in Australia 1028917 (Wildfires)
disaster,-6.432781445978022,26.654605406979535,2026-06-11 19:00:00+00:00,Wildfire in The Democratic Republic of Congo 1028931 (Wildfires)
disaster,59.10097386058258,90.59795115567998,2026-06-11 19:00:00+00:00,Wildfire in Russian Federation 1028955 (Wildfires)
disaster,59.43320857144882,90.30910946477005,2026-06-11 19:00:00+00:00,Wildfire in Russian Federation 1028956 (Wildfires)
disaster,59.32636467487234,89.73283093991624,2026-06-11 19:00:00+00:00,Wildfire in Russian Federation 1028967 (Wildfires)
disaster,59.81861323323651,90.46594449141688,2026-06-11 19:00:00+00:00,Wildfire in Russian Federation 1028960 (Wildfires)
disaster,-6.518747404072268,20.23125169468678,2026-06-11 19:00:00+00:00,Wildfire in The Democratic Republic of Congo 1028963 (Wildfires)
disaster,-6.278085488862925,26.68866959949124,2026-06-11 19:00:00+00:00,Wildfire in The Democratic Republic of Congo 1029001 (Wildfires)
disaster,-3.138934208336005,23.271813481311348,2026-06-11 19:00:00+00:00,Wildfire in The Democratic Republic of Congo 1028994 (Wildfires)
disaster,59.08953351363435,90.8916699258175,2026-06-11 19:00:00+00:00,Wildfire in Russian Federation 1028993 (Wildfires)
disaster,-4.493932549299573,29.08837926046672,2026-06-11 19:00:00+00:00,Wildfire in The Democratic Republic of Congo 1029010 (Wildfires)
disaster,-3.1960516062593283,24.366046589050217,2026-06-11 19:00:00+00:00,Wildfire in The Democratic Republic of Congo 1029041 (Wildfires)
disaster,-2.921777812636492,23.86021890179692,2026-06-11 19:00:00+00:00,Wildfire in The Democratic Republic of Congo 1029090 (Wildfires)
disaster,-3.3034219456846543,24.007631852229157,2026-06-11 19:00:00+00:00,Wildfire in The Democratic Republic of Congo 1029091 (Wildfires)
disaster,59.94051406709327,90.54392198988675,2026-06-11 19:00:00+00:00,Wildfire in Russian Federation 1029099 (Wildfires)
disaster,-6.92710723563813,28.22153387806352,2026-06-11 19:00:00+00:00,Wildfire in The Democratic Republic of Congo 1029137 (Wildfires)
disaster,3.1874261,113.0472803,2026-06-10 20:00:00+00:00,Flood in Malaysia 1103939 (Floods)
disaster,-24.4842187,-51.8148872,2026-06-10 20:00:00+00:00,Flood in Brazil 1103940 (Floods)
disaster,-12.825820366179917,134.70337611487264,2026-06-10 19:00:00+00:00,Wildfire in Australia 1028899 (Wildfires)
disaster,-13.401184701168486,131.06509261805598,2026-06-10 19:00:00+00:00,Wildfire in Australia 1028900 (Wildfires)
disaster,-12.900538969682543,21.485915841357635,2026-06-10 19:00:00+00:00,Wildfire in Angola 1028906 (Wildfires)
disaster,-13.071537368803869,134.0722774186489,2026-06-10 19:00:00+00:00,Wildfire in Australia 1028918 (Wildfires)
disaster,-4.808194809466016,31.044582825023248,2026-06-10 19:00:00+00:00,Wildfire in Tanzania 1028919 (Wildfires)
disaster,-9.048126851549338,26.961049660862543,2026-06-10 19:00:00+00:00,Wildfire in The Democratic Republic of Congo 1028932 (Wildfires)
disaster,-15.215824890028824,125.12547101184911,2026-06-10 19:00:00+00:00,Wildfire in Australia 1028942 (Wildfires)
disaster,-3.2119000108911697,23.9553298513203,2026-06-10 19:00:00+00:00,Wildfire in The Democratic Republic of Congo 1028949 (Wildfires)
disaster,59.53666449529018,90.25356240066354,2026-06-10 19:00:00+00:00,Wildfire in Russian Federation 1028944 (Wildfires)
disaster,-3.5286935901511143,24.008266238539104,2026-06-10 19:00:00+00:00,Wildfire in The Democratic Republic of Congo 1028948 (Wildfires)
disaster,59.486333004601875,90.79069651383392,2026-06-10 19:00:00+00:00,Wildfire in Russian Federation 1028968 (Wildfires)
disaster,-13.305037312166528,141.802610529256,2026-06-10 19:00:00+00:00,Wildfire in Australia 1028973 (Wildfires)
disaster,-3.325201982013827,24.413296725382992,2026-06-10 19:00:00+00:00,Wildfire in The Democratic Republic of Congo 1028995 (Wildfires)
disaster,-9.324576792726,27.220687475091363,2026-06-10 19:00:00+00:00,Wildfire in The Democratic Republic of Congo 1029011 (Wildfires)
disaster,60.80062652115256,88.95192673535956,2026-06-10 19:00:00+00:00,Wildfire in Russian Federation 1029020 (Wildfires)
disaster,-3.931595500695285,24.48948354755528,2026-06-10 19:00:00+00:00,Wildfire in The Democratic Republic of Congo 1029026 (Wildfires)
disaster,38.925944,-78.636,2026-06-10 14:51:00+00:00,"Little Schloss RX Prescribed Fire, Shenandoah, Virginia (Wildfires)"
disaster,38.925944,-78.636,2026-06-10 14:51:00+00:00,"Prescribed Fire Little Schloss RX, Shenandoah, Virginia (Wildfires)"
disaster,37.966389,-102.726028,2026-06-09 21:20:00+00:00,"CR X and CR 2 Wildfire, Prowers, Colorado (Wildfires)"
disaster,37.966389,-102.726028,2026-06-09 21:20:00+00:00,"Wildfire CR X and CR 2, Prowers, Colorado (Wildfires)"
disaster,42.659167,-103.638333,2026-06-09 20:08:00+00:00,"South Fork Wildfire, Sioux, Nebraska (Wildfires)"
disaster,42.659167,-103.638333,2026-06-09 20:08:00+00:00,"Wildfire South Fork, Sioux, Nebraska (Wildfires)"
disaster,42.67068758222755,-103.57346060509504,2026-06-09 19:00:00+00:00,Wildfire in United States 1028867 (Wildfires)
disaster,-13.339263985718068,130.92042005514722,2026-06-09 19:00:00+00:00,Wildfire in Australia 1028855 (Wildfires)
disaster,-13.28211367836668,131.0001419093015,2026-06-09 19:00:00+00:00,Wildfire in Australia 1028880 (Wildfires)
disaster,-14.901558728921804,127.73374021630556,2026-06-09 19:00:00+00:00,Wildfire in Australia 1028881 (Wildfires)
disaster,-5.304109958783614,15.95080548856075,2026-06-09 19:00:00+00:00,Wildfire in The Democratic Republic of Congo 1028907 (Wildfires)
disaster,-13.08989511599587,131.0466955323972,2026-06-09 19:00:00+00:00,Wildfire in Australia 1028927 (Wildfires)
disaster,-13.957595703289067,131.59066998927796,2026-06-09 19:00:00+00:00,Wildfire in Australia 1028928 (Wildfires)
disaster,-3.889475808970036,31.286400291297326,2026-06-09 19:00:00+00:00,Wildfire in Tanzania 1028933 (Wildfires)
disaster,-17.144721182388462,123.09911450100296,2026-06-09 19:00:00+00:00,Wildfire in Australia 1028957 (Wildfires)
disaster,59.62540210468415,88.30098705677521,2026-06-09 19:00:00+00:00,Wildfire in Russian Federation 1028969 (Wildfires)
disaster,62.21969301944234,85.29216592504676,2026-06-09 19:00:00+00:00,Wildfire in Russian Federation 1028978 (Wildfires)
disaster,58.977176278462586,91.19038577857631,2026-06-09 19:00:00+00:00,Wildfire in Russian Federation 1029015 (Wildfires)
disaster,34.0465,-108.292667,2026-06-09 17:45:00+00:00,"Bear Wildfire, Catron, New Mexico (Wildfires)"
disaster,34.0465,-108.292667,2026-06-09 17:45:00+00:00,"Wildfire Bear, Catron, New Mexico (Wildfires)"
disaster,27.59925,-81.2536,2026-06-09 11:20:00+00:00,"APQ Area 11 Scrub RX 0608 Prescribed Fire, Highlands, Florida (Wildfires)"
disaster,27.59925,-81.2536,2026-06-09 11:20:00+00:00,"Prescribed Fire APQ Area 11 Scrub RX 0608, Highlands, Florida (Wildfires)"
disaster,40.460017,-112.410167,2026-06-09 00:15:00+00:00,"South Mountain Wildfire, Tooele, Utah (Wildfires)"
disaster,40.460017,-112.410167,2026-06-09 00:15:00+00:00,"Wildfire South Mountain, Tooele, Utah (Wildfires)"
disaster,-12.542958938543745,134.52512083084767,2026-06-08 19:00:00+00:00,Wildfire in Australia 1028846 (Wildfires)
disaster,-13.888573956719096,129.8112225366034,2026-06-08 19:00:00+00:00,Wildfire in Australia 1028882 (Wildfires)
disaster,-13.615694282655037,142.8457865512442,2026-06-08 19:00:00+00:00,Wildfire in Australia 1028883 (Wildfires)
disaster,-6.387627825728528,20.38943562447794,2026-06-08 19:00:00+00:00,Wildfire in The Democratic Republic of Congo 1028887 (Wildfires)
disaster,-6.915516552869673,20.360990955119014,2026-06-08 19:00:00+00:00,"Wildfire in Angola, The Democratic Republic of Congo 1028888 (Wildfires)"
disaster,-6.08684790077856,17.72810626261972,2026-06-08 19:00:00+00:00,Wildfire in The Democratic Republic of Congo 1028889 (Wildfires)
disaster,-12.912163939077049,134.16175226267382,2026-06-08 19:00:00+00:00,Wildfire in Australia 1028901 (Wildfires)
disaster,-6.616513217103062,26.748040007922615,2026-06-08 19:00:00+00:00,Wildfire in The Democratic Republic of Congo 1028902 (Wildfires)
disaster,-6.243600754602707,20.273912097443365,2026-06-08 19:00:00+00:00,Wildfire in The Democratic Republic of Congo 1028908 (Wildfires)
disaster,-6.757730775713989,20.05880269790099,2026-06-08 19:00:00+00:00,Wildfire in The Democratic Republic of Congo 1028921 (Wildfires)
disaster,-9.688364956030982,17.885014714342724,2026-06-08 19:00:00+00:00,Wildfire in Angola 1028920 (Wildfires)
disaster,-6.4335020244352865,20.30299778067809,2026-06-08 19:00:00+00:00,Wildfire in The Democratic Republic of Congo 1028934 (Wildfires)
disaster,-3.698337997130901,24.466705274578647,2026-06-08 19:00:00+00:00,Wildfire in The Democratic Republic of Congo 1028950 (Wildfires)
disaster,-3.3948850800233923,24.167111032816877,2026-06-08 19:00:00+00:00,Wildfire in The Democratic Republic of Congo 1028981 (Wildfires)
disaster,-3.3301607527422243,24.554609415031827,2026-06-08 19:00:00+00:00,Wildfire in The Democratic Republic of Congo 1028996 (Wildfires)
disaster,-7.553084722508263,27.619937232926,2026-06-08 19:00:00+00:00,Wildfire in The Democratic Republic of Congo 1028997 (Wildfires)
disaster,-3.0097623683026753,23.99425946736836,2026-06-08 19:00:00+00:00,Wildfire in The Democratic Republic of Congo 1028998 (Wildfires)
disaster,-7.350677788718723,27.55379494228082,2026-06-08 19:00:00+00:00,Wildfire in The Democratic Republic of Congo 1029067 (Wildfires)
disaster,38.5148,-122.0754,2026-06-08 14:35:00+00:00,"PUTAH Wildfire, Yolo, California (Wildfires)"
disaster,38.5148,-122.0754,2026-06-08 14:35:00+00:00,"Wildfire PUTAH, Yolo, California (Wildfires)"
disaster,11.4,-87.6,2026-06-08 12:00:00+00:00,Tropical Storm Cristina (Severe Storms)
disaster,11.9,-87.7,2026-06-08 18:00:00+00:00,Tropical Storm Cristina (Severe Storms)
disaster,12.4,-87.7,2026-06-09 00:00:00+00:00,Tropical Storm Cristina (Severe Storms)
disaster,12.6,-87.5,2026-06-09 06:00:00+00:00,Tropical Storm Cristina (Severe Storms)
disaster,12.5,-87.5,2026-06-09 12:00:00+00:00,Tropical Storm Cristina (Severe Storms)
disaster,12.7,-87.7,2026-06-09 18:00:00+00:00,Tropical Storm Cristina (Severe Storms)
disaster,12.5,-88.0,2026-06-10 00:00:00+00:00,Tropical Storm Cristina (Severe Storms)
disaster,12.4,-88.4,2026-06-10 06:00:00+00:00,Tropical Storm Cristina (Severe Storms)
disaster,12.4,-88.7,2026-06-10 12:00:00+00:00,Tropical Storm Cristina (Severe Storms)
disaster,12.5,-88.8,2026-06-10 18:00:00+00:00,Tropical Storm Cristina (Severe Storms)
disaster,12.8,-89.1,2026-06-11 00:00:00+00:00,Tropical Storm Cristina (Severe Storms)
disaster,15.7,-99.3,2026-06-08 06:00:00+00:00,Tropical Storm Boris (Severe Storms)
disaster,15.9,-99.2,2026-06-08 12:00:00+00:00,Tropical Storm Boris (Severe Storms)
disaster,15.4,-99.1,2026-06-08 18:00:00+00:00,Tropical Storm Boris (Severe Storms)
disaster,15.8,-98.3,2026-06-09 00:00:00+00:00,Tropical Storm Boris (Severe Storms)
disaster,16.2,-98.3,2026-06-09 06:00:00+00:00,Tropical Storm Boris (Severe Storms)
disaster,16.7,-98.6,2026-06-09 12:00:00+00:00,Tropical Storm Boris (Severe Storms)
disaster,50.5959845,28.445337,2026-06-07 20:00:00+00:00,Flood in Ukraine 1103936 (Floods)
disaster,13.0626733,-85.3037739,2026-06-07 20:00:00+00:00,Flood in Nicaragua 1103938 (Floods)
disaster,37.4455641363333,-7.050197518402303,2026-06-07 19:00:00+00:00,Wildfire in Spain 1028845 (Wildfires)
disaster,-12.510625469873531,134.5264655967462,2026-06-07 19:00:00+00:00,Wildfire in Australia 1028868 (Wildfires)
disaster,-13.702764785320312,142.99817854527078,2026-06-07 19:00:00+00:00,Wildfire in Australia 1028884 (Wildfires)
disaster,-7.012596191900525,17.85124180008635,2026-06-07 19:00:00+00:00,Wildfire in The Democratic Republic of Congo 1028890 (Wildfires)
disaster,-6.9794019174329165,20.27717354472836,2026-06-07 19:00:00+00:00,"Wildfire in The Democratic Republic of Congo, Angola 1028922 (Wildfires)"
disaster,59.86394130089189,89.94938407443736,2026-06-07 19:00:00+00:00,Wildfire in Russian Federation 1028929 (Wildfires)
disaster,-6.867323730357275,18.98141121283332,2026-06-07 19:00:00+00:00,Wildfire in The Democratic Republic of Congo 1028935 (Wildfires)
disaster,-6.608834165292774,17.16498017277447,2026-06-07 19:00:00+00:00,Wildfire in The Democratic Republic of Congo 1028936 (Wildfires)
disaster,59.755405102594736,90.14197265738294,2026-06-07 19:00:00+00:00,Wildfire in Russian Federation 1028952 (Wildfires)
disaster,-6.8793276591890455,18.995930886146013,2026-06-07 19:00:00+00:00,Wildfire in The Democratic Republic of Congo 1028951 (Wildfires)
disaster,-12.637299373764256,16.15270728313501,2026-06-07 19:00:00+00:00,Wildfire in Angola 1028964 (Wildfires)
disaster,60.308394420988755,93.54159321971866,2026-06-07 19:00:00+00:00,Wildfire in Russian Federation 1029006 (Wildfires)
disaster,-6.554232491983758,26.71051026614928,2026-06-07 19:00:00+00:00,Wildfire in The Democratic Republic of Congo 1029012 (Wildfires)
disaster,39.205895,-112.164042,2026-06-07 15:24:00+00:00,"Tower Wildfire, Millard, Utah (Wildfires)"
disaster,39.205895,-112.164042,2026-06-07 15:24:00+00:00,"Wildfire Tower, Millard, Utah (Wildfires)"
disaster,26.509333,-80.42115,2026-06-07 14:01:00+00:00,"LXR Lower Third RX 0609 Prescribed Fire, Palm Beach, Florida (Wildfires)"
disaster,26.509333,-80.42115,2026-06-07 14:01:00+00:00,"Prescribed Fire LXR Lower Third RX 0609, Palm Beach, Florida (Wildfires)"
disaster,44.327451,-117.251244,2026-06-07 00:59:00+00:00,"FRONTAGE Wildfire, Baker, Oregon (Wildfires)"
disaster,44.327451,-117.251244,2026-06-07 00:59:00+00:00,"Wildfire FRONTAGE, Baker, Oregon (Wildfires)"
disaster,44.084633,-105.04695,2026-06-06 20:44:00+00:00,"Raven Creek Wildfire, Weston, Wyoming (Wildfires)"
disaster,44.084633,-105.04695,2026-06-06 20:44:00+00:00,"Wildfire Raven Creek, Weston, Wyoming (Wildfires)"
disaster,34.9651795,1.921502,2026-06-06 20:00:00+00:00,Flood in Algeria 1103932 (Floods)
disaster,58.714792770153835,91.03382905965424,2026-06-06 19:00:00+00:00,Wildfire in Russian Federation 1028847 (Wildfires)
disaster,51.82447471374202,-91.34815398001052,2026-06-06 19:00:00+00:00,Wildfire in Canada 1028852 (Wildfires)
disaster,57.41749120808395,103.19569675128052,2026-06-06 19:00:00+00:00,Wildfire in Russian Federation 1028878 (Wildfires)
disaster,-6.465633401345252,17.706779132708295,2026-06-06 19:00:00+00:00,Wildfire in The Democratic Republic of Congo 1028871 (Wildfires)
disaster,-6.412817095889735,19.26769975675213,2026-06-06 19:00:00+00:00,Wildfire in The Democratic Republic of Congo 1028909 (Wildfires)
disaster,-7.118314869125766,20.70577299284856,2026-06-06 19:00:00+00:00,Wildfire in The Democratic Republic of Congo 1028910 (Wildfires)
disaster,58.95845141087042,90.91589231683544,2026-06-06 19:00:00+00:00,Wildfire in Russian Federation 1028961 (Wildfires)
disaster,-11.915302142711344,30.520341923154728,2026-06-06 19:00:00+00:00,Wildfire in Zambia 1028972 (Wildfires)
disaster,59.73009210274871,90.09915969222966,2026-06-06 19:00:00+00:00,Wildfire in Russian Federation 1028974 (Wildfires)
disaster,-1.4161272262384024,29.22588768058091,2026-06-06 19:00:00+00:00,Wildfire in The Democratic Republic of Congo 1028988 (Wildfires)
disaster,47.793631,-120.018153,2026-06-06 14:14:00+00:00,"CHESTNUT Wildfire, Chelan, Washington (Wildfires)"
disaster,47.793631,-120.018153,2026-06-06 14:14:00+00:00,"Wildfire CHESTNUT, Chelan, Washington (Wildfires)"
disaster,27.0272531,106.0346469,2026-06-05 20:00:00+00:00,Flood in China 1103933 (Floods)
disaster,52.1230486,-101.2326802,2026-06-05 20:00:00+00:00,Flood in Canada 1103935 (Floods)
disaster,-15.0545235653205,129.9542304340048,2026-06-05 19:00:00+00:00,Wildfire in Australia 1028814 (Wildfires)
disaster,-9.352536489914506,17.361258948043318,2026-06-05 19:00:00+00:00,Wildfire in Angola 1028835 (Wildfires)
disaster,-14.6789700987744,26.040131540209263,2026-06-05 19:00:00+00:00,Wildfire in Zambia 1028836 (Wildfires)
disaster,-8.092475335787862,20.62517647967417,2026-06-05 19:00:00+00:00,Wildfire in Angola 1028857 (Wildfires)
disaster,-7.811117988856636,22.156394046551377,2026-06-05 19:00:00+00:00,Wildfire in The Democratic Republic of Congo 1028872 (Wildfires)
disaster,-7.385729102316211,20.993617540967715,2026-06-05 19:00:00+00:00,Wildfire in Angola 1028873 (Wildfires)
disaster,-6.05452153507025,17.6033706133616,2026-06-05 19:00:00+00:00,Wildfire in The Democratic Republic of Congo 1028874 (Wildfires)
disaster,-16.34978047236985,126.958572564123,2026-06-05 19:00:00+00:00,Wildfire in Australia 1028885 (Wildfires)
disaster,-6.826744876586077,17.992982050839316,2026-06-05 19:00:00+00:00,Wildfire in The Democratic Republic of Congo 1028891 (Wildfires)
disaster,-11.114399805730676,15.836452406860555,2026-06-05 19:00:00+00:00,Wildfire in Angola 1028892 (Wildfires)
disaster,-6.453347716427264,17.701012126565196,2026-06-05 19:00:00+00:00,Wildfire in The Democratic Republic of Congo 1028893 (Wildfires)
disaster,-9.78563210072899,26.97841656688816,2026-06-05 19:00:00+00:00,Wildfire in The Democratic Republic of Congo 1028911 (Wildfires)
disaster,-9.011674616485738,17.589177905568746,2026-06-05 19:00:00+00:00,Wildfire in Angola 1028912 (Wildfires)
disaster,-9.30161966706802,17.78327340717629,2026-06-05 19:00:00+00:00,Wildfire in Angola 1028913 (Wildfires)
disaster,-9.571962395449582,17.60181725068843,2026-06-05 19:00:00+00:00,Wildfire in Angola 1028914 (Wildfires)
disaster,-4.468010687138443,26.771307340301803,2026-06-05 19:00:00+00:00,Wildfire in The Democratic Republic of Congo 1028937 (Wildfires)
disaster,-6.956712100691025,20.010564195236253,2026-06-05 19:00:00+00:00,"Wildfire in The Democratic Republic of Congo, Angola 1028938 (Wildfires)"
disaster,-12.462942846424143,15.173861420214877,2026-06-05 19:00:00+00:00,Wildfire in Angola 1028939 (Wildfires)
disaster,42.65048,-115.0889,2026-06-05 16:53:00+00:00,"Blue Ridge Wildfire, Owyhee, Idaho (Wildfires)"
disaster,42.65048,-115.0889,2026-06-05 16:53:00+00:00,"Wildfire Blue Ridge, Owyhee, Idaho (Wildfires)"
disaster,37.378149,-120.245512,2026-06-05 15:51:00+00:00,"WALTZ Wildfire, Mariposa, California (Wildfires)"
disaster,37.378149,-120.245512,2026-06-05 15:51:00+00:00,"Wildfire WALTZ, Mariposa, California (Wildfires)"
disaster,42.890667,-112.58265,2026-06-05 14:23:00+00:00,"Michaud Creek Wildfire, Power, Idaho (Wildfires)"
disaster,42.890667,-112.58265,2026-06-05 14:23:00+00:00,"Wildfire Michaud Creek, Power, Idaho (Wildfires)"
disaster,14.1145585,-89.5678141,2026-06-04 20:00:00+00:00,Flood in El Salvador 1103930 (Floods)
disaster,48.0307914,27.8212536,2026-06-04 20:00:00+00:00,Flood in Moldova 1103934 (Floods)
disaster,16.3432538,94.4210021,2026-06-04 20:00:00+00:00,Flood in Myanmar 1103937 (Floods)
disaster,-15.219564006765175,143.02994586650624,2026-06-04 19:00:00+00:00,Wildfire in Australia 1028815 (Wildfires)
disaster,-13.021694904045637,130.1968885344918,2026-06-04 19:00:00+00:00,Wildfire in Australia 1028816 (Wildfires)
disaster,-14.23550621205031,130.2707522451241,2026-06-04 19:00:00+00:00,Wildfire in Australia 1028817 (Wildfires)
disaster,-16.307214439949465,144.2140308454872,2026-06-04 19:00:00+00:00,Wildfire in Australia 1028818 (Wildfires)
disaster,-14.294966659654875,130.131363544844,2026-06-04 19:00:00+00:00,Wildfire in Australia 1028819 (Wildfires)
disaster,-13.45764799050963,133.18376036096967,2026-06-04 19:00:00+00:00,Wildfire in Australia 1028820 (Wildfires)
disaster,-16.673935819579757,123.67991926466246,2026-06-04 19:00:00+00:00,Wildfire in Australia 1028821 (Wildfires)
disaster,-14.820858760611284,26.11366235213465,2026-06-04 19:00:00+00:00,Wildfire in Zambia 1028837 (Wildfires)
disaster,-13.5755719116473,133.31707327391308,2026-06-04 19:00:00+00:00,Wildfire in Australia 1028853 (Wildfires)
disaster,-15.414973916225495,143.17343993764936,2026-06-04 19:00:00+00:00,Wildfire in Australia 1028858 (Wildfires)
disaster,-6.452711330545597,17.569077922390193,2026-06-04 19:00:00+00:00,Wildfire in The Democratic Republic of Congo 1028859 (Wildfires)
disaster,-8.746477168652278,15.529083992829834,2026-06-04 19:00:00+00:00,Wildfire in Angola 1028860 (Wildfires)
disaster,-10.517759349800489,27.39778205813461,2026-06-04 19:00:00+00:00,Wildfire in The Democratic Republic of Congo 1028862 (Wildfires)
disaster,-6.013761457474938,19.506482954804692,2026-06-04 19:00:00+00:00,Wildfire in The Democratic Republic of Congo 1028863 (Wildfires)
disaster,-11.752225208422209,131.0241337950745,2026-06-04 19:00:00+00:00,Wildfire in Australia 1028856 (Wildfires)
disaster,-7.433940326857716,22.902466626393952,2026-06-04 19:00:00+00:00,Wildfire in The Democratic Republic of Congo 1028861 (Wildfires)
disaster,-14.326811160943622,129.46927418264738,2026-06-04 19:00:00+00:00,Wildfire in Australia 1028869 (Wildfires)
disaster,-6.9130528893794025,20.832256387775164,2026-06-04 19:00:00+00:00,Wildfire in The Democratic Republic of Congo 1028894 (Wildfires)
disaster,-8.177629368540392,27.11861945431752,2026-06-04 19:00:00+00:00,Wildfire in The Democratic Republic of Congo 1028915 (Wildfires)
disaster,-11.752064717660964,130.83243670955906,2026-06-04 19:00:00+00:00,Wildfire in Australia 1028943 (Wildfires)
disaster,-3.403476081165128,24.19291686894958,2026-06-04 19:00:00+00:00,Wildfire in The Democratic Republic of Congo 1028999 (Wildfires)
disaster,7.0,189.0,2026-06-04 18:04:00+00:00,"Kopshesut Wildfire, Northwest Arctic, Alaska (Wildfires)"
disaster,67.0921,-157.932883,2026-06-04 18:04:00+00:00,"Wildfire Kopshesut, Northwest Arctic, Alaska (Wildfires)"
disaster,3.0,1.0,2026-06-04 17:25:00+00:00,"MOXEE ORCHARD Wildfire, Yakima, Washington (Wildfires)"
disaster,46.52368,-120.077137,2026-06-04 17:25:00+00:00,"Wildfire MOXEE ORCHARD, Yakima, Washington (Wildfires)"
disaster,-17.369367859861384,132.7523038289055,2026-06-03 19:00:00+00:00,Wildfire in Australia 1028796 (Wildfires)
disaster,-13.895211211711128,142.15273242776942,2026-06-03 19:00:00+00:00,Wildfire in Australia 1028797 (Wildfires)
disaster,-16.50588801142647,124.07613498652384,2026-06-03 19:00:00+00:00,Wildfire in Australia 1028798 (Wildfires)
disaster,-17.51524713200459,132.56226838918568,2026-06-03 19:00:00+00:00,Wildfire in Australia 1028799 (Wildfires)
disaster,-13.797714544311868,141.9949505232911,2026-06-03 19:00:00+00:00,Wildfire in Australia 1028800 (Wildfires)
disaster,-17.41487124498152,132.55364512208183,2026-06-03 19:00:00+00:00,Wildfire in Australia 1028801 (Wildfires)
disaster,-13.973929142991675,142.07113010471645,2026-06-03 19:00:00+00:00,Wildfire in Australia 1028802 (Wildfires)
disaster,-11.375264540592182,132.05394049493174,2026-06-03 19:00:00+00:00,Wildfire in Australia 1028822 (Wildfires)
disaster,-11.2777529980323,132.23052937793645,2026-06-03 19:00:00+00:00,Wildfire in Australia 1028823 (Wildfires)
disaster,-16.034401509191184,126.25146525477896,2026-06-03 19:00:00+00:00,Wildfire in Australia 1028824 (Wildfires)
disaster,-16.049504579424887,143.5927322163538,2026-06-03 19:00:00+00:00,Wildfire in Australia 1028825 (Wildfires)
disaster,-15.123444223299504,143.20210889059328,2026-06-03 19:00:00+00:00,Wildfire in Australia 1028826 (Wildfires)
disaster,-16.60382455651507,124.29170563603878,2026-06-03 19:00:00+00:00,Wildfire in Australia 1028827 (Wildfires)
disaster,-13.759872387490944,132.3198697796752,2026-06-03 19:00:00+00:00,Wildfire in Australia 1028828 (Wildfires)
disaster,-9.1102352526292,17.456064022371894,2026-06-03 19:00:00+00:00,Wildfire in Angola 1028839 (Wildfires)
disaster,-16.040853054437452,143.8935485977655,2026-06-03 19:00:00+00:00,Wildfire in Australia 1028843 (Wildfires)
disaster,-14.469095949130937,130.26062853193358,2026-06-03 19:00:00+00:00,Wildfire in Australia 1028844 (Wildfires)
disaster,-6.891303769360591,18.569772009237028,2026-06-03 19:00:00+00:00,Wildfire in The Democratic Republic of Congo 1028838 (Wildfires)
disaster,-6.7813572714056285,18.38642852187685,2026-06-03 19:00:00+00:00,Wildfire in The Democratic Republic of Congo 1028840 (Wildfires)
disaster,-14.512338712273545,130.1614077980302,2026-06-03 19:00:00+00:00,Wildfire in Australia 1028854 (Wildfires)
disaster,-6.193491403449282,17.662098082238508,2026-06-03 19:00:00+00:00,Wildfire in The Democratic Republic of Congo 1028848 (Wildfires)
disaster,-14.22572657354444,126.16850796557334,2026-06-03 19:00:00+00:00,Wildfire in Australia 1028870 (Wildfires)
disaster,-6.5216864903808505,17.640980048862392,2026-06-03 19:00:00+00:00,Wildfire in The Democratic Republic of Congo 1028864 (Wildfires)
disaster,-9.37102147761233,17.367372226198555,2026-06-03 19:00:00+00:00,Wildfire in Angola 1028875 (Wildfires)
disaster,-9.205245724284271,17.682050975572384,2026-06-03 19:00:00+00:00,Wildfire in Angola 1028876 (Wildfires)
disaster,-12.400162402726387,16.67529531061703,2026-06-03 19:00:00+00:00,Wildfire in Angola 1028877 (Wildfires)
disaster,-11.384492716745807,131.1273628635092,2026-06-03 19:00:00+00:00,Wildfire in Australia 1028903 (Wildfires)
disaster,-6.264576908180467,17.623182560637478,2026-06-03 19:00:00+00:00,Wildfire in The Democratic Republic of Congo 1028895 (Wildfires)
disaster,-6.677760427288557,17.99994601778303,2026-06-03 19:00:00+00:00,Wildfire in The Democratic Republic of Congo 1028896 (Wildfires)
disaster,-9.254566574480704,17.913144380515106,2026-06-03 19:00:00+00:00,Wildfire in Angola 1028923 (Wildfires)
disaster,-9.559420458491225,17.581232331103273,2026-06-03 19:00:00+00:00,Wildfire in Angola 1028940 (Wildfires)
disaster,-6.825099686363638,17.793573706931713,2026-06-03 19:00:00+00:00,Wildfire in The Democratic Republic of Congo 1028965 (Wildfires)
disaster,35.482,-76.34346667,2026-06-03 16:39:00+00:00,"ROSE BAY CANAL Wildfire, Hyde, North Carolina (Wildfires)"
disaster,35.482,-76.34346667,2026-06-03 16:39:00+00:00,"Wildfire ROSE BAY CANAL, Hyde, North Carolina (Wildfires)"
disaster,10.4,-127.9,2026-06-03 12:00:00+00:00,Tropical Storm Amanda (Severe Storms)
disaster,10.5,-128.6,2026-06-03 18:00:00+00:00,Tropical Storm Amanda (Severe Storms)
disaster,11.2,-128.9,2026-06-04 00:00:00+00:00,Tropical Storm Amanda (Severe Storms)
disaster,11.9,-129.4,2026-06-04 06:00:00+00:00,Tropical Storm Amanda (Severe Storms)
disaster,12.3,-130.2,2026-06-04 12:00:00+00:00,Tropical Storm Amanda (Severe Storms)
disaster,12.6,-130.8,2026-06-04 18:00:00+00:00,Tropical Storm Amanda (Severe Storms)
disaster,13.2,-131.7,2026-06-05 00:00:00+00:00,Tropical Storm Amanda (Severe Storms)
disaster,13.4,-132.4,2026-06-05 06:00:00+00:00,Tropical Storm Amanda (Severe Storms)
disaster,13.3,-133.4,2026-06-05 12:00:00+00:00,Tropical Storm Amanda (Severe Storms)
disaster,13.2,-133.8,2026-06-05 18:00:00+00:00,Tropical Storm Amanda (Severe Storms)
disaster,13.0,-134.2,2026-06-06 00:00:00+00:00,Tropical Storm Amanda (Severe Storms)
disaster,12.8,-134.6,2026-06-06 06:00:00+00:00,Tropical Storm Amanda (Severe Storms)
disaster,12.6,-134.7,2026-06-06 12:00:00+00:00,Tropical Storm Amanda (Severe Storms)
disaster,12.4,-134.6,2026-06-06 18:00:00+00:00,Tropical Storm Amanda (Severe Storms)
disaster,12.2,-134.8,2026-06-07 00:00:00+00:00,Tropical Storm Amanda (Severe Storms)
disaster,11.9,-135.0,2026-06-07 06:00:00+00:00,Tropical Storm Amanda (Severe Storms)
disaster,11.6,-135.2,2026-06-07 12:00:00+00:00,Tropical Storm Amanda (Severe Storms)
disaster,11.4,-135.5,2026-06-07 18:00:00+00:00,Tropical Storm Amanda (Severe Storms)
disaster,11.3,-136.0,2026-06-08 00:00:00+00:00,Tropical Storm Amanda (Severe Storms)
disaster,43.5116383,16.4399659,2026-06-02 20:00:00+00:00,Flood in Croatia 1103925 (Floods)
disaster,50.0661004,18.5941478,2026-06-02 20:00:00+00:00,Flood in Poland 1103926 (Floods)
disaster,46.5221445,16.1312973,2026-06-02 20:00:00+00:00,Flood in Slovenia 1103927 (Floods)
disaster,-33.912907,24.849839,2026-06-02 20:00:00+00:00,Flood in South Africa 1103929 (Floods)
disaster,44.9624541,37.896802,2026-06-02 20:00:00+00:00,Flood in Russia 1103931 (Floods)
disaster,-11.362833028414553,132.0370484453872,2026-06-02 19:00:00+00:00,Wildfire in Australia 1028741 (Wildfires)
disaster,-16.83983952738409,124.65104835100456,2026-06-02 19:00:00+00:00,Wildfire in Australia 1028803 (Wildfires)
disaster,-15.596883166085508,125.7405947847344,2026-06-02 19:00:00+00:00,Wildfire in Australia 1028804 (Wildfires)
disaster,-16.6364566542346,124.52540258609132,2026-06-02 19:00:00+00:00,Wildfire in Australia 1028829 (Wildfires)
disaster,-6.168891048835783,17.514425866184368,2026-06-02 19:00:00+00:00,Wildfire in The Democratic Republic of Congo 1028865 (Wildfires)
disaster,32.56692,-116.76388,2026-06-01 21:10:00+00:00,"BORDER 6 Wildfire, San Diego, California (Wildfires)"
disaster,45.5703694,9.7732524,2026-06-01 20:00:00+00:00,Flood in Italy 1103923 (Floods)
disaster,15.4936387,-88.007767,2026-06-01 20:00:00+00:00,Flood in Honduras 1103928 (Floods)
disaster,-11.60008280391735,131.26705462663213,2026-06-01 19:00:00+00:00,Wildfire in Australia 1028805 (Wildfires)
disaster,-11.352401957027949,132.3755848758743,2026-06-01 19:00:00+00:00,Wildfire in Australia 1028806 (Wildfires)
disaster,-6.638978547297458,18.19285483336016,2026-06-01 19:00:00+00:00,Wildfire in The Democratic Republic of Congo 1028841 (Wildfires)
disaster,5.2295674,-75.7878384,2026-05-31 20:00:00+00:00,Flood in Colombia 1103924 (Floods)
disaster,-6.573190436881871,18.017013271488697,2026-05-31 19:00:00+00:00,Wildfire in The Democratic Republic of Congo 1028831 (Wildfires)
disaster,21.84448418414697,82.67436957186071,2026-05-31 19:00:00+00:00,Wildfire in India 1028830 (Wildfires)
disaster,-9.463057296670613,17.635598076074903,2026-05-31 19:00:00+00:00,Wildfire in Angola 1028849 (Wildfires)
disaster,-6.58601300093102,18.470361532527782,2026-05-31 19:00:00+00:00,Wildfire in The Democratic Republic of Congo 1028850 (Wildfires)
disaster,-7.515051860566954,17.660808317698052,2026-05-31 19:00:00+00:00,Wildfire in The Democratic Republic of Congo 1028866 (Wildfires)
disaster,45.665397,-120.930004,2026-05-30 20:21:00+00:00,"HAYSTACK BUTTE Wildfire, Klickitat, Washington (Wildfires)"
disaster,47.5000001,16.4166666,2026-05-30 20:00:00+00:00,Flood in Austria 1103921 (Floods)
disaster,-41.3748768,173.1065596,2026-05-30 20:00:00+00:00,Flood in New Zealand 1103922 (Floods)
disaster,-12.33534047580761,131.09765011007448,2026-05-30 19:00:00+00:00,Wildfire in Australia 1028742 (Wildfires)
disaster,50.272118507706104,-89.82858524857066,2026-05-30 19:00:00+00:00,Wildfire in Canada 1028807 (Wildfires)
disaster,-13.548575242765596,130.71229362188674,2026-05-30 19:00:00+00:00,Wildfire in Australia 1028808 (Wildfires)
disaster,-9.474445666242504,17.960292611390344,2026-05-30 19:00:00+00:00,Wildfire in Angola 1028941 (Wildfires)
disaster,32.611733,-104.3555,2026-05-30 12:20:00+00:00,"BRANTLEY 2 Wildfire, Eddy, New Mexico (Wildfires)"
disaster,12.606,-86.84,2026-05-30 00:00:00+00:00,"Telica Volcano, Nicaragua (Volcanoes)"
disaster,50.4025053,4.5762789,2026-05-29 20:00:00+00:00,Flood in Belgium 1103918 (Floods)
disaster,-13.268664367243336,142.62256046321673,2026-05-29 19:00:00+00:00,Wildfire in Australia 1028743 (Wildfires)
disaster,-6.459269267668596,18.093616365957654,2026-05-29 19:00:00+00:00,Wildfire in The Democratic Republic of Congo 1028851 (Wildfires)
disaster,45.7593,149.6762,2026-05-29 00:00:00+00:00,"Ivao Group Volcano, Russia (Volcanoes)"
disaster,50.938361,6.959974,2026-05-28 20:00:00+00:00,Flood in Germany 1103919 (Floods)
disaster,-14.750755885148862,142.84633841496867,2026-05-28 19:00:00+00:00,Wildfire in Australia 1028809 (Wildfires)
disaster,-21.981517029101013,125.40811554464231,2026-05-28 19:00:00+00:00,Wildfire in Australia 1028745 (Wildfires)
disaster,-5.086980570352907,16.173416744012727,2026-05-28 19:00:00+00:00,Wildfire in The Democratic Republic of Congo 1028746 (Wildfires)
disaster,-21.747679296817974,125.0188221770998,2026-05-28 19:00:00+00:00,Wildfire in Australia 1028744 (Wildfires)
disaster,46.748483,-104.567317,2026-05-28 16:23:00+00:00,"Anticline Wildfire, Wibaux, Montana (Wildfires)"
disaster,44.51933255,-84.92062679,2026-05-28 15:33:00+00:00,"KALKASKA-RX 61150021 Fletcher Unit 2 Prescribed Fire, Kalkaska, Michigan (Wildfires)"
disaster,13.1,135.9,2026-05-28 06:00:00+00:00,Typhoon Jangmi (Severe Storms)
disaster,13.9,135.4,2026-05-28 12:00:00+00:00,Typhoon Jangmi (Severe Storms)
disaster,14.6,134.5,2026-05-28 18:00:00+00:00,Typhoon Jangmi (Severe Storms)
disaster,15.4,133.7,2026-05-29 00:00:00+00:00,Typhoon Jangmi (Severe Storms)
disaster,15.9,132.8,2026-05-29 06:00:00+00:00,Typhoon Jangmi (Severe Storms)
disaster,16.5,131.7,2026-05-29 12:00:00+00:00,Typhoon Jangmi (Severe Storms)
disaster,16.7,130.8,2026-05-29 18:00:00+00:00,Typhoon Jangmi (Severe Storms)
disaster,17.5,130.1,2026-05-30 00:00:00+00:00,Typhoon Jangmi (Severe Storms)
disaster,18.3,129.6,2026-05-30 06:00:00+00:00,Typhoon Jangmi (Severe Storms)
disaster,19.3,129.0,2026-05-30 12:00:00+00:00,Typhoon Jangmi (Severe Storms)
disaster,20.1,128.5,2026-05-30 18:00:00+00:00,Typhoon Jangmi (Severe Storms)
disaster,20.9,128.1,2026-05-31 00:00:00+00:00,Typhoon Jangmi (Severe Storms)
disaster,21.8,127.8,2026-05-31 06:00:00+00:00,Typhoon Jangmi (Severe Storms)
disaster,22.8,127.7,2026-05-31 12:00:00+00:00,Typhoon Jangmi (Severe Storms)
disaster,23.6,127.4,2026-05-31 18:00:00+00:00,Typhoon Jangmi (Severe Storms)
disaster,24.5,127.3,2026-06-01 00:00:00+00:00,Typhoon Jangmi (Severe Storms)
disaster,25.6,127.4,2026-06-01 06:00:00+00:00,Typhoon Jangmi (Severe Storms)
disaster,26.7,127.5,2026-06-01 12:00:00+00:00,Typhoon Jangmi (Severe Storms)
disaster,27.9,127.3,2026-06-01 18:00:00+00:00,Typhoon Jangmi (Severe Storms)
disaster,29.1,128.5,2026-06-02 00:00:00+00:00,Typhoon Jangmi (Severe Storms)
disaster,30.7,130.7,2026-06-02 06:00:00+00:00,Typhoon Jangmi (Severe Storms)
disaster,32.2,133.1,2026-06-02 12:00:00+00:00,Typhoon Jangmi (Severe Storms)
disaster,33.3,135.0,2026-06-02 18:00:00+00:00,Typhoon Jangmi (Severe Storms)
disaster,34.2,137.8,2026-06-03 00:00:00+00:00,Typhoon Jangmi (Severe Storms)
disaster,34.9,141.4,2026-06-03 06:00:00+00:00,Typhoon Jangmi (Severe Storms)
disaster,-3.03,147.78,2026-05-28 00:00:00+00:00,"Titan Ridge Volcano, Papua New Guinea (Volcanoes)"
disaster,29.9856799,77.5040646,2026-05-27 20:00:00+00:00,Flood in India 1103917 (Floods)
disaster,-13.88523191198624,133.73542173529714,2026-05-27 19:00:00+00:00,Wildfire in Australia 1028751 (Wildfires)
disaster,-14.15624194065917,130.57400120238384,2026-05-27 19:00:00+00:00,Wildfire in Australia 1028752 (Wildfires)
disaster,-13.221480963964952,130.74625490944638,2026-05-27 19:00:00+00:00,Wildfire in Australia 1028753 (Wildfires)
disaster,-6.213663770244057,17.97331965486655,2026-05-27 19:00:00+00:00,Wildfire in The Democratic Republic of Congo 1028747 (Wildfires)
disaster,-16.71105895831123,-59.76501381727981,2026-05-27 19:00:00+00:00,Wildfire in Bolivia 1028755 (Wildfires)
disaster,-6.201648870222201,19.399001522803815,2026-05-27 19:00:00+00:00,Wildfire in The Democratic Republic of Congo 1028832 (Wildfires)
disaster,45.0612,-105.96236,2026-05-26 23:30:00+00:00,"Bradshaw Wildfire, Powder River, Montana (Wildfires)"
disaster,43.105174,-115.717052,2026-05-26 23:06:00+00:00,"RA 1 ELMORE CO Wildfire, Elmore, Idaho (Wildfires)"
disaster,20.9670759,-89.6237402,2026-05-26 20:00:00+00:00,Flood in Mexico 1103911 (Floods)
disaster,-13.059656417159022,130.777907946716,2026-05-26 19:00:00+00:00,Wildfire in Australia 1028756 (Wildfires)
disaster,-17.26240024718232,122.50806645508708,2026-05-26 19:00:00+00:00,Wildfire in Australia 1028759 (Wildfires)
disaster,-12.659510116197817,130.8025232259915,2026-05-26 19:00:00+00:00,Wildfire in Australia 1028760 (Wildfires)
disaster,-5.517046713973583,17.773837968438894,2026-05-26 19:00:00+00:00,Wildfire in The Democratic Republic of Congo 1028810 (Wildfires)
disaster,-9.640864811763691,17.654605569768226,2026-05-26 19:00:00+00:00,Wildfire in Angola 1028833 (Wildfires)
disaster,34.096027,-103.829045,2026-05-26 17:19:00+00:00,"WOODY MULTIPLE Wildfire, Roosevelt, New Mexico (Wildfires)"
disaster,43.050333,-113.935667,2026-05-25 20:50:00+00:00,"Black Ridge Wildfire, Lincoln, Idaho (Wildfires)"
disaster,42.67045,-113.248133,2026-05-25 20:35:00+00:00,"Dewoff Wildfire, Blaine, Idaho (Wildfires)"
disaster,24.5351182,15.2592288,2026-05-25 20:00:00+00:00,Flood in Libya 1103916 (Floods)
disaster,44.85563,-120.43789,2026-05-25 19:11:00+00:00,"0231 ZEN Wildfire, Wasco, Oregon (Wildfires)"
disaster,60.44014545060089,-113.26521064736004,2026-05-25 19:00:00+00:00,Wildfire in Canada 1028765 (Wildfires)
disaster,-5.125393202537397,18.101266365649817,2026-05-25 19:00:00+00:00,Wildfire in The Democratic Republic of Congo 1028772 (Wildfires)
disaster,-10.793254902945948,-46.92486506527449,2026-05-25 19:00:00+00:00,Wildfire in Brazil 1028767 (Wildfires)
disaster,53.21863502340539,-102.87012616355274,2026-05-25 19:00:00+00:00,Wildfire in Canada 1028771 (Wildfires)
disaster,-12.959616506862735,142.7645150920568,2026-05-25 19:00:00+00:00,Wildfire in Australia 1028762 (Wildfires)
disaster,-5.714818623225173,18.990546323334932,2026-05-25 19:00:00+00:00,Wildfire in The Democratic Republic of Congo 1028770 (Wildfires)
disaster,40.9655,-115.0565,2026-05-25 17:55:00+00:00,"Egberts Wildfire, Elko, Nevada (Wildfires)"
disaster,42.17555,-113.73075,2026-05-25 16:59:00+00:00,"Summit Creek Wildfire, Cassia, Idaho (Wildfires)"
disaster,42.734717,-115.244683,2026-05-25 16:44:00+00:00,"Kinyon Springs Wildfire, Owyhee, Idaho (Wildfires)"
disaster,33.3076683,126.6907475,2026-05-24 20:00:00+00:00,Flood in South Korea 1103910 (Floods)
disaster,-5.373714140865309,17.81524438581159,2026-05-24 19:00:00+00:00,Wildfire in The Democratic Republic of Congo 1028728 (Wildfires)
disaster,-5.681953290028032,17.738467343430962,2026-05-24 19:00:00+00:00,Wildfire in The Democratic Republic of Congo 1028775 (Wildfires)
disaster,-15.015645604102763,143.28247889358354,2026-05-24 19:00:00+00:00,Wildfire in Australia 1028779 (Wildfires)
disaster,-14.277282525360851,131.18609089546234,2026-05-24 19:00:00+00:00,Wildfire in Australia 1028773 (Wildfires)
disaster,-5.64179820850962,17.63905956892807,2026-05-24 19:00:00+00:00,Wildfire in The Democratic Republic of Congo 1028774 (Wildfires)
disaster,-5.429179232807133,17.57980978391949,2026-05-24 19:00:00+00:00,Wildfire in The Democratic Republic of Congo 1028777 (Wildfires)
disaster,-5.688081034513141,17.721871489533445,2026-05-24 19:00:00+00:00,Wildfire in The Democratic Republic of Congo 1028811 (Wildfires)
disaster,-7.46471601583368,17.4846174491078,2026-05-24 19:00:00+00:00,Wildfire in The Democratic Republic of Congo 1028812 (Wildfires)
disaster,-3.9677065628467463,23.920488233235368,2026-05-24 19:00:00+00:00,Wildfire in The Democratic Republic of Congo 1028813 (Wildfires)
disaster,-7.563009620651489,17.55889807823435,2026-05-24 19:00:00+00:00,Wildfire in The Democratic Republic of Congo 1028834 (Wildfires)
disaster,-9.674556803342067,17.83230838177842,2026-05-24 19:00:00+00:00,Wildfire in Angola 1028842 (Wildfires)
disaster,26.0994444,-80.7791667,2026-05-23 21:26:00+00:00,"MILE MARKER 44 FIRE - BROWARD Wildfire, Broward, Florida (Wildfires)"
disaster,41.6875091,44.8422377,2026-05-23 20:00:00+00:00,Flood in Georgia 1103909 (Floods)
disaster,-5.6881222704973835,18.16747539287398,2026-05-23 19:00:00+00:00,Wildfire in The Democratic Republic of Congo 1028783 (Wildfires)
disaster,-16.662397230043233,-59.63085377248564,2026-05-23 19:00:00+00:00,Wildfire in Bolivia 1028785 (Wildfires)
disaster,-9.33579349194863,17.683978809052334,2026-05-23 19:00:00+00:00,Wildfire in Angola 1028784 (Wildfires)
disaster,-5.967294781807939,20.327924772030773,2026-05-23 19:00:00+00:00,Wildfire in The Democratic Republic of Congo 1028782 (Wildfires)
disaster,43.297695,-116.388095,2026-05-23 18:43:00+00:00,"MOORE Wildfire, Ada, Idaho (Wildfires)"
disaster,46.16526,-119.33745,2026-05-23 17:39:00+00:00,"COUNTRY MEADOW Wildfire, Benton, Washington (Wildfires)"
disaster,30.053136,-84.565664,2026-05-23 16:29:00+00:00,"340 Wildfire, Wakulla, Florida (Wildfires)"
disaster,26.15,-80.766667,2026-05-23 15:44:00+00:00,"Mile Marker 44 Wildfire, Broward, Florida (Wildfires)"
disaster,40.709867,-118.014333,2026-05-23 15:06:00+00:00,"Quartz Wildfire, Pershing, Nevada (Wildfires)"
disaster,66.435,-159.286667,2026-05-23 11:59:00+00:00,"Thousand Wildfire, Northwest Arctic, Alaska (Wildfires)"
disaster,27.644633,-81.2598,2026-05-23 09:28:00+00:00,"WaWa 2 Wildfire, Highlands, Florida (Wildfires)"
disaster,11.6614957,108.1335279,2026-05-22 20:00:00+00:00,Flood in Vietnam 1103896 (Floods)
disaster,-21.1351354,-41.6798294,2026-05-22 20:00:00+00:00,Flood in Brazil 1103912 (Floods)
disaster,-5.330567210357869,18.23897483971346,2026-05-22 19:00:00+00:00,Wildfire in The Democratic Republic of Congo 1028729 (Wildfires)
disaster,-6.5399609338671505,25.505444617185287,2026-05-22 19:00:00+00:00,Wildfire in The Democratic Republic of Congo 1028730 (Wildfires)
disaster,60.38368129177281,-113.01827207233448,2026-05-22 19:00:00+00:00,Wildfire in Canada 1028731 (Wildfires)
disaster,-6.307069603165492,29.05375513545092,2026-05-22 19:00:00+00:00,Wildfire in The Democratic Republic of Congo 1028788 (Wildfires)
disaster,-3.4506784802319133,23.97917845319516,2026-05-22 19:00:00+00:00,Wildfire in The Democratic Republic of Congo 1028787 (Wildfires)
disaster,-7.359283690719712,17.49243412191907,2026-05-22 19:00:00+00:00,Wildfire in The Democratic Republic of Congo 1028789 (Wildfires)
disaster,-13.153248534203144,142.89387777846727,2026-05-22 19:00:00+00:00,Wildfire in Australia 1028790 (Wildfires)
disaster,29.073833,-81.507167,2026-05-22 10:24:00+00:00,"Shell Wildfire, Lake, Florida (Wildfires)"
disaster,35.53034,-103.948693,2026-05-21 23:07:00+00:00,"Trigg Wildfire, San Miguel, New Mexico (Wildfires)"
disaster,42.8155165,24.9073116,2026-05-21 20:00:00+00:00,Flood in Bulgaria 1103894 (Floods)
disaster,40.7068689,72.8799131,2026-05-21 20:00:00+00:00,Flood in Kyrgyzstan 1103895 (Floods)
disaster,44.69891,23.683459,2026-05-21 20:00:00+00:00,Flood in Romania 1103908 (Floods)
disaster,47.3269772,28.2215511,2026-05-20 20:00:00+00:00,Flood in Moldova 1103891 (Floods)
disaster,-10.4868888,-76.5421611,2026-05-20 20:00:00+00:00,Flood in Peru 1103892 (Floods)
disaster,-14.07993854369574,127.08583841737595,2026-05-20 19:00:00+00:00,Wildfire in Australia 1028722 (Wildfires)
disaster,-13.432791549240818,130.85516217326855,2026-05-20 19:00:00+00:00,Wildfire in Australia 1028723 (Wildfires)
disaster,-14.395079151721244,127.2887137647382,2026-05-20 19:00:00+00:00,Wildfire in Australia 1028734 (Wildfires)
disaster,-13.996061003364874,130.29750869749816,2026-05-20 19:00:00+00:00,Wildfire in Australia 1028732 (Wildfires)
disaster,-13.747335715837425,132.22948110788172,2026-05-20 19:00:00+00:00,Wildfire in Australia 1028795 (Wildfires)
disaster,30.673333,-89.035278,2026-05-20 11:12:00+00:00,"DeSoto BB 8374 S RX Prescribed Fire, Harrison, Mississippi (Wildfires)"
disaster,31.4154,-88.6597,2026-05-20 09:22:00+00:00,"Chickasawhay CPT 451 452 RX Prescribed Fire, Greene, Mississippi (Wildfires)"
disaster,34.926008,-76.385286,2026-05-20 07:59:00+00:00,"CADDUGGEN Wildfire, Carteret, North Carolina (Wildfires)"
disaster,26.1155556,-81.6369444,2026-05-19 22:10:00+00:00,"Rifle Range Rd Wildfire, Collier, Florida (Wildfires)"
disaster,36.8040254,71.367658,2026-05-19 20:00:00+00:00,Flood in Afghanistan 1103890 (Floods)
disaster,34.8297222,-119.6036111,2026-05-19 19:16:00+00:00,"Foothill Wildfire, Santa Barbara, California (Wildfires)"
disaster,-19.197877222629973,146.04159820700096,2026-05-19 19:00:00+00:00,Wildfire in Australia 1028735 (Wildfires)
disaster,32.732894,-116.362754,2026-05-19 16:17:00+00:00,"MTZ/SDU/TUSIL Wildfire, San Diego, California (Wildfires)"
disaster,2.0,50.0,2026-05-19 16:01:00+00:00,"TUSIL Wildfire, San Diego, California (Wildfires)"
disaster,33.76272,-117.08441,2026-05-19 15:21:00+00:00,"VERONA Wildfire, Riverside, California (Wildfires)"
disaster,33.975363,-117.505889,2026-05-19 15:16:00+00:00,"BAIN Wildfire, Riverside, California (Wildfires)"
disaster,47.989121,-90.152327,2026-05-19 12:05:00+00:00,"Sunfish Rx Prescribed Fire, Cook, Minnesota (Wildfires)"
disaster,31.024444,-88.857778,2026-05-19 10:02:00+00:00,"DeSoto BB 7310 S RX Prescribed Fire, Perry, Mississippi (Wildfires)"
disaster,31.4618,-88.9338,2026-05-19 09:35:00+00:00,"Chickasawhay CPT 366 RX Prescribed Fire, Wayne, Mississippi (Wildfires)"
disaster,32.056667,-92.841389,2026-05-19 08:51:00+00:00,"RX WINN BU  24 Prescribed Fire, Winn, Louisiana (Wildfires)"
disaster,39.0750538,-85.387185,2026-05-18 20:00:00+00:00,Flood in United States 1103888 (Floods)
disaster,44.8930113,41.0263622,2026-05-18 20:00:00+00:00,Flood in Russia 1103889 (Floods)
disaster,34.38652018,-101.7812159,2026-05-18 19:06:00+00:00,"Kress Wildfire, Swisher, Texas (Wildfires)"
disaster,-13.344203293002211,130.44587190269715,2026-05-18 19:00:00+00:00,Wildfire in Australia 1028712 (Wildfires)
disaster,51.1427156261384,130.29075617711356,2026-05-18 19:00:00+00:00,Wildfire in Russian Federation 1028720 (Wildfires)
disaster,51.37012913280218,134.83438172334533,2026-05-18 19:00:00+00:00,Wildfire in Russian Federation 1028737 (Wildfires)
disaster,42.734486,-115.531217,2026-05-18 17:49:00+00:00,"Sailor Cap Wildfire, Owyhee, Idaho (Wildfires)"
disaster,34.250088,-118.743684,2026-05-18 13:21:00+00:00,"SANDY Wildfire, Ventura, California (Wildfires)"
disaster,35.4458333,-118.7891667,2026-05-18 12:05:00+00:00,"RIVER Wildfire, Kern, California (Wildfires)"
disaster,31.5193,-88.8018,2026-05-18 09:55:00+00:00,"Chickasawhay CPT 400 RX Prescribed Fire, Wayne, Mississippi (Wildfires)"
disaster,31.749722,-92.483333,2026-05-18 08:58:00+00:00,"RX WINN BU 114 Prescribed Fire, Grant, Louisiana (Wildfires)"
disaster,34.32746,-103.91635,2026-05-17 21:18:00+00:00,"RANGE Wildfire, Roosevelt, New Mexico (Wildfires)"
disaster,-28.277991,152.7069221,2026-05-17 20:00:00+00:00,Flood in Australia 1103887 (Floods)
disaster,53.2390541766539,128.12530081097609,2026-05-17 19:00:00+00:00,Wildfire in Russian Federation 1028709 (Wildfires)
disaster,51.730029977416294,129.18103920743823,2026-05-17 19:00:00+00:00,Wildfire in Russian Federation 1028714 (Wildfires)
disaster,-14.285040452712572,26.26243396308067,2026-05-17 19:00:00+00:00,Wildfire in Zambia 1028710 (Wildfires)
disaster,-14.413189025132388,26.268116686699088,2026-05-17 19:00:00+00:00,Wildfire in Zambia 1028711 (Wildfires)
disaster,-17.2198755463267,144.7779983177372,2026-05-17 19:00:00+00:00,Wildfire in Australia 1028721 (Wildfires)
disaster,35.225011,-102.0169,2026-05-17 18:24:00+00:00,"Stinky Wildfire, Potter, Texas (Wildfires)"
disaster,5.0,3.0,2026-05-17 18:04:00+00:00,"Blue Diamond Wildfire, Oldham, Texas (Wildfires)"
disaster,43.08601,-115.875225,2026-05-17 16:35:00+00:00,"AIR FORCE Wildfire, Elmore, Idaho (Wildfires)"
disaster,3.0,203.0,2026-05-17 15:37:00+00:00,"Sharpe Wildfire, Baca, Colorado (Wildfires)"
disaster,37.2162,-100.1141,2026-05-17 15:00:00+00:00,"Proffitt Lake Wildfire, Meade, Kansas (Wildfires)"
disaster,45.602087,-111.283273,2026-05-17 14:05:00+00:00,"Axtell Anceney Rd and Cottontail Rd Wildfire, Gallatin, Montana (Wildfires)"
disaster,27.621983,-81.327217,2026-05-17 09:52:00+00:00,"APQ Area 13 RX 0516 Prescribed Fire, Highlands, Florida (Wildfires)"
disaster,30.793,130.305,2026-05-17 00:00:00+00:00,"Kikai Volcano, Japan (Volcanoes)"
disaster,36.8933333,-102.6666667,2026-05-16 20:54:00+00:00,"Sharpe Wildfire, Cimarron, Oklahoma (Wildfires)"
disaster,18.395251541969007,-91.6768392436938,2026-05-16 19:00:00+00:00,Wildfire in Mexico 1028708 (Wildfires)
disaster,53.126181892840805,126.8825917998332,2026-05-16 19:00:00+00:00,Wildfire in Russian Federation 1028716 (Wildfires)
disaster,37.01868,-102.318569,2026-05-16 16:32:00+00:00,"Ballard Wildfire, Baca, Colorado (Wildfires)"
disaster,46.598218,-94.081924,2026-05-16 14:45:00+00:00,"Flanders Wildfire, Crow Wing, Minnesota (Wildfires)"
disaster,30.671667,-88.995,2026-05-16 11:04:00+00:00,"DeSoto BB 8366 2 RX Prescribed Fire, Harrison, Mississippi (Wildfires)"
disaster,36.6363889,-102.4322222,2026-05-16 09:28:00+00:00,"Tex-OK Wildfire, Cimarron, Oklahoma (Wildfires)"
disaster,31.4806,-88.6589,2026-05-16 09:19:00+00:00,"Chickasawhay CPT 441 RX Prescribed Fire, Wayne, Mississippi (Wildfires)"
disaster,55.972,160.595,2026-05-16 00:00:00+00:00,"Bezymianny Volcano, Russia (Volcanoes)"
disaster,34.298988,-100.52482,2026-05-15 23:00:00+00:00,"Comanche Wildfire, Motley, Texas (Wildfires)"
disaster,36.9980556,-100.6252778,2026-05-15 22:09:00+00:00,"Wolf Canyon OK Wildfire, Beaver, Oklahoma (Wildfires)"
disaster,60.0,50.0,2026-05-15 22:04:00+00:00,"Meade Lake Wildfire, Meade, Kansas (Wildfires)"
disaster,36.94,-100.5897222,2026-05-15 21:57:00+00:00,"Cadilac Wildfire, Beaver, Oklahoma (Wildfires)"
disaster,36.372305,-102.692407,2026-05-15 21:33:00+00:00,"RITA BLANCA UNIT 32 Wildfire, Dallam, Texas (Wildfires)"
disaster,1.6220942,103.4352428,2026-05-15 20:00:00+00:00,Flood in Malaysia 1103884 (Floods)
disaster,33.32611111,-99.98472222,2026-05-15 19:05:00+00:00,"Mustache Wildfire, Haskell, Texas (Wildfires)"
disaster,-19.75129541842824,123.43446484057527,2026-05-15 19:00:00+00:00,Wildfire in Australia 1028685 (Wildfires)
disaster,51.07718504675828,130.098891477159,2026-05-15 19:00:00+00:00,Wildfire in Russian Federation 1028704 (Wildfires)
disaster,53.52457101279437,127.24899341187631,2026-05-15 19:00:00+00:00,Wildfire in Russian Federation 1028717 (Wildfires)
disaster,53.25027332001921,128.10589128228332,2026-05-15 19:00:00+00:00,Wildfire in Russian Federation 1028718 (Wildfires)
disaster,52.46473641000432,130.5321449676253,2026-05-15 19:00:00+00:00,Wildfire in Russian Federation 1028715 (Wildfires)
disaster,-13.813198491723645,131.64761669904885,2026-05-15 19:00:00+00:00,Wildfire in Australia 1028724 (Wildfires)
disaster,34.500099,-100.78035,2026-05-15 18:51:00+00:00,"Ox Bow Wildfire, Hall, Texas (Wildfires)"
disaster,34.88270125,-101.9380031,2026-05-15 17:56:00+00:00,"Western Wildfire, Randall, Texas (Wildfires)"
disaster,36.9572222,-102.3725,2026-05-15 17:32:00+00:00,"Ballard Wildfire, Cimarron, Oklahoma (Wildfires)"
disaster,30.0,15.0,2026-05-15 17:31:00+00:00,"Herman Ranch Wildfire, Clark, Kansas (Wildfires)"
disaster,37.371833,-102.129333,2026-05-15 16:24:00+00:00,"County Rd 51 Wildfire, Baca, Colorado (Wildfires)"
disaster,34.60333333,-101.0180556,2026-05-15 14:37:00+00:00,"Cherokee Wildfire, Briscoe, Texas (Wildfires)"
disaster,34.78675,-102.0996833,2026-05-15 14:21:00+00:00,"Chocolate Chip Wildfire, Randall, Texas (Wildfires)"
disaster,34.39444444,-100.5130556,2026-05-15 13:55:00+00:00,"Chainey Mountain Wildfire, Hall, Texas (Wildfires)"
disaster,33.917233,-120.086061,2026-05-15 12:25:00+00:00,"Santa Rosa Island Wildfire, Santa Barbara, California (Wildfires)"
disaster,37.220033,-101.626533,2026-05-15 08:56:00+00:00,"River Wildfire, Morton, Kansas (Wildfires)"
disaster,37.219417,-101.5922,2026-05-15 08:55:00+00:00,"Windmill Wildfire, Morton, Kansas (Wildfires)"
disaster,34.011822,-100.8350875,2026-05-15 02:01:00+00:00,"Crooked Cook Wildfire, Motley, Texas (Wildfires)"
disaster,35.607533,-103.040997,2026-05-15 01:52:00+00:00,"Line Wildfire, Oldham, Texas (Wildfires)"
disaster,35.71846,-102.86812,2026-05-15 00:15:00+00:00,"Roman Wildfire, Hartley, Texas (Wildfires)"
disaster,-72.69,-75.8,2025-01-31 00:00:00+00:00,Iceberg A84 (Sea and Lake Ice)
disaster,-72.19,-77.85,2025-02-06 00:00:00+00:00,Iceberg A84 (Sea and Lake Ice)
disaster,-72.06,-79.81,2025-02-14 00:00:00+00:00,Iceberg A84 (Sea and Lake Ice)
disaster,-72.88,-81.03,2025-02-28 00:00:00+00:00,Iceberg A84 (Sea and Lake Ice)
disaster,-73.6,-82.43,2025-03-13 00:00:00+00:00,Iceberg A84 (Sea and Lake Ice)
disaster,-73.44,-84.35,2025-03-21 00:00:00+00:00,Iceberg A84 (Sea and Lake Ice)
disaster,-72.86,-86.23,2025-04-04 00:00:00+00:00,Iceberg A84 (Sea and Lake Ice)
disaster,-72.71,-87.79,2025-04-11 00:00:00+00:00,Iceberg A84 (Sea and Lake Ice)
disaster,-72.11,-90.64,2025-04-18 00:00:00+00:00,Iceberg A84 (Sea and Lake Ice)
disaster,-72.4,-91.86,2025-04-24 00:00:00+00:00,Iceberg A84 (Sea and Lake Ice)
disaster,-72.42,-93.89,2025-05-09 00:00:00+00:00,Iceberg A84 (Sea and Lake Ice)
disaster,-72.04,-94.85,2025-05-16 00:00:00+00:00,Iceberg A84 (Sea and Lake Ice)
disaster,-71.64,-96.27,2026-01-02 00:00:00+00:00,Iceberg A84 (Sea and Lake Ice)
disaster,-71.61,-100.25,2026-01-30 00:00:00+00:00,Iceberg A84 (Sea and Lake Ice)
disaster,-72.35,-103.78,2026-02-26 00:00:00+00:00,Iceberg A84 (Sea and Lake Ice)
disaster,-73.1,-103.89,2026-03-26 00:00:00+00:00,Iceberg A84 (Sea and Lake Ice)
disaster,-73.86,-104.89,2026-04-10 00:00:00+00:00,Iceberg A84 (Sea and Lake Ice)
disaster,-73.24,-106.83,2026-04-24 00:00:00+00:00,Iceberg A84 (Sea and Lake Ice)
disaster,-72.78,-107.18,2026-05-15 00:00:00+00:00,Iceberg A84 (Sea and Lake Ice)
disaster,-72.44,-108.28,2026-05-21 00:00:00+00:00,Iceberg A84 (Sea and Lake Ice)
disaster,-72.02,-107.7,2026-07-17 00:00:00+00:00,Iceberg A84 (Sea and Lake Ice)
disaster,-71.59,-105.76,2026-07-23 00:00:00+00:00,Iceberg A84 (Sea and Lake Ice)
disaster,-74.22,-130.63,2026-05-15 00:00:00+00:00,Iceberg B51 (Sea and Lake Ice)
disaster,-67.28,79.31,2026-05-15 00:00:00+00:00,Iceberg D15D (Sea and Lake Ice)
disaster,35.514808,-101.508259,2026-05-14 21:33:00+00:00,"McBride Wildfire, Carson, Texas (Wildfires)"
disaster,37.010118,-102.369778,2026-05-14 21:22:00+00:00,"State Line Wildfire, Baca, Colorado (Wildfires)"
disaster,35.47352,-101.952543,2026-05-14 21:16:00+00:00,"Shifty Wildfire, Potter, Texas (Wildfires)"
disaster,35.4584,-103.1274,2026-05-14 20:17:00+00:00,"Line Wildfire, Quay, New Mexico (Wildfires)"
disaster,23.6677535,121.4249152,2026-05-14 20:00:00+00:00,Flood in China 1103883 (Floods)
disaster,47.2305949,13.3316861,2026-05-14 20:00:00+00:00,Flood in Austria 1103885 (Floods)
disaster,34.94155,-101.9550667,2026-05-14 19:40:00+00:00,"Hunggate Wildfire, Randall, Texas (Wildfires)"
disaster,37.197671995410765,-100.38334532167714,2026-05-14 19:00:00+00:00,Wildfire in United States 1028672 (Wildfires)
disaster,34.808158559859805,-102.01086858034392,2026-05-14 19:00:00+00:00,Wildfire in United States 1028683 (Wildfires)
disaster,-13.69126062764022,131.8691580061589,2026-05-14 19:00:00+00:00,Wildfire in Australia 1028686 (Wildfires)
disaster,51.64208007928278,127.99719995276008,2026-05-14 19:00:00+00:00,Wildfire in Russian Federation 1028687 (Wildfires)
disaster,-20.04220316929763,122.94931244479292,2026-05-14 19:00:00+00:00,Wildfire in Australia 1028688 (Wildfires)
disaster,50.59027367609757,130.06241299339536,2026-05-14 19:00:00+00:00,Wildfire in Russian Federation 1028693 (Wildfires)
disaster,51.12721594752604,129.77651446490114,2026-05-14 19:00:00+00:00,Wildfire in Russian Federation 1028694 (Wildfires)
disaster,52.3677017870064,127.46169578032472,2026-05-14 19:00:00+00:00,Wildfire in Russian Federation 1028698 (Wildfires)
disaster,53.16625542566782,126.71509082251842,2026-05-14 19:00:00+00:00,Wildfire in Russian Federation 1028699 (Wildfires)
disaster,53.11318280958348,126.18992870670552,2026-05-14 19:00:00+00:00,Wildfire in Russian Federation 1028725 (Wildfires)
disaster,53.57330046008464,127.11482436252628,2026-05-14 19:00:00+00:00,Wildfire in Russian Federation 1028726 (Wildfires)
disaster,35.829565,-120.811504,2026-05-14 18:19:00+00:00,"RANGE Wildfire, Monterey, California (Wildfires)"
disaster,37.18058,-101.655228,2026-05-14 18:17:00+00:00,"51 Wildfire, Morton, Kansas (Wildfires)"
disaster,34.818397,-103.934566,2026-05-14 18:06:00+00:00,"Mimms Wildfire, Quay, New Mexico (Wildfires)"
disaster,43.11279415,-93.72348843,2026-05-14 11:04:00+00:00,"Eagle Lake Fire Wildfire, Hancock, Iowa (Wildfires)"
disaster,30.673,-88.9959,2026-05-14 09:54:00+00:00,"DeSoto BB 8366 RX Prescribed Fire, Harrison, Mississippi (Wildfires)"
disaster,31.4818,-88.6767,2026-05-14 09:35:00+00:00,"Chickasawhay CPT 439 441 RX Prescribed Fire, Wayne, Mississippi (Wildfires)"
disaster,200.0,14.0,2026-05-14 07:42:00+00:00,"SEVEN CABINS Wildfire, Lincoln, New Mexico (Wildfires)"
disaster,42.626352,-103.2415,2026-05-14 03:26:00+00:00,"Ash Pole Wildfire, Dawes, Nebraska (Wildfires)"
disaster,43.49225,-105.2177,2026-05-13 22:52:00+00:00,"Rochelle 2 Wildfire, Converse, Wyoming (Wildfires)"
disaster,35.235788,-117.98596,2026-05-13 20:02:00+00:00,"NEURALIA Wildfire, Kern, California (Wildfires)"
disaster,42.9622,-115.260567,2026-05-13 19:45:00+00:00,"Pasadena Valley Wildfire, Elmore, Idaho (Wildfires)"
disaster,46.477333,-112.340167,2026-05-13 19:12:00+00:00,"Jericho Creek Wildfire, Powell, Montana (Wildfires)"
disaster,-13.456114038889064,131.79236738189468,2026-05-13 19:00:00+00:00,Wildfire in Australia 1028667 (Wildfires)
disaster,-18.96981762255115,121.92913504786448,2026-05-13 19:00:00+00:00,Wildfire in Australia 1028673 (Wildfires)
disaster,-13.875708913432849,130.53677188297763,2026-05-13 19:00:00+00:00,Wildfire in Australia 1028674 (Wildfires)
disaster,-13.817645727177345,130.30444207482282,2026-05-13 19:00:00+00:00,Wildfire in Australia 1028675 (Wildfires)
disaster,-14.985855734913809,130.25845324881533,2026-05-13 19:00:00+00:00,Wildfire in Australia 1028689 (Wildfires)
disaster,53.10412386698627,126.63118756606823,2026-05-13 19:00:00+00:00,Wildfire in Russian Federation 1028690 (Wildfires)
disaster,53.23450441177846,127.26342187929096,2026-05-13 19:00:00+00:00,Wildfire in Russian Federation 1028700 (Wildfires)
disaster,33.62704563689134,-105.32614451177328,2026-05-13 19:00:00+00:00,Wildfire in United States 1028701 (Wildfires)
disaster,-13.430320746975609,131.6562650276136,2026-05-13 19:00:00+00:00,Wildfire in Australia 1028702 (Wildfires)
disaster,53.10899693454384,126.61684631041275,2026-05-13 19:00:00+00:00,Wildfire in Russian Federation 1028703 (Wildfires)
disaster,53.17718796547731,124.8397974964825,2026-05-13 19:00:00+00:00,"Wildfire in Russian Federation, China 1028706 (Wildfires)"
disaster,53.37462266696996,126.87957635049636,2026-05-13 19:00:00+00:00,Wildfire in Russian Federation 1028707 (Wildfires)
disaster,14.529362734481753,-86.99300095092552,2026-05-13 19:00:00+00:00,Wildfire in Honduras 1028713 (Wildfires)
disaster,39.46574,-112.24211,2026-05-13 17:08:00+00:00,"Wild Horse Wildfire, Millard, Utah (Wildfires)"
disaster,46.617832,-91.299747,2026-05-13 11:37:00+00:00,"NW SANDS BLOCK A RX Prescribed Fire, Bayfield, Wisconsin (Wildfires)"
disaster,31.746,-92.5188,2026-05-13 09:44:00+00:00,"RX WINN BU 113 Prescribed Fire, Grant, Louisiana (Wildfires)"
disaster,25.1222567,90.3395618,2026-05-12 20:00:00+00:00,Flood in Bangladesh 1103878 (Floods)
disaster,16.3293171,100.9552749,2026-05-12 20:00:00+00:00,Flood in Thailand 1103881 (Floods)
disaster,6.6191395,124.748923,2026-05-12 20:00:00+00:00,Flood in Philippines 1103880 (Floods)
disaster,13.757808,43.767179,2026-05-12 20:00:00+00:00,Flood in Yemen 1103882 (Floods)
disaster,46.150031412685685,115.26586196942247,2026-05-12 19:00:00+00:00,Wildfire in Mongolia 1028659 (Wildfires)
disaster,-15.26705737894975,130.04341236141457,2026-05-12 19:00:00+00:00,Wildfire in Australia 1028660 (Wildfires)
disaster,-17.481468911731803,124.99125948398068,2026-05-12 19:00:00+00:00,Wildfire in Australia 1028661 (Wildfires)
disaster,46.21961516379648,115.3636154473448,2026-05-12 19:00:00+00:00,Wildfire in Mongolia 1028662 (Wildfires)
disaster,46.12433205693335,115.93974122527986,2026-05-12 19:00:00+00:00,Wildfire in Mongolia 1028664 (Wildfires)
disaster,46.2194365580596,116.20144466073536,2026-05-12 19:00:00+00:00,Wildfire in Mongolia 1028665 (Wildfires)
disaster,48.69157827612376,133.84258065529383,2026-05-12 19:00:00+00:00,Wildfire in Russian Federation 1028668 (Wildfires)
disaster,-17.831033493470862,124.78156254665316,2026-05-12 19:00:00+00:00,Wildfire in Australia 1028676 (Wildfires)
disaster,50.81927492180209,130.19977916541788,2026-05-12 19:00:00+00:00,Wildfire in Russian Federation 1028677 (Wildfires)
disaster,8.560291672044102,-62.68101781290886,2026-05-12 19:00:00+00:00,Wildfire in Venezuela 1028696 (Wildfires)
disaster,50.99943792070505,132.35787773547557,2026-05-12 19:00:00+00:00,Wildfire in Russian Federation 1028719 (Wildfires)
disaster,45.3842,-99.5704,2026-05-12 11:12:00+00:00,"Stotz RX Prescribed Fire, Edmunds, South Dakota (Wildfires)"
disaster,50.88973956922919,130.05909878101764,2026-05-11 19:00:00+00:00,Wildfire in Russian Federation 1028663 (Wildfires)
disaster,-14.518219006069256,131.09070646072618,2026-05-11 19:00:00+00:00,Wildfire in Australia 1028678 (Wildfires)
disaster,-14.619709722124623,130.80178883109085,2026-05-11 19:00:00+00:00,Wildfire in Australia 1028679 (Wildfires)
disaster,50.4323872116836,136.7702449319372,2026-05-11 19:00:00+00:00,Wildfire in Russian Federation 1028680 (Wildfires)
disaster,48.46517,-104.49667,2026-05-11 18:23:00+00:00,"Teal Wildfire, Sheridan, Montana (Wildfires)"
disaster,42.8455985,-88.630401,2026-05-11 13:22:00+00:00,"rx-Young 1 Prescribed Fire, Jefferson, Wisconsin (Wildfires)"
disaster,25.9602778,-80.4538889,2026-05-11 10:01:00+00:00,"MAX ROAD (06) Wildfire, Broward, Florida (Wildfires)"
disaster,46.766217,-119.590383,2026-05-11 09:33:00+00:00,"NIKE Wildfire, Grant, Washington (Wildfires)"
disaster,32.758815,-95.04077,2026-05-11 09:09:00+00:00,"Rx Upshur 3999 Prescribed Fire, Upshur, Texas (Wildfires)"
disaster,44.72,-86.0925,2026-05-11 08:45:00+00:00,"Peterson Road RX Prescribed Fire, Benzie, Michigan (Wildfires)"
disaster,-13.651743831070458,129.84838608555242,2026-05-10 19:00:00+00:00,Wildfire in Australia 1028641 (Wildfires)
disaster,-14.972754530773363,130.57707218271906,2026-05-10 19:00:00+00:00,Wildfire in Australia 1028653 (Wildfires)
disaster,7.240466395620291,-8.710936648138546,2026-05-10 19:00:00+00:00,Wildfire in Liberia 1028657 (Wildfires)
disaster,-14.927106740785918,130.6061606601242,2026-05-10 19:00:00+00:00,Wildfire in Australia 1028658 (Wildfires)
disaster,-13.467438100468016,130.1939257994159,2026-05-10 19:00:00+00:00,Wildfire in Australia 1028681 (Wildfires)
disaster,52.7514135021746,127.1609217165472,2026-05-10 19:00:00+00:00,Wildfire in Russian Federation 1028682 (Wildfires)
disaster,-16.709293931523792,-59.7676583158346,2026-05-10 19:00:00+00:00,Wildfire in Bolivia 1028697 (Wildfires)
disaster,53.43072948167629,126.75945665160108,2026-05-10 19:00:00+00:00,Wildfire in Russian Federation 1028705 (Wildfires)
disaster,51.440538244205186,135.0051385380359,2026-05-10 19:00:00+00:00,Wildfire in Russian Federation 1028740 (Wildfires)
disaster,45.32005,-96.27005,2026-05-10 11:34:00+00:00,"Rothi East RX Prescribed Fire, Big Stone, Minnesota (Wildfires)"
disaster,44.729167,-86.091389,2026-05-10 09:04:00+00:00,"Lasso Loop RX Prescribed Fire, Benzie, Michigan (Wildfires)"
disaster,33.712802,71.2678805,2026-05-09 20:00:00+00:00,Flood in Pakistan 1103877 (Floods)
disaster,48.93334043508427,134.79097474455511,2026-05-09 19:00:00+00:00,Wildfire in Russian Federation 1028642 (Wildfires)
disaster,-15.16969454241287,130.34633440049444,2026-05-09 19:00:00+00:00,Wildfire in Australia 1028643 (Wildfires)
disaster,-15.183332742661614,130.53267646724606,2026-05-09 19:00:00+00:00,Wildfire in Australia 1028644 (Wildfires)
disaster,48.69831367072151,133.4298293990992,2026-05-09 19:00:00+00:00,Wildfire in Russian Federation 1028645 (Wildfires)
disaster,49.00053247817513,130.7415591566258,2026-05-09 19:00:00+00:00,Wildfire in Russian Federation 1028646 (Wildfires)
disaster,50.78228184364474,129.8058278059038,2026-05-09 19:00:00+00:00,Wildfire in Russian Federation 1028636 (Wildfires)
disaster,50.78109374615009,129.6826143409722,2026-05-09 19:00:00+00:00,Wildfire in Russian Federation 1028639 (Wildfires)
disaster,-15.487845981489718,130.52835867542342,2026-05-09 19:00:00+00:00,Wildfire in Australia 1028654 (Wildfires)
disaster,-15.058321396883604,130.11558744892565,2026-05-09 19:00:00+00:00,Wildfire in Australia 1028691 (Wildfires)
disaster,35.3419444,-119.4958333,2026-05-09 17:20:00+00:00,"BRITE Wildfire, Kern, California (Wildfires)"
disaster,-13.342250460840775,131.4131795186518,2026-05-08 19:00:00+00:00,Wildfire in Australia 1028625 (Wildfires)
disaster,48.673722177061215,134.06579457062483,2026-05-08 19:00:00+00:00,Wildfire in Russian Federation 1028647 (Wildfires)
disaster,8.147583849771289,33.451143066775444,2026-05-08 19:00:00+00:00,Wildfire in Ethiopia 1028671 (Wildfires)
disaster,-14.10092004947227,132.0862481134685,2026-05-08 19:00:00+00:00,Wildfire in Australia 1028692 (Wildfires)
disaster,44.774,-98.658,2026-05-08 10:26:00+00:00,"Jesson WPA RX Prescribed Fire, Spink, South Dakota (Wildfires)"
disaster,38.12855,-79.817083,2026-05-08 10:02:00+00:00,"Big Neal RX Prescribed Fire, Bath, Virginia (Wildfires)"
disaster,-74.2006,-108.5265,2011-08-30 00:00:00+00:00,Iceberg B22A (Sea and Lake Ice)
disaster,-73.82,-109.44,2022-02-18 00:00:00+00:00,Iceberg B22A (Sea and Lake Ice)
disaster,-73.39,-108.78,2023-01-27 00:00:00+00:00,Iceberg B22A (Sea and Lake Ice)
disaster,-72.76,-108.24,2023-02-17 00:00:00+00:00,Iceberg B22A (Sea and Lake Ice)
disaster,-72.33,-108.85,2023-03-10 00:00:00+00:00,Iceberg B22A (Sea and Lake Ice)
disaster,-72.2,-111.09,2023-04-21 00:00:00+00:00,Iceberg B22A (Sea and Lake Ice)
disaster,-72.1,-113.27,2023-05-19 00:00:00+00:00,Iceberg B22A (Sea and Lake Ice)
disaster,-72.02,-115.09,2023-06-30 00:00:00+00:00,Iceberg B22A (Sea and Lake Ice)
disaster,-72.13,-113.47,2023-07-28 00:00:00+00:00,Iceberg B22A (Sea and Lake Ice)
disaster,-71.72,-112.4,2023-08-18 00:00:00+00:00,Iceberg B22A (Sea and Lake Ice)
disaster,-71.47,-114.38,2023-12-08 00:00:00+00:00,Iceberg B22A (Sea and Lake Ice)
disaster,-71.5,-116.41,2024-01-04 00:00:00+00:00,Iceberg B22A (Sea and Lake Ice)
disaster,-71.81,-117.78,2024-02-16 00:00:00+00:00,Iceberg B22A (Sea and Lake Ice)
disaster,-72.15,-119.18,2024-03-29 00:00:00+00:00,Iceberg B22A (Sea and Lake Ice)
disaster,-74.32,-143.26,2024-12-13 00:00:00+00:00,Iceberg B22A (Sea and Lake Ice)
disaster,-74.54,-145.28,2024-12-20 00:00:00+00:00,Iceberg B22A (Sea and Lake Ice)
disaster,-74.93,-147.2,2025-01-02 00:00:00+00:00,Iceberg B22A (Sea and Lake Ice)
disaster,-75.29,-149.39,2025-01-23 00:00:00+00:00,Iceberg B22A (Sea and Lake Ice)
disaster,-75.62,-151.53,2025-01-31 00:00:00+00:00,Iceberg B22A (Sea and Lake Ice)
disaster,-75.86,-153.91,2025-02-14 00:00:00+00:00,Iceberg B22A (Sea and Lake Ice)
disaster,-76.31,-155.77,2025-03-06 00:00:00+00:00,Iceberg B22A (Sea and Lake Ice)
disaster,-76.29,-158.09,2025-03-27 00:00:00+00:00,Iceberg B22A (Sea and Lake Ice)
disaster,-76.16,-160.03,2025-04-11 00:00:00+00:00,Iceberg B22A (Sea and Lake Ice)
disaster,-75.8,-161.95,2025-05-09 00:00:00+00:00,Iceberg B22A (Sea and Lake Ice)
disaster,-75.3,-162.46,2025-05-22 00:00:00+00:00,Iceberg B22A (Sea and Lake Ice)
disaster,-75.08,-165.18,2025-06-05 00:00:00+00:00,Iceberg B22A (Sea and Lake Ice)
disaster,-74.62,-167.15,2025-06-20 00:00:00+00:00,Iceberg B22A (Sea and Lake Ice)
disaster,-74.24,-168.96,2025-07-04 00:00:00+00:00,Iceberg B22A (Sea and Lake Ice)
disaster,-73.66,-169.91,2025-07-31 00:00:00+00:00,Iceberg B22A (Sea and Lake Ice)
disaster,-72.85,-170.36,2025-08-21 00:00:00+00:00,Iceberg B22A (Sea and Lake Ice)
disaster,-72.31,-171.01,2025-09-04 00:00:00+00:00,Iceberg B22A (Sea and Lake Ice)
disaster,-72.15,-172.53,2025-09-11 00:00:00+00:00,Iceberg B22A (Sea and Lake Ice)
disaster,-71.69,-173.47,2025-09-26 00:00:00+00:00,Iceberg B22A (Sea and Lake Ice)
disaster,-71.1,-174.64,2025-10-09 00:00:00+00:00,Iceberg B22A (Sea and Lake Ice)
disaster,-70.78,-175.65,2025-10-16 00:00:00+00:00,Iceberg B22A (Sea and Lake Ice)
disaster,-70.62,-177.22,2025-10-31 00:00:00+00:00,Iceberg B22A (Sea and Lake Ice)
disaster,-70.25,-178.57,2025-11-28 00:00:00+00:00,Iceberg B22A (Sea and Lake Ice)
disaster,-70.7,-178.6,2026-03-26 00:00:00+00:00,Iceberg B22A (Sea and Lake Ice)
disaster,-70.31,-179.72,2026-05-08 00:00:00+00:00,Iceberg B22A (Sea and Lake Ice)
disaster,-70.08,178.75,2026-05-15 00:00:00+00:00,Iceberg B22A (Sea and Lake Ice)
disaster,-69.7,177.27,2026-05-29 00:00:00+00:00,Iceberg B22A (Sea and Lake Ice)
disaster,-69.97,175.86,2026-06-12 00:00:00+00:00,Iceberg B22A (Sea and Lake Ice)
disaster,-69.77,174.59,2026-06-18 00:00:00+00:00,Iceberg B22A (Sea and Lake Ice)
disaster,-69.18,174.74,2026-07-03 00:00:00+00:00,Iceberg B22A (Sea and Lake Ice)
disaster,-75.57,-57.04,2021-05-28 00:00:00+00:00,Iceberg A76C (Sea and Lake Ice)
disaster,-74.98,-56.38,2021-06-11 00:00:00+00:00,Iceberg A76C (Sea and Lake Ice)
disaster,-74.41,-56.65,2021-07-02 00:00:00+00:00,Iceberg A76C (Sea and Lake Ice)
disaster,-73.85,-57.29,2021-07-23 00:00:00+00:00,Iceberg A76C (Sea and Lake Ice)
disaster,-72.87,-58.29,2021-08-20 00:00:00+00:00,Iceberg A76C (Sea and Lake Ice)
disaster,-72.03,-59.3,2021-09-17 00:00:00+00:00,Iceberg A76C (Sea and Lake Ice)
disaster,-71.14,-59.61,2021-10-15 00:00:00+00:00,Iceberg A76C (Sea and Lake Ice)
disaster,-70.66,-59.88,2021-11-12 00:00:00+00:00,Iceberg A76C (Sea and Lake Ice)
disaster,-69.93,-60.06,2022-02-04 00:00:00+00:00,Iceberg A76C (Sea and Lake Ice)
disaster,-69.42,-59.89,2022-03-25 00:00:00+00:00,Iceberg A76C (Sea and Lake Ice)
disaster,-68.97,-60.03,2022-05-13 00:00:00+00:00,Iceberg A76C (Sea and Lake Ice)
disaster,-68.41,-59.62,2022-06-03 00:00:00+00:00,Iceberg A76C (Sea and Lake Ice)
disaster,-67.76,-59.56,2022-07-08 00:00:00+00:00,Iceberg A76C (Sea and Lake Ice)
disaster,-67.18,-59.0,2022-07-29 00:00:00+00:00,Iceberg A76C (Sea and Lake Ice)
disaster,-66.72,-59.15,2022-08-26 00:00:00+00:00,Iceberg A76C (Sea and Lake Ice)
disaster,-66.27,-59.83,2022-11-04 00:00:00+00:00,Iceberg A76C (Sea and Lake Ice)
disaster,-66.41,-58.61,2023-02-03 00:00:00+00:00,Iceberg A76C (Sea and Lake Ice)
disaster,-66.08,-59.75,2023-04-14 00:00:00+00:00,Iceberg A76C (Sea and Lake Ice)
disaster,-65.64,-60.2,2023-05-12 00:00:00+00:00,Iceberg A76C (Sea and Lake Ice)
disaster,-65.38,-58.92,2023-11-24 00:00:00+00:00,Iceberg A76C (Sea and Lake Ice)
disaster,-65.18,-57.76,2023-12-08 00:00:00+00:00,Iceberg A76C (Sea and Lake Ice)
disaster,-65.1,-56.67,2024-01-11 00:00:00+00:00,Iceberg A76C (Sea and Lake Ice)
disaster,-64.1,-56.07,2024-12-13 00:00:00+00:00,Iceberg A76C (Sea and Lake Ice)
disaster,-64.42,-55.23,2024-12-26 00:00:00+00:00,Iceberg A76C (Sea and Lake Ice)
disaster,-63.88,-54.02,2025-01-10 00:00:00+00:00,Iceberg A76C (Sea and Lake Ice)
disaster,-63.79,-52.84,2025-01-23 00:00:00+00:00,Iceberg A76C (Sea and Lake Ice)
disaster,-63.45,-51.88,2025-02-21 00:00:00+00:00,Iceberg A76C (Sea and Lake Ice)
disaster,-62.97,-52.19,2025-03-06 00:00:00+00:00,Iceberg A76C (Sea and Lake Ice)
disaster,-62.3,-53.29,2025-03-21 00:00:00+00:00,Iceberg A76C (Sea and Lake Ice)
disaster,-61.86,-52.11,2025-04-04 00:00:00+00:00,Iceberg A76C (Sea and Lake Ice)
disaster,-61.48,-50.95,2025-04-11 00:00:00+00:00,Iceberg A76C (Sea and Lake Ice)
disaster,-61.09,-49.8,2025-04-18 00:00:00+00:00,Iceberg A76C (Sea and Lake Ice)
disaster,-60.99,-48.45,2025-05-09 00:00:00+00:00,Iceberg A76C (Sea and Lake Ice)
disaster,-60.59,-49.0,2025-06-12 00:00:00+00:00,Iceberg A76C (Sea and Lake Ice)
disaster,-60.05,-47.81,2025-07-31 00:00:00+00:00,Iceberg A76C (Sea and Lake Ice)
disaster,-60.08,-44.61,2025-09-26 00:00:00+00:00,Iceberg A76C (Sea and Lake Ice)
disaster,-60.17,-43.29,2025-10-16 00:00:00+00:00,Iceberg A76C (Sea and Lake Ice)
disaster,-60.45,-42.33,2025-10-31 00:00:00+00:00,Iceberg A76C (Sea and Lake Ice)
disaster,-60.59,-40.58,2025-11-07 00:00:00+00:00,Iceberg A76C (Sea and Lake Ice)
disaster,-60.37,-38.87,2025-11-14 00:00:00+00:00,Iceberg A76C (Sea and Lake Ice)
disaster,-59.78,-38.56,2025-11-21 00:00:00+00:00,Iceberg A76C (Sea and Lake Ice)
disaster,-59.12,-38.71,2025-12-05 00:00:00+00:00,Iceberg A76C (Sea and Lake Ice)
disaster,-59.43,-37.46,2025-12-12 00:00:00+00:00,Iceberg A76C (Sea and Lake Ice)
disaster,-60.2,-37.33,2026-01-02 00:00:00+00:00,Iceberg A76C (Sea and Lake Ice)
disaster,-60.53,-38.05,2026-01-16 00:00:00+00:00,Iceberg A76C (Sea and Lake Ice)
disaster,-59.79,-38.1,2026-01-30 00:00:00+00:00,Iceberg A76C (Sea and Lake Ice)
disaster,-59.26,-37.2,2026-03-06 00:00:00+00:00,Iceberg A76C (Sea and Lake Ice)
disaster,-59.0,-36.32,2026-03-20 00:00:00+00:00,Iceberg A76C (Sea and Lake Ice)
disaster,-59.5,-36.33,2026-04-10 00:00:00+00:00,Iceberg A76C (Sea and Lake Ice)
disaster,-58.65,-36.19,2026-04-24 00:00:00+00:00,Iceberg A76C (Sea and Lake Ice)
disaster,-57.99,-36.61,2026-05-08 00:00:00+00:00,Iceberg A76C (Sea and Lake Ice)
disaster,-58.57,-34.17,2026-05-15 00:00:00+00:00,Iceberg A76C (Sea and Lake Ice)
disaster,-57.65,-34.19,2026-05-21 00:00:00+00:00,Iceberg A76C (Sea and Lake Ice)
disaster,-56.27,-32.5,2026-05-29 00:00:00+00:00,Iceberg A76C (Sea and Lake Ice)
disaster,-55.63,-32.58,2026-06-05 00:00:00+00:00,Iceberg A76C (Sea and Lake Ice)
disaster,-54.25,-32.6,2026-06-12 00:00:00+00:00,Iceberg A76C (Sea and Lake Ice)
disaster,-52.65,-32.32,2026-07-03 00:00:00+00:00,Iceberg A76C (Sea and Lake Ice)
disaster,-52.27,-31.57,2026-07-17 00:00:00+00:00,Iceberg A76C (Sea and Lake Ice)
disaster,-69.38,17.14,2023-09-08 00:00:00+00:00,Iceberg D33A (Sea and Lake Ice)
disaster,-69.23,14.37,2023-09-15 00:00:00+00:00,Iceberg D33A (Sea and Lake Ice)
disaster,-69.37,13.16,2023-09-22 00:00:00+00:00,Iceberg D33A (Sea and Lake Ice)
disaster,-69.58,11.84,2023-09-30 00:00:00+00:00,Iceberg D33A (Sea and Lake Ice)
disaster,-69.71,10.18,2023-10-26 00:00:00+00:00,Iceberg D33A (Sea and Lake Ice)
disaster,-69.67,7.25,2023-11-09 00:00:00+00:00,Iceberg D33A (Sea and Lake Ice)
disaster,-69.66,5.51,2023-11-24 00:00:00+00:00,Iceberg D33A (Sea and Lake Ice)
disaster,-69.58,1.4,2023-12-08 00:00:00+00:00,Iceberg D33A (Sea and Lake Ice)
disaster,-69.4,-0.74,2023-12-15 00:00:00+00:00,Iceberg D33A (Sea and Lake Ice)
disaster,-69.6,-1.94,2023-12-21 00:00:00+00:00,Iceberg D33A (Sea and Lake Ice)
disaster,-69.85,-3.64,2023-12-28 00:00:00+00:00,Iceberg D33A (Sea and Lake Ice)
disaster,-70.07,-5.14,2024-01-04 00:00:00+00:00,Iceberg D33A (Sea and Lake Ice)
disaster,-70.06,-8.04,2024-01-18 00:00:00+00:00,Iceberg D33A (Sea and Lake Ice)
disaster,-70.56,-10.27,2024-02-02 00:00:00+00:00,Iceberg D33A (Sea and Lake Ice)
disaster,-71.06,-12.94,2024-02-16 00:00:00+00:00,Iceberg D33A (Sea and Lake Ice)
disaster,-71.49,-14.77,2024-02-23 00:00:00+00:00,Iceberg D33A (Sea and Lake Ice)
disaster,-72.18,-17.62,2024-03-01 00:00:00+00:00,Iceberg D33A (Sea and Lake Ice)
disaster,-72.57,-19.7,2024-03-07 00:00:00+00:00,Iceberg D33A (Sea and Lake Ice)
disaster,-73.22,-21.86,2024-03-15 00:00:00+00:00,Iceberg D33A (Sea and Lake Ice)
disaster,-72.18,-17.62,2024-03-22 00:00:00+00:00,Iceberg D33A (Sea and Lake Ice)
disaster,-74.24,-26.96,2024-03-29 00:00:00+00:00,Iceberg D33A (Sea and Lake Ice)
disaster,-70.58,-55.49,2024-12-13 00:00:00+00:00,Iceberg D33A (Sea and Lake Ice)
disaster,-70.2,-56.26,2025-01-10 00:00:00+00:00,Iceberg D33A (Sea and Lake Ice)
disaster,-69.78,-57.35,2025-03-21 00:00:00+00:00,Iceberg D33A (Sea and Lake Ice)
disaster,-69.34,-57.06,2025-04-11 00:00:00+00:00,Iceberg D33A (Sea and Lake Ice)
disaster,-68.89,-57.32,2025-07-04 00:00:00+00:00,Iceberg D33A (Sea and Lake Ice)
disaster,-68.35,-57.11,2025-07-31 00:00:00+00:00,Iceberg D33A (Sea and Lake Ice)
disaster,-67.73,-57.17,2025-08-21 00:00:00+00:00,Iceberg D33A (Sea and Lake Ice)
disaster,-67.2,-57.35,2025-09-11 00:00:00+00:00,Iceberg D33A (Sea and Lake Ice)
disaster,-66.59,-57.21,2025-10-09 00:00:00+00:00,Iceberg D33A (Sea and Lake Ice)
disaster,-66.08,-57.22,2025-10-23 00:00:00+00:00,Iceberg D33A (Sea and Lake Ice)
disaster,-65.54,-57.08,2025-11-14 00:00:00+00:00,Iceberg D33A (Sea and Lake Ice)
disaster,-65.12,-57.7,2026-04-17 00:00:00+00:00,Iceberg D33A (Sea and Lake Ice)
disaster,-64.7,-57.31,2026-05-08 00:00:00+00:00,Iceberg D33A (Sea and Lake Ice)
disaster,-64.24,-55.79,2026-06-18 00:00:00+00:00,Iceberg D33A (Sea and Lake Ice)
disaster,-69.64,18.3,2023-09-08 00:00:00+00:00,Iceberg D33B (Sea and Lake Ice)
disaster,-69.45,16.6,2023-09-15 00:00:00+00:00,Iceberg D33B (Sea and Lake Ice)
disaster,-69.3,13.66,2023-09-30 00:00:00+00:00,Iceberg D33B (Sea and Lake Ice)
disaster,-69.47,12.22,2023-10-26 00:00:00+00:00,Iceberg D33B (Sea and Lake Ice)
disaster,-69.61,9.8,2023-12-08 00:00:00+00:00,Iceberg D33B (Sea and Lake Ice)
disaster,-69.68,8.01,2023-12-15 00:00:00+00:00,Iceberg D33B (Sea and Lake Ice)
disaster,-69.94,4.38,2023-12-28 00:00:00+00:00,Iceberg D33B (Sea and Lake Ice)
disaster,-69.84,1.94,2024-01-04 00:00:00+00:00,Iceberg D33B (Sea and Lake Ice)
disaster,-69.22,-2.03,2024-01-18 00:00:00+00:00,Iceberg D33B (Sea and Lake Ice)
disaster,-69.6,-3.15,2024-02-08 00:00:00+00:00,Iceberg D33B (Sea and Lake Ice)
disaster,-70.16,-4.61,2024-02-23 00:00:00+00:00,Iceberg D33B (Sea and Lake Ice)
disaster,-70.29,-7.49,2024-03-01 00:00:00+00:00,Iceberg D33B (Sea and Lake Ice)
disaster,-70.4,-9.33,2024-03-07 00:00:00+00:00,Iceberg D33B (Sea and Lake Ice)
disaster,-70.29,-7.49,2024-03-22 00:00:00+00:00,Iceberg D33B (Sea and Lake Ice)
disaster,-71.07,-12.77,2024-03-29 00:00:00+00:00,Iceberg D33B (Sea and Lake Ice)
disaster,-71.47,-15.11,2024-04-05 00:00:00+00:00,Iceberg D33B (Sea and Lake Ice)
disaster,-72.06,-16.64,2024-04-12 00:00:00+00:00,Iceberg D33B (Sea and Lake Ice)
disaster,-76.49,-37.79,2024-12-13 00:00:00+00:00,Iceberg D33B (Sea and Lake Ice)
disaster,-76.86,-39.23,2025-01-10 00:00:00+00:00,Iceberg D33B (Sea and Lake Ice)
disaster,-77.29,-40.28,2025-02-06 00:00:00+00:00,Iceberg D33B (Sea and Lake Ice)
disaster,-76.97,-42.75,2025-03-27 00:00:00+00:00,Iceberg D33B (Sea and Lake Ice)
disaster,-76.53,-44.03,2025-04-11 00:00:00+00:00,Iceberg D33B (Sea and Lake Ice)
disaster,-76.04,-42.8,2025-05-16 00:00:00+00:00,Iceberg D33B (Sea and Lake Ice)
disaster,-75.11,-41.99,2025-05-29 00:00:00+00:00,Iceberg D33B (Sea and Lake Ice)
disaster,-74.43,-41.96,2025-06-05 00:00:00+00:00,Iceberg D33B (Sea and Lake Ice)
disaster,-73.98,-42.53,2025-06-12 00:00:00+00:00,Iceberg D33B (Sea and Lake Ice)
disaster,-73.47,-42.2,2025-07-11 00:00:00+00:00,Iceberg D33B (Sea and Lake Ice)
disaster,-73.12,-44.43,2025-08-08 00:00:00+00:00,Iceberg D33B (Sea and Lake Ice)
disaster,-72.41,-46.09,2025-08-21 00:00:00+00:00,Iceberg D33B (Sea and Lake Ice)
disaster,-71.89,-46.13,2025-08-28 00:00:00+00:00,Iceberg D33B (Sea and Lake Ice)
disaster,-70.86,-46.21,2025-09-11 00:00:00+00:00,Iceberg D33B (Sea and Lake Ice)
disaster,-70.3,-46.34,2025-09-26 00:00:00+00:00,Iceberg D33B (Sea and Lake Ice)
disaster,-69.88,-48.35,2025-10-16 00:00:00+00:00,Iceberg D33B (Sea and Lake Ice)
disaster,-69.86,-49.85,2025-11-14 00:00:00+00:00,Iceberg D33B (Sea and Lake Ice)
disaster,-69.25,-50.48,2025-11-21 00:00:00+00:00,Iceberg D33B (Sea and Lake Ice)
disaster,-69.65,-51.23,2025-12-26 00:00:00+00:00,Iceberg D33B (Sea and Lake Ice)
disaster,-69.03,-51.92,2026-01-09 00:00:00+00:00,Iceberg D33B (Sea and Lake Ice)
disaster,-68.41,-51.83,2026-02-06 00:00:00+00:00,Iceberg D33B (Sea and Lake Ice)
disaster,-67.97,-52.32,2026-02-13 00:00:00+00:00,Iceberg D33B (Sea and Lake Ice)
disaster,-67.38,-52.33,2026-03-20 00:00:00+00:00,Iceberg D33B (Sea and Lake Ice)
disaster,-66.98,-53.44,2026-04-24 00:00:00+00:00,Iceberg D33B (Sea and Lake Ice)
disaster,-66.06,-53.63,2026-05-08 00:00:00+00:00,Iceberg D33B (Sea and Lake Ice)
disaster,-65.16,-53.98,2026-05-21 00:00:00+00:00,Iceberg D33B (Sea and Lake Ice)
disaster,-64.14,-54.0,2026-06-05 00:00:00+00:00,Iceberg D33B (Sea and Lake Ice)
disaster,-63.74,-52.45,2026-06-12 00:00:00+00:00,Iceberg D33B (Sea and Lake Ice)
disaster,-63.09,-52.27,2026-06-25 00:00:00+00:00,Iceberg D33B (Sea and Lake Ice)
disaster,-62.79,-53.24,2026-07-03 00:00:00+00:00,Iceberg D33B (Sea and Lake Ice)
disaster,-62.28,-53.46,2026-07-10 00:00:00+00:00,Iceberg D33B (Sea and Lake Ice)
disaster,-61.77,-52.16,2026-07-17 00:00:00+00:00,Iceberg D33B (Sea and Lake Ice)
disaster,-61.27,-51.17,2026-07-23 00:00:00+00:00,Iceberg D33B (Sea and Lake Ice)
disaster,-69.83,21.01,2024-01-11 00:00:00+00:00,Iceberg D35 (Sea and Lake Ice)
disaster,-69.29,18.24,2024-01-18 00:00:00+00:00,Iceberg D35 (Sea and Lake Ice)
disaster,-69.53,16.63,2024-02-02 00:00:00+00:00,Iceberg D35 (Sea and Lake Ice)
disaster,-69.36,12.63,2024-03-01 00:00:00+00:00,Iceberg D35 (Sea and Lake Ice)
disaster,-69.55,11.39,2024-03-07 00:00:00+00:00,Iceberg D35 (Sea and Lake Ice)
disaster,-69.77,6.81,2024-03-15 00:00:00+00:00,Iceberg D35 (Sea and Lake Ice)
disaster,-69.36,12.63,2024-03-22 00:00:00+00:00,Iceberg D35 (Sea and Lake Ice)
disaster,-69.95,2.31,2024-03-29 00:00:00+00:00,Iceberg D35 (Sea and Lake Ice)
disaster,-69.69,-1.79,2024-04-05 00:00:00+00:00,Iceberg D35 (Sea and Lake Ice)
disaster,-70.01,-5.22,2024-04-12 00:00:00+00:00,Iceberg D35 (Sea and Lake Ice)
disaster,-74.57,-27.82,2024-12-13 00:00:00+00:00,Iceberg D35 (Sea and Lake Ice)
disaster,-74.62,-30.73,2025-04-04 00:00:00+00:00,Iceberg D35 (Sea and Lake Ice)
disaster,-74.14,-31.03,2025-04-24 00:00:00+00:00,Iceberg D35 (Sea and Lake Ice)
disaster,-73.51,-32.13,2025-05-29 00:00:00+00:00,Iceberg D35 (Sea and Lake Ice)
disaster,-72.73,-31.99,2025-06-05 00:00:00+00:00,Iceberg D35 (Sea and Lake Ice)
disaster,-71.97,-32.52,2025-06-12 00:00:00+00:00,Iceberg D35 (Sea and Lake Ice)
disaster,-71.89,-34.34,2025-07-18 00:00:00+00:00,Iceberg D35 (Sea and Lake Ice)
disaster,-72.29,-35.4,2025-07-31 00:00:00+00:00,Iceberg D35 (Sea and Lake Ice)
disaster,-71.87,-37.49,2025-08-14 00:00:00+00:00,Iceberg D35 (Sea and Lake Ice)
disaster,-71.3,-38.79,2025-08-21 00:00:00+00:00,Iceberg D35 (Sea and Lake Ice)
disaster,-70.51,-39.24,2025-08-28 00:00:00+00:00,Iceberg D35 (Sea and Lake Ice)
disaster,-69.3,-40.02,2025-09-11 00:00:00+00:00,Iceberg D35 (Sea and Lake Ice)
disaster,-68.69,-40.24,2025-09-26 00:00:00+00:00,Iceberg D35 (Sea and Lake Ice)
disaster,-68.54,-41.71,2025-10-16 00:00:00+00:00,Iceberg D35 (Sea and Lake Ice)
disaster,-68.51,-43.35,2025-11-14 00:00:00+00:00,Iceberg D35 (Sea and Lake Ice)
disaster,-68.23,-44.78,2025-11-28 00:00:00+00:00,Iceberg D35 (Sea and Lake Ice)
disaster,-68.28,-46.42,2026-01-02 00:00:00+00:00,Iceberg D35 (Sea and Lake Ice)
disaster,-67.73,-46.79,2026-01-09 00:00:00+00:00,Iceberg D35 (Sea and Lake Ice)
disaster,-67.15,-47.25,2026-01-23 00:00:00+00:00,Iceberg D35 (Sea and Lake Ice)
disaster,-66.37,-47.97,2026-02-13 00:00:00+00:00,Iceberg D35 (Sea and Lake Ice)
disaster,-65.87,-48.19,2026-03-13 00:00:00+00:00,Iceberg D35 (Sea and Lake Ice)
disaster,-65.34,-48.55,2026-04-03 00:00:00+00:00,Iceberg D35 (Sea and Lake Ice)
disaster,-64.33,-48.79,2026-05-08 00:00:00+00:00,Iceberg D35 (Sea and Lake Ice)
disaster,-63.43,-48.32,2026-05-21 00:00:00+00:00,Iceberg D35 (Sea and Lake Ice)
disaster,-62.86,-48.63,2026-05-29 00:00:00+00:00,Iceberg D35 (Sea and Lake Ice)
disaster,-62.51,-47.65,2026-06-12 00:00:00+00:00,Iceberg D35 (Sea and Lake Ice)
disaster,-62.45,-45.53,2026-07-03 00:00:00+00:00,Iceberg D35 (Sea and Lake Ice)
disaster,-62.1,-44.72,2026-07-10 00:00:00+00:00,Iceberg D35 (Sea and Lake Ice)
disaster,-72.61,-127.41,2024-08-15 00:00:00+00:00,Iceberg B22F (Sea and Lake Ice)
disaster,-74.12,-140.7,2024-12-13 00:00:00+00:00,Iceberg B22F (Sea and Lake Ice)
disaster,-74.37,-143.13,2024-12-26 00:00:00+00:00,Iceberg B22F (Sea and Lake Ice)
disaster,-74.74,-145.92,2025-01-02 00:00:00+00:00,Iceberg B22F (Sea and Lake Ice)
disaster,-74.89,-148.32,2025-01-31 00:00:00+00:00,Iceberg B22F (Sea and Lake Ice)
disaster,-75.2,-150.91,2025-02-14 00:00:00+00:00,Iceberg B22F (Sea and Lake Ice)
disaster,-75.24,-153.12,2025-03-06 00:00:00+00:00,Iceberg B22F (Sea and Lake Ice)
disaster,-75.65,-154.11,2025-03-13 00:00:00+00:00,Iceberg B22F (Sea and Lake Ice)
disaster,-75.88,-155.71,2025-03-27 00:00:00+00:00,Iceberg B22F (Sea and Lake Ice)
disaster,-75.63,-157.47,2025-04-11 00:00:00+00:00,Iceberg B22F (Sea and Lake Ice)
disaster,-75.39,-160.1,2025-05-09 00:00:00+00:00,Iceberg B22F (Sea and Lake Ice)
disaster,-74.93,-161.44,2025-05-22 00:00:00+00:00,Iceberg B22F (Sea and Lake Ice)
disaster,-74.75,-163.27,2025-06-05 00:00:00+00:00,Iceberg B22F (Sea and Lake Ice)
disaster,-74.38,-165.79,2025-06-12 00:00:00+00:00,Iceberg B22F (Sea and Lake Ice)
disaster,-73.88,-167.33,2025-06-27 00:00:00+00:00,Iceberg B22F (Sea and Lake Ice)
disaster,-73.67,-169.21,2025-07-11 00:00:00+00:00,Iceberg B22F (Sea and Lake Ice)
disaster,-73.23,-169.59,2025-07-31 00:00:00+00:00,Iceberg B22F (Sea and Lake Ice)
disaster,-72.62,-170.96,2025-08-21 00:00:00+00:00,Iceberg B22F (Sea and Lake Ice)
disaster,-72.21,-171.89,2025-09-04 00:00:00+00:00,Iceberg B22F (Sea and Lake Ice)
disaster,-72.3,-173.36,2025-09-11 00:00:00+00:00,Iceberg B22F (Sea and Lake Ice)
disaster,-71.31,-173.77,2025-10-09 00:00:00+00:00,Iceberg B22F (Sea and Lake Ice)
disaster,-70.81,-174.64,2025-10-16 00:00:00+00:00,Iceberg B22F (Sea and Lake Ice)
disaster,-70.28,-177.13,2025-10-31 00:00:00+00:00,Iceberg B22F (Sea and Lake Ice)
disaster,-69.89,-177.85,2025-11-14 00:00:00+00:00,Iceberg B22F (Sea and Lake Ice)
disaster,-69.24,-177.84,2025-11-28 00:00:00+00:00,Iceberg B22F (Sea and Lake Ice)
disaster,-68.86,-176.57,2025-12-26 00:00:00+00:00,Iceberg B22F (Sea and Lake Ice)
disaster,-68.3,-176.74,2026-01-02 00:00:00+00:00,Iceberg B22F (Sea and Lake Ice)
disaster,-67.68,-177.25,2026-02-19 00:00:00+00:00,Iceberg B22F (Sea and Lake Ice)
disaster,-67.31,-178.77,2026-03-06 00:00:00+00:00,Iceberg B22F (Sea and Lake Ice)
disaster,-67.09,-179.86,2026-03-26 00:00:00+00:00,Iceberg B22F (Sea and Lake Ice)
disaster,-67.58,179.79,2026-04-10 00:00:00+00:00,Iceberg B22F (Sea and Lake Ice)
disaster,-67.1,179.83,2026-04-24 00:00:00+00:00,Iceberg B22F (Sea and Lake Ice)
disaster,-67.18,178.33,2026-05-08 00:00:00+00:00,Iceberg B22F (Sea and Lake Ice)
disaster,-67.6,177.7,2026-06-12 00:00:00+00:00,Iceberg B22F (Sea and Lake Ice)
disaster,-66.75,178.27,2026-06-25 00:00:00+00:00,Iceberg B22F (Sea and Lake Ice)
disaster,-66.58,179.34,2026-07-03 00:00:00+00:00,Iceberg B22F (Sea and Lake Ice)
disaster,-66.56,-178.99,2026-07-17 00:00:00+00:00,Iceberg B22F (Sea and Lake Ice)
disaster,-77.51,-48.54,2025-02-21 00:00:00+00:00,Iceberg A85 (Sea and Lake Ice)
disaster,-76.96,-49.4,2025-03-06 00:00:00+00:00,Iceberg A85 (Sea and Lake Ice)
disaster,-76.66,-51.03,2025-03-13 00:00:00+00:00,Iceberg A85 (Sea and Lake Ice)
disaster,-76.16,-53.15,2025-03-27 00:00:00+00:00,Iceberg A85 (Sea and Lake Ice)
disaster,-75.8,-54.47,2025-04-11 00:00:00+00:00,Iceberg A85 (Sea and Lake Ice)
disaster,-75.23,-54.83,2025-05-22 00:00:00+00:00,Iceberg A85 (Sea and Lake Ice)
disaster,-74.67,-53.83,2025-06-05 00:00:00+00:00,Iceberg A85 (Sea and Lake Ice)
disaster,-74.18,-53.52,2025-06-20 00:00:00+00:00,Iceberg A85 (Sea and Lake Ice)
disaster,-73.38,-54.34,2025-07-31 00:00:00+00:00,Iceberg A85 (Sea and Lake Ice)
disaster,-72.84,-54.79,2025-08-08 00:00:00+00:00,Iceberg A85 (Sea and Lake Ice)
disaster,-72.37,-54.56,2025-08-21 00:00:00+00:00,Iceberg A85 (Sea and Lake Ice)
disaster,-71.91,-54.06,2025-08-28 00:00:00+00:00,Iceberg A85 (Sea and Lake Ice)
disaster,-71.12,-53.84,2025-09-11 00:00:00+00:00,Iceberg A85 (Sea and Lake Ice)
disaster,-70.43,-54.16,2025-09-26 00:00:00+00:00,Iceberg A85 (Sea and Lake Ice)
disaster,-70.0,-54.74,2025-10-09 00:00:00+00:00,Iceberg A85 (Sea and Lake Ice)
disaster,-69.44,-55.01,2025-10-16 00:00:00+00:00,Iceberg A85 (Sea and Lake Ice)
disaster,-68.89,-55.23,2025-11-07 00:00:00+00:00,Iceberg A85 (Sea and Lake Ice)
disaster,-68.06,-55.04,2025-11-21 00:00:00+00:00,Iceberg A85 (Sea and Lake Ice)
disaster,-68.44,-55.69,2025-12-18 00:00:00+00:00,Iceberg A85 (Sea and Lake Ice)
disaster,-68.57,-56.94,2026-03-20 00:00:00+00:00,Iceberg A85 (Sea and Lake Ice)
disaster,-68.1,-57.29,2026-04-24 00:00:00+00:00,Iceberg A85 (Sea and Lake Ice)
disaster,-67.45,-57.24,2026-05-08 00:00:00+00:00,Iceberg A85 (Sea and Lake Ice)
disaster,-66.87,-56.41,2026-05-21 00:00:00+00:00,Iceberg A85 (Sea and Lake Ice)
disaster,-66.42,-55.1,2026-06-12 00:00:00+00:00,Iceberg A85 (Sea and Lake Ice)
disaster,-66.06,-54.3,2026-07-03 00:00:00+00:00,Iceberg A85 (Sea and Lake Ice)
disaster,-65.57,-53.69,2026-07-10 00:00:00+00:00,Iceberg A85 (Sea and Lake Ice)
disaster,-65.12,-53.71,2026-07-17 00:00:00+00:00,Iceberg A85 (Sea and Lake Ice)
disaster,-64.65,-53.85,2026-07-23 00:00:00+00:00,Iceberg A85 (Sea and Lake Ice)
disaster,-5.525,148.42,2026-05-08 00:00:00+00:00,"Langila Volcano, Papua New Guinea (Volcanoes)"
disaster,-36.3789925,-60.3855889,2026-05-07 20:00:00+00:00,Flood in Argentina 1103873 (Floods)
disaster,43.810294,-120.917759,2026-05-07 19:20:00+00:00,"PINE MOUNTAIN Wildfire, Deschutes, Oregon (Wildfires)"
disaster,-14.025392519275972,131.16852681765567,2026-05-07 19:00:00+00:00,Wildfire in Australia 1028620 (Wildfires)
disaster,-13.895313992734817,131.14875112949,2026-05-07 19:00:00+00:00,Wildfire in Australia 1028626 (Wildfires)
disaster,50.63524853574603,128.8979404027909,2026-05-07 19:00:00+00:00,Wildfire in Russian Federation 1028629 (Wildfires)
disaster,-14.060600505185867,130.9939002760516,2026-05-07 19:00:00+00:00,Wildfire in Australia 1028630 (Wildfires)
disaster,49.98513565580457,129.39595147430856,2026-05-07 19:00:00+00:00,Wildfire in Russian Federation 1028648 (Wildfires)
disaster,48.041983740213034,134.96974461571318,2026-05-07 19:00:00+00:00,Wildfire in Russian Federation 1028640 (Wildfires)
disaster,48.60949356348599,133.1046647725562,2026-05-07 19:00:00+00:00,Wildfire in Russian Federation 1028637 (Wildfires)
disaster,13.625179765007273,-84.19125602339801,2026-05-07 19:00:00+00:00,Wildfire in Nicaragua 1028684 (Wildfires)
disaster,-14.072038604034494,130.76674510426176,2026-05-07 19:00:00+00:00,Wildfire in Australia 1028695 (Wildfires)
disaster,35.50478,-117.8589,2026-05-07 14:24:00+00:00,"CANYON Wildfire, Kern, California (Wildfires)"
disaster,31.060417,-94.2227,2026-05-07 09:11:00+00:00,"ANF Shearwood Creek C-86 RX Prescribed Fire, Jasper, Texas (Wildfires)"
disaster,25.6802019,-100.315258,2026-05-06 20:00:00+00:00,Flood in Mexico 1103874 (Floods)
disaster,64.0942558,-139.45673,2026-05-06 20:00:00+00:00,Flood in Canada 1103875 (Floods)
disaster,-13.383485926924346,131.0408199856968,2026-05-06 19:00:00+00:00,Wildfire in Australia 1028603 (Wildfires)
disaster,-14.151669894084192,130.8404100343506,2026-05-06 19:00:00+00:00,Wildfire in Australia 1028627 (Wildfires)
disaster,-18.57568651296382,134.16536512467022,2026-05-06 19:00:00+00:00,Wildfire in Australia 1028631 (Wildfires)
disaster,-34.1310302383751,115.72527541501296,2026-05-06 19:00:00+00:00,Wildfire in Australia 1028632 (Wildfires)
disaster,48.054761160855506,132.80631500451895,2026-05-06 19:00:00+00:00,Wildfire in Russian Federation 1028651 (Wildfires)
disaster,43.0403647,-88.3992015,2026-05-06 10:23:00+00:00,"rx-Lapham Good Oak 2026 Prescribed Fire, Waukesha, Wisconsin (Wildfires)"
disaster,7.6,147.5,2026-05-06 00:00:00+00:00,Tropical Storm Hagupit (Severe Storms)
disaster,7.4,146.9,2026-05-06 06:00:00+00:00,Tropical Storm Hagupit (Severe Storms)
disaster,7.1,145.7,2026-05-06 12:00:00+00:00,Tropical Storm Hagupit (Severe Storms)
disaster,7.3,144.7,2026-05-06 18:00:00+00:00,Tropical Storm Hagupit (Severe Storms)
disaster,7.2,143.8,2026-05-07 00:00:00+00:00,Tropical Storm Hagupit (Severe Storms)
disaster,7.5,142.9,2026-05-07 06:00:00+00:00,Tropical Storm Hagupit (Severe Storms)
disaster,7.7,142.2,2026-05-07 12:00:00+00:00,Tropical Storm Hagupit (Severe Storms)
disaster,8.1,141.2,2026-05-07 18:00:00+00:00,Tropical Storm Hagupit (Severe Storms)
disaster,8.4,139.9,2026-05-08 00:00:00+00:00,Tropical Storm Hagupit (Severe Storms)
disaster,8.7,138.9,2026-05-08 06:00:00+00:00,Tropical Storm Hagupit (Severe Storms)
disaster,8.7,138.2,2026-05-08 12:00:00+00:00,Tropical Storm Hagupit (Severe Storms)
disaster,8.7,137.0,2026-05-08 18:00:00+00:00,Tropical Storm Hagupit (Severe Storms)
disaster,8.7,136.1,2026-05-09 00:00:00+00:00,Tropical Storm Hagupit (Severe Storms)
disaster,9.4,135.8,2026-05-09 06:00:00+00:00,Tropical Storm Hagupit (Severe Storms)
disaster,9.3,134.4,2026-05-09 12:00:00+00:00,Tropical Storm Hagupit (Severe Storms)
disaster,9.8,134.0,2026-05-09 18:00:00+00:00,Tropical Storm Hagupit (Severe Storms)
disaster,10.3,133.3,2026-05-10 00:00:00+00:00,Tropical Storm Hagupit (Severe Storms)
disaster,10.1,131.9,2026-05-10 06:00:00+00:00,Tropical Storm Hagupit (Severe Storms)
disaster,10.3,131.0,2026-05-10 12:00:00+00:00,Tropical Storm Hagupit (Severe Storms)
disaster,29.8519444,-83.1752778,2026-05-05 20:55:00+00:00,"SOUTH CANAL Wildfire, Lafayette, Florida (Wildfires)"
disaster,48.25,14.0,2026-05-05 20:00:00+00:00,Flood in Austria 1103872 (Floods)
disaster,-13.104546497336973,131.56132942547575,2026-05-05 19:00:00+00:00,Wildfire in Australia 1028597 (Wildfires)
disaster,-17.0860641550682,136.42042088482225,2026-05-05 19:00:00+00:00,Wildfire in Australia 1028604 (Wildfires)
disaster,-18.772818748552407,121.87729032225376,2026-05-05 19:00:00+00:00,Wildfire in Australia 1028605 (Wildfires)
disaster,-19.009556669405494,128.6013681273512,2026-05-05 19:00:00+00:00,Wildfire in Australia 1028606 (Wildfires)
disaster,-19.92369924466763,122.8355754676652,2026-05-05 19:00:00+00:00,Wildfire in Australia 1028607 (Wildfires)
disaster,-18.78484122948044,121.89814150264527,2026-05-05 19:00:00+00:00,Wildfire in Australia 1028611 (Wildfires)
disaster,-19.709242796201547,123.21188983574,2026-05-05 19:00:00+00:00,Wildfire in Australia 1028612 (Wildfires)
disaster,-19.0957908114197,128.68882029515223,2026-05-05 19:00:00+00:00,Wildfire in Australia 1028613 (Wildfires)
disaster,-14.393322859715036,130.22602722036126,2026-05-05 19:00:00+00:00,Wildfire in Australia 1028621 (Wildfires)
disaster,-17.066895811485693,136.26978057632846,2026-05-05 19:00:00+00:00,Wildfire in Australia 1028622 (Wildfires)
disaster,-19.210952775999015,135.0007533645601,2026-05-05 19:00:00+00:00,Wildfire in Australia 1028628 (Wildfires)
disaster,-13.29913233915156,131.41677209271853,2026-05-05 19:00:00+00:00,Wildfire in Australia 1028633 (Wildfires)
disaster,-19.715262594924617,128.9724276288434,2026-05-05 19:00:00+00:00,Wildfire in Australia 1028655 (Wildfires)
disaster,-13.44386830860772,131.86537813779796,2026-05-05 19:00:00+00:00,Wildfire in Australia 1028669 (Wildfires)
disaster,-13.26540247894932,131.7606189932516,2026-05-05 19:00:00+00:00,Wildfire in Australia 1028670 (Wildfires)
disaster,29.5297222,-82.1758333,2026-05-05 14:33:00+00:00,"LOCHLOOSA WEST Wildfire, Alachua, Florida (Wildfires)"
disaster,36.2888889,-99.0419444,2026-05-05 10:39:00+00:00,"Hog Farm Wildfire, Woodward, Oklahoma (Wildfires)"
disaster,43.0570991,11.6072307,2026-05-04 20:00:00+00:00,Flood in Italy 1103871 (Floods)
disaster,-15.332140974269,133.3182092252431,2026-05-04 19:00:00+00:00,Wildfire in Australia 1028608 (Wildfires)
disaster,-18.841035396944537,121.8510658459255,2026-05-04 19:00:00+00:00,Wildfire in Australia 1028601 (Wildfires)
disaster,-19.88619151229209,122.3281755423874,2026-05-04 19:00:00+00:00,Wildfire in Australia 1028634 (Wildfires)
disaster,-17.120108406491646,128.0100372111213,2026-05-04 19:00:00+00:00,Wildfire in Australia 1028638 (Wildfires)
disaster,-14.234896697470893,130.18065995645705,2026-05-04 19:00:00+00:00,Wildfire in Australia 1028656 (Wildfires)
disaster,13.714191222543173,-86.64934804684316,2026-05-04 19:00:00+00:00,Wildfire in Nicaragua 1028666 (Wildfires)
disaster,37.85316,-99.45739,2026-05-04 13:33:00+00:00,"Arkansas River Wildfire, Edwards, Kansas (Wildfires)"
disaster,39.066264,-96.576,2026-05-04 13:19:00+00:00,"311 Konza Wildfire, Geary, Kansas (Wildfires)"
disaster,45.3272,-95.9166,2026-05-04 11:05:00+00:00,"Black Rush Lake RX Prescribed Fire, Swift, Minnesota (Wildfires)"
disaster,48.856667,-99.985,2026-05-04 10:38:00+00:00,"32nd Avenue Wildfire, Rolette, North Dakota (Wildfires)"
disaster,31.5088,-88.9858,2026-05-04 09:50:00+00:00,"Chickasawhay CPT 363 RX Prescribed Fire, Jones, Mississippi (Wildfires)"
disaster,-16.862561533511723,132.7158964631746,2026-05-03 19:00:00+00:00,Wildfire in Australia 1028598 (Wildfires)
disaster,-16.887030934294277,132.84726431539835,2026-05-03 19:00:00+00:00,Wildfire in Australia 1028599 (Wildfires)
disaster,-16.09852175478471,132.02662639675208,2026-05-03 19:00:00+00:00,Wildfire in Australia 1028609 (Wildfires)
disaster,-17.494531724187553,122.26137960006398,2026-05-03 19:00:00+00:00,Wildfire in Australia 1028614 (Wildfires)
disaster,-13.691360411499348,132.72798449765668,2026-05-03 19:00:00+00:00,Wildfire in Australia 1028623 (Wildfires)
disaster,-13.880488471519282,132.5626853564392,2026-05-03 19:00:00+00:00,Wildfire in Australia 1028624 (Wildfires)
disaster,-13.678378187436817,132.7297595331603,2026-05-03 19:00:00+00:00,Wildfire in Australia 1028615 (Wildfires)
disaster,48.314985577853,132.69525003678726,2026-05-03 19:00:00+00:00,Wildfire in Russian Federation 1028635 (Wildfires)
disaster,47.65753882975982,127.06931833701503,2026-05-03 19:00:00+00:00,Wildfire in China 1028649 (Wildfires)
disaster,16.14502840441099,80.76887730675446,2026-05-03 19:00:00+00:00,Wildfire in India 1028650 (Wildfires)
disaster,35.3644444,-118.8036111,2026-05-03 18:27:00+00:00,"TOWER Wildfire, Kern, California (Wildfires)"
disaster,33.345111,-112.612123,2026-05-02 22:36:00+00:00,"AFM - Hazen Wildfire, Maricopa, Arizona (Wildfires)"
disaster,-1.5327802,39.5503242709742,2026-05-02 20:00:00+00:00,"Flood in Kenya, Mongolia 1103868 (Floods)"
disaster,0.7407633,34.1026752,2026-05-02 20:00:00+00:00,Flood in Uganda 1103869 (Floods)
disaster,-21.62868470219873,122.24867134680903,2026-05-02 19:00:00+00:00,Wildfire in Australia 1028585 (Wildfires)
disaster,0.1007454933368864,24.2701782730395,2026-05-02 19:00:00+00:00,Wildfire in The Democratic Republic of Congo 1028610 (Wildfires)
disaster,20.93914350396166,-104.17187599366488,2026-05-02 19:00:00+00:00,Wildfire in Mexico 1028618 (Wildfires)
disaster,46.916690118301226,134.1972409572776,2026-05-02 19:00:00+00:00,Wildfire in Russian Federation 1028652 (Wildfires)
disaster,43.266956,-102.905231,2026-05-02 18:52:00+00:00,"Guide Wildfire, Oglala Lakota, South Dakota (Wildfires)"
disaster,51.3331205,6.5623343,2026-05-01 20:00:00+00:00,Flood in Germany 1103862 (Floods)
disaster,61.255148,-149.695544,2026-05-01 19:25:00+00:00,"2026 JBER Prescribed RX Burn Prescribed Fire, Anchorage, Alaska (Wildfires)"
disaster,11.04015814357312,-13.702051501273695,2026-05-01 19:00:00+00:00,Wildfire in Guinea 1028592 (Wildfires)
disaster,-17.669121729034654,123.81610269043011,2026-05-01 19:00:00+00:00,Wildfire in Australia 1028600 (Wildfires)
disaster,44.544066,-84.217672,2026-05-01 14:22:00+00:00,"Mio Prairie RX Prescribed Fire, Oscoda, Michigan (Wildfires)"
disaster,45.8940373,-92.5961834,2026-05-01 13:29:00+00:00,"rx-82 Prescribed Fire, Burnett, Wisconsin (Wildfires)"
disaster,45.3875,-94.919444,2026-05-01 09:58:00+00:00,"Burbank B RX Prescribed Fire, Kandiyohi, Minnesota (Wildfires)"
disaster,40.123264,70.6134164,2026-04-30 20:00:00+00:00,Flood in Tajikistan 1103861 (Floods)
disaster,35.1733735,3.9276122,2026-04-30 20:00:00+00:00,Flood in Algeria 1103863 (Floods)
disaster,-3.4055866,29.1375509,2026-04-30 20:00:00+00:00,Flood in Democratic Republic of Congo 1103864 (Floods)
disaster,-27.1774223,26.1125347,2026-04-30 20:00:00+00:00,Flood in South Africa 1103865 (Floods)
disaster,40.4379858,70.6039542,2026-04-30 20:00:00+00:00,Flood in Uzbekistan 1103867 (Floods)
disaster,49.422486747503925,136.33076148536452,2026-04-30 19:00:00+00:00,Wildfire in Russian Federation 1028593 (Wildfires)
disaster,-17.783947768827105,123.04010690008734,2026-04-30 19:00:00+00:00,Wildfire in Australia 1028594 (Wildfires)
disaster,18.295845103631944,-101.46309689304093,2026-04-30 19:00:00+00:00,Wildfire in Mexico 1028619 (Wildfires)
disaster,46.984333,-112.51,2026-04-30 18:33:00+00:00,"Black Diamond 1B RX Prescribed Fire, Lewis and Clark, Montana (Wildfires)"
disaster,48.52908,-105.55355,2026-04-30 12:53:00+00:00,"Buzzard Feather Wildfire, Roosevelt, Montana (Wildfires)"
disaster,47.1572,-95.991,2026-04-30 10:25:00+00:00,"Downing RX Prescribed Fire, Mahnomen, Minnesota (Wildfires)"
disaster,-65.68,99.61,2022-04-29 00:00:00+00:00,Iceberg C39 (Sea and Lake Ice)
disaster,-65.16,99.15,2023-02-03 00:00:00+00:00,Iceberg C39 (Sea and Lake Ice)
disaster,-64.78,98.37,2023-08-11 00:00:00+00:00,Iceberg C39 (Sea and Lake Ice)
disaster,-64.27,97.94,2025-04-24 00:00:00+00:00,Iceberg C39 (Sea and Lake Ice)
disaster,-64.34,95.86,2025-05-02 00:00:00+00:00,Iceberg C39 (Sea and Lake Ice)
disaster,-65.05,92.92,2025-05-09 00:00:00+00:00,Iceberg C39 (Sea and Lake Ice)
disaster,-65.46,90.81,2025-05-22 00:00:00+00:00,Iceberg C39 (Sea and Lake Ice)
disaster,-65.8,89.37,2025-05-29 00:00:00+00:00,Iceberg C39 (Sea and Lake Ice)
disaster,-65.96,85.51,2025-06-05 00:00:00+00:00,Iceberg C39 (Sea and Lake Ice)
disaster,-66.28,84.07,2025-06-20 00:00:00+00:00,Iceberg C39 (Sea and Lake Ice)
disaster,-66.03,83.06,2025-07-11 00:00:00+00:00,Iceberg C39 (Sea and Lake Ice)
disaster,-65.8,81.85,2025-07-31 00:00:00+00:00,Iceberg C39 (Sea and Lake Ice)
disaster,-66.17,80.3,2025-09-04 00:00:00+00:00,Iceberg C39 (Sea and Lake Ice)
disaster,-66.56,77.76,2025-10-09 00:00:00+00:00,Iceberg C39 (Sea and Lake Ice)
disaster,-67.03,77.22,2025-10-16 00:00:00+00:00,Iceberg C39 (Sea and Lake Ice)
disaster,-67.7,77.49,2025-11-21 00:00:00+00:00,Iceberg C39 (Sea and Lake Ice)
disaster,-68.31,77.23,2026-03-20 00:00:00+00:00,Iceberg C39 (Sea and Lake Ice)
disaster,-69.16,75.08,2026-04-10 00:00:00+00:00,Iceberg C39 (Sea and Lake Ice)
disaster,-68.81,74.24,2026-04-24 00:00:00+00:00,Iceberg C39 (Sea and Lake Ice)
disaster,-68.52,72.81,2026-04-30 00:00:00+00:00,Iceberg C39 (Sea and Lake Ice)
disaster,-67.48,71.07,2026-05-15 00:00:00+00:00,Iceberg C39 (Sea and Lake Ice)
disaster,-67.01,70.55,2026-05-21 00:00:00+00:00,Iceberg C39 (Sea and Lake Ice)
disaster,-66.81,64.84,2026-06-25 00:00:00+00:00,Iceberg C39 (Sea and Lake Ice)
disaster,-66.72,63.31,2026-07-17 00:00:00+00:00,Iceberg C39 (Sea and Lake Ice)
disaster,-68.36,70.68,2022-10-21 00:00:00+00:00,Iceberg D32 (Sea and Lake Ice)
disaster,-67.87,70.97,2022-11-11 00:00:00+00:00,Iceberg D32 (Sea and Lake Ice)
disaster,-67.25,71.07,2022-12-16 00:00:00+00:00,Iceberg D32 (Sea and Lake Ice)
disaster,-66.78,70.03,2023-01-06 00:00:00+00:00,Iceberg D32 (Sea and Lake Ice)
disaster,-67.02,68.02,2023-01-20 00:00:00+00:00,Iceberg D32 (Sea and Lake Ice)
disaster,-66.69,66.44,2023-02-03 00:00:00+00:00,Iceberg D32 (Sea and Lake Ice)
disaster,-66.73,64.91,2023-03-10 00:00:00+00:00,Iceberg D32 (Sea and Lake Ice)
disaster,-66.79,61.47,2023-04-14 00:00:00+00:00,Iceberg D32 (Sea and Lake Ice)
disaster,-66.63,59.41,2023-04-21 00:00:00+00:00,Iceberg D32 (Sea and Lake Ice)
disaster,-65.95,57.37,2023-04-28 00:00:00+00:00,Iceberg D32 (Sea and Lake Ice)
disaster,-65.65,55.56,2023-05-05 00:00:00+00:00,Iceberg D32 (Sea and Lake Ice)
disaster,-65.41,53.8,2023-12-08 00:00:00+00:00,Iceberg D32 (Sea and Lake Ice)
disaster,-65.21,52.63,2024-02-02 00:00:00+00:00,Iceberg D32 (Sea and Lake Ice)
disaster,-64.71,51.95,2024-02-23 00:00:00+00:00,Iceberg D32 (Sea and Lake Ice)
disaster,-64.61,50.88,2024-03-15 00:00:00+00:00,Iceberg D32 (Sea and Lake Ice)
disaster,-65.03,50.49,2024-03-29 00:00:00+00:00,Iceberg D32 (Sea and Lake Ice)
disaster,-69.95,-2.1,2024-12-13 00:00:00+00:00,Iceberg D32 (Sea and Lake Ice)
disaster,-70.05,-4.13,2024-12-26 00:00:00+00:00,Iceberg D32 (Sea and Lake Ice)
disaster,-70.14,-6.05,2025-01-31 00:00:00+00:00,Iceberg D32 (Sea and Lake Ice)
disaster,-70.37,-7.56,2025-02-06 00:00:00+00:00,Iceberg D32 (Sea and Lake Ice)
disaster,-70.41,-8.92,2025-02-14 00:00:00+00:00,Iceberg D32 (Sea and Lake Ice)
disaster,-70.73,-9.94,2025-02-21 00:00:00+00:00,Iceberg D32 (Sea and Lake Ice)
disaster,-71.18,-12.58,2025-04-18 00:00:00+00:00,Iceberg D32 (Sea and Lake Ice)
disaster,-71.88,-16.28,2025-04-24 00:00:00+00:00,Iceberg D32 (Sea and Lake Ice)
disaster,-73.06,-20.64,2025-05-02 00:00:00+00:00,Iceberg D32 (Sea and Lake Ice)
disaster,-71.95,-15.13,2025-05-09 00:00:00+00:00,Iceberg D32 (Sea and Lake Ice)
disaster,-74.01,-27.02,2025-05-16 00:00:00+00:00,Iceberg D32 (Sea and Lake Ice)
disaster,-72.77,-28.57,2025-05-29 00:00:00+00:00,Iceberg D32 (Sea and Lake Ice)
disaster,-71.38,-28.37,2025-06-12 00:00:00+00:00,Iceberg D32 (Sea and Lake Ice)
disaster,-71.86,-29.29,2025-07-31 00:00:00+00:00,Iceberg D32 (Sea and Lake Ice)
disaster,-71.56,-30.55,2025-08-14 00:00:00+00:00,Iceberg D32 (Sea and Lake Ice)
disaster,-71.17,-32.4,2025-08-21 00:00:00+00:00,Iceberg D32 (Sea and Lake Ice)
disaster,-70.84,-33.47,2025-08-28 00:00:00+00:00,Iceberg D32 (Sea and Lake Ice)
disaster,-69.74,-34.14,2025-09-11 00:00:00+00:00,Iceberg D32 (Sea and Lake Ice)
disaster,-69.25,-33.22,2025-09-18 00:00:00+00:00,Iceberg D32 (Sea and Lake Ice)
disaster,-68.6,-33.3,2025-10-09 00:00:00+00:00,Iceberg D32 (Sea and Lake Ice)
disaster,-68.9,-34.27,2025-10-16 00:00:00+00:00,Iceberg D32 (Sea and Lake Ice)
disaster,-68.41,-34.42,2025-10-31 00:00:00+00:00,Iceberg D32 (Sea and Lake Ice)
disaster,-68.83,-35.47,2025-11-07 00:00:00+00:00,Iceberg D32 (Sea and Lake Ice)
disaster,-69.03,-37.95,2025-11-21 00:00:00+00:00,Iceberg D32 (Sea and Lake Ice)
disaster,-68.65,-39.6,2025-12-05 00:00:00+00:00,Iceberg D32 (Sea and Lake Ice)
disaster,-68.86,-41.1,2026-01-02 00:00:00+00:00,Iceberg D32 (Sea and Lake Ice)
disaster,-68.35,-42.29,2026-01-09 00:00:00+00:00,Iceberg D32 (Sea and Lake Ice)
disaster,-67.73,-43.21,2026-01-23 00:00:00+00:00,Iceberg D32 (Sea and Lake Ice)
disaster,-67.13,-44.33,2026-02-13 00:00:00+00:00,Iceberg D32 (Sea and Lake Ice)
disaster,-66.8,-45.65,2026-02-26 00:00:00+00:00,Iceberg D32 (Sea and Lake Ice)
disaster,-66.25,-46.3,2026-03-26 00:00:00+00:00,Iceberg D32 (Sea and Lake Ice)
disaster,-66.36,-47.66,2026-04-10 00:00:00+00:00,Iceberg D32 (Sea and Lake Ice)
disaster,-66.16,-46.48,2026-04-30 00:00:00+00:00,Iceberg D32 (Sea and Lake Ice)
disaster,-65.5,-47.34,2026-05-08 00:00:00+00:00,Iceberg D32 (Sea and Lake Ice)
disaster,-64.74,-47.22,2026-05-21 00:00:00+00:00,Iceberg D32 (Sea and Lake Ice)
disaster,-64.24,-46.87,2026-05-29 00:00:00+00:00,Iceberg D32 (Sea and Lake Ice)
disaster,-63.86,-45.99,2026-06-05 00:00:00+00:00,Iceberg D32 (Sea and Lake Ice)
disaster,-63.51,-44.2,2026-06-12 00:00:00+00:00,Iceberg D32 (Sea and Lake Ice)
disaster,-62.46,-43.03,2026-06-25 00:00:00+00:00,Iceberg D32 (Sea and Lake Ice)
disaster,-62.03,-41.25,2026-07-03 00:00:00+00:00,Iceberg D32 (Sea and Lake Ice)
disaster,-61.65,-39.44,2026-07-10 00:00:00+00:00,Iceberg D32 (Sea and Lake Ice)
disaster,-61.03,-39.28,2026-07-17 00:00:00+00:00,Iceberg D32 (Sea and Lake Ice)
disaster,-60.68,-38.6,2026-07-23 00:00:00+00:00,Iceberg D32 (Sea and Lake Ice)
disaster,-75.66,-27.16,2023-01-27 00:00:00+00:00,Iceberg A81 (Sea and Lake Ice)
disaster,-76.01,-28.83,2023-02-24 00:00:00+00:00,Iceberg A81 (Sea and Lake Ice)
disaster,-76.37,-30.79,2023-03-10 00:00:00+00:00,Iceberg A81 (Sea and Lake Ice)
disaster,-76.8,-33.68,2023-03-31 00:00:00+00:00,Iceberg A81 (Sea and Lake Ice)
disaster,-77.18,-34.92,2023-04-07 00:00:00+00:00,Iceberg A81 (Sea and Lake Ice)
disaster,-77.59,-36.06,2023-04-28 00:00:00+00:00,Iceberg A81 (Sea and Lake Ice)
disaster,-77.69,-38.53,2023-05-26 00:00:00+00:00,Iceberg A81 (Sea and Lake Ice)
disaster,-77.54,-40.51,2023-06-15 00:00:00+00:00,Iceberg A81 (Sea and Lake Ice)
disaster,-77.38,-42.95,2023-07-14 00:00:00+00:00,Iceberg A81 (Sea and Lake Ice)
disaster,-77.69,-39.22,2023-07-28 00:00:00+00:00,Iceberg A81 (Sea and Lake Ice)
disaster,-77.08,-44.49,2023-08-04 00:00:00+00:00,Iceberg A81 (Sea and Lake Ice)
disaster,-76.69,-45.63,2023-09-22 00:00:00+00:00,Iceberg A81 (Sea and Lake Ice)
disaster,-76.47,-48.51,2023-10-26 00:00:00+00:00,Iceberg A81 (Sea and Lake Ice)
disaster,-75.98,-47.68,2024-03-07 00:00:00+00:00,Iceberg A81 (Sea and Lake Ice)
disaster,-69.42,-57.72,2024-12-13 00:00:00+00:00,Iceberg A81 (Sea and Lake Ice)
disaster,-69.67,-58.91,2025-02-21 00:00:00+00:00,Iceberg A81 (Sea and Lake Ice)
disaster,-69.19,-58.84,2025-03-13 00:00:00+00:00,Iceberg A81 (Sea and Lake Ice)
disaster,-68.7,-58.84,2025-04-04 00:00:00+00:00,Iceberg A81 (Sea and Lake Ice)
disaster,-68.31,-58.15,2025-05-22 00:00:00+00:00,Iceberg A81 (Sea and Lake Ice)
disaster,-67.72,-58.19,2025-07-18 00:00:00+00:00,Iceberg A81 (Sea and Lake Ice)
disaster,-67.14,-58.02,2025-08-08 00:00:00+00:00,Iceberg A81 (Sea and Lake Ice)
disaster,-66.69,-58.34,2025-09-04 00:00:00+00:00,Iceberg A81 (Sea and Lake Ice)
disaster,-65.8,-58.33,2025-10-09 00:00:00+00:00,Iceberg A81 (Sea and Lake Ice)
disaster,-65.3,-57.93,2025-11-14 00:00:00+00:00,Iceberg A81 (Sea and Lake Ice)
disaster,-64.87,-58.32,2026-01-09 00:00:00+00:00,Iceberg A81 (Sea and Lake Ice)
disaster,-64.82,-57.15,2026-04-03 00:00:00+00:00,Iceberg A81 (Sea and Lake Ice)
disaster,-64.4,-55.34,2026-04-30 00:00:00+00:00,Iceberg A81 (Sea and Lake Ice)
disaster,-63.9,-54.54,2026-05-21 00:00:00+00:00,Iceberg A81 (Sea and Lake Ice)
disaster,-63.61,-53.69,2026-05-29 00:00:00+00:00,Iceberg A81 (Sea and Lake Ice)
disaster,-63.0,-53.58,2026-06-18 00:00:00+00:00,Iceberg A81 (Sea and Lake Ice)
disaster,-62.4,-54.2,2026-06-25 00:00:00+00:00,Iceberg A81 (Sea and Lake Ice)
disaster,-61.86,-53.25,2026-07-03 00:00:00+00:00,Iceberg A81 (Sea and Lake Ice)
disaster,-61.23,-52.3,2026-07-10 00:00:00+00:00,Iceberg A81 (Sea and Lake Ice)
disaster,-61.22,-53.39,2026-07-17 00:00:00+00:00,Iceberg A81 (Sea and Lake Ice)
disaster,-60.7,-52.82,2026-07-23 00:00:00+00:00,Iceberg A81 (Sea and Lake Ice)
disaster,-75.52,-20.02,2024-04-19 00:00:00+00:00,Iceberg D33C (Sea and Lake Ice)
disaster,-71.34,-53.96,2024-12-13 00:00:00+00:00,Iceberg D33C (Sea and Lake Ice)
disaster,-70.63,-55.73,2025-01-10 00:00:00+00:00,Iceberg D33C (Sea and Lake Ice)
disaster,-70.73,-57.47,2025-02-14 00:00:00+00:00,Iceberg D33C (Sea and Lake Ice)
disaster,-70.13,-57.93,2025-03-27 00:00:00+00:00,Iceberg D33C (Sea and Lake Ice)
disaster,-69.66,-58.36,2025-04-24 00:00:00+00:00,Iceberg D33C (Sea and Lake Ice)
disaster,-69.18,-58.53,2025-07-04 00:00:00+00:00,Iceberg D33C (Sea and Lake Ice)
disaster,-68.5,-58.31,2025-07-31 00:00:00+00:00,Iceberg D33C (Sea and Lake Ice)
disaster,-67.9,-58.42,2025-08-21 00:00:00+00:00,Iceberg D33C (Sea and Lake Ice)
disaster,-67.39,-58.3,2025-09-18 00:00:00+00:00,Iceberg D33C (Sea and Lake Ice)
disaster,-66.61,-58.34,2025-10-16 00:00:00+00:00,Iceberg D33C (Sea and Lake Ice)
disaster,-66.14,-58.17,2025-11-14 00:00:00+00:00,Iceberg D33C (Sea and Lake Ice)
disaster,-65.63,-58.13,2026-04-17 00:00:00+00:00,Iceberg D33C (Sea and Lake Ice)
disaster,-65.21,-57.72,2026-04-30 00:00:00+00:00,Iceberg D33C (Sea and Lake Ice)
disaster,-64.84,-56.29,2026-05-21 00:00:00+00:00,Iceberg D33C (Sea and Lake Ice)
disaster,-64.32,-54.73,2026-06-12 00:00:00+00:00,Iceberg D33C (Sea and Lake Ice)
disaster,-63.63,-54.21,2026-06-25 00:00:00+00:00,Iceberg D33C (Sea and Lake Ice)
disaster,-63.34,-53.2,2026-07-10 00:00:00+00:00,Iceberg D33C (Sea and Lake Ice)
disaster,-75.37,-25.55,2024-05-24 00:00:00+00:00,Iceberg A83 (Sea and Lake Ice)
disaster,-76.09,-28.6,2024-12-13 00:00:00+00:00,Iceberg A83 (Sea and Lake Ice)
disaster,-76.37,-30.23,2025-01-23 00:00:00+00:00,Iceberg A83 (Sea and Lake Ice)
disaster,-76.88,-33.21,2025-02-14 00:00:00+00:00,Iceberg A83 (Sea and Lake Ice)
disaster,-77.38,-34.86,2025-02-21 00:00:00+00:00,Iceberg A83 (Sea and Lake Ice)
disaster,-77.4,-38.7,2025-04-04 00:00:00+00:00,Iceberg A83 (Sea and Lake Ice)
disaster,-76.79,-40.37,2025-04-24 00:00:00+00:00,Iceberg A83 (Sea and Lake Ice)
disaster,-77.15,-41.65,2025-05-02 00:00:00+00:00,Iceberg A83 (Sea and Lake Ice)
disaster,-76.2,-42.16,2025-05-22 00:00:00+00:00,Iceberg A83 (Sea and Lake Ice)
disaster,-75.59,-41.21,2025-05-29 00:00:00+00:00,Iceberg A83 (Sea and Lake Ice)
disaster,-74.82,-40.74,2025-06-05 00:00:00+00:00,Iceberg A83 (Sea and Lake Ice)
disaster,-74.12,-40.94,2025-06-12 00:00:00+00:00,Iceberg A83 (Sea and Lake Ice)
disaster,-73.63,-41.21,2025-06-20 00:00:00+00:00,Iceberg A83 (Sea and Lake Ice)
disaster,-73.76,-43.33,2025-07-31 00:00:00+00:00,Iceberg A83 (Sea and Lake Ice)
disaster,-73.29,-43.92,2025-08-08 00:00:00+00:00,Iceberg A83 (Sea and Lake Ice)
disaster,-72.6,-45.89,2025-08-21 00:00:00+00:00,Iceberg A83 (Sea and Lake Ice)
disaster,-72.1,-45.93,2025-08-28 00:00:00+00:00,Iceberg A83 (Sea and Lake Ice)
disaster,-71.05,-46.02,2025-09-11 00:00:00+00:00,Iceberg A83 (Sea and Lake Ice)
disaster,-70.53,-46.21,2025-09-26 00:00:00+00:00,Iceberg A83 (Sea and Lake Ice)
disaster,-70.12,-48.39,2025-10-16 00:00:00+00:00,Iceberg A83 (Sea and Lake Ice)
disaster,-70.05,-50.1,2025-11-14 00:00:00+00:00,Iceberg A83 (Sea and Lake Ice)
disaster,-69.41,-50.78,2025-11-21 00:00:00+00:00,Iceberg A83 (Sea and Lake Ice)
disaster,-69.85,-51.5,2025-12-26 00:00:00+00:00,Iceberg A83 (Sea and Lake Ice)
disaster,-69.19,-52.2,2026-01-09 00:00:00+00:00,Iceberg A83 (Sea and Lake Ice)
disaster,-68.55,-51.87,2026-02-06 00:00:00+00:00,Iceberg A83 (Sea and Lake Ice)
disaster,-68.11,-52.31,2026-02-13 00:00:00+00:00,Iceberg A83 (Sea and Lake Ice)
disaster,-67.48,-52.08,2026-03-13 00:00:00+00:00,Iceberg A83 (Sea and Lake Ice)
disaster,-67.13,-53.11,2026-04-17 00:00:00+00:00,Iceberg A83 (Sea and Lake Ice)
disaster,-66.53,-53.18,2026-04-30 00:00:00+00:00,Iceberg A83 (Sea and Lake Ice)
disaster,-65.97,-53.35,2026-05-08 00:00:00+00:00,Iceberg A83 (Sea and Lake Ice)
disaster,-65.1,-53.69,2026-05-21 00:00:00+00:00,Iceberg A83 (Sea and Lake Ice)
disaster,-64.46,-53.92,2026-06-05 00:00:00+00:00,Iceberg A83 (Sea and Lake Ice)
disaster,-64.2,-53.03,2026-06-12 00:00:00+00:00,Iceberg A83 (Sea and Lake Ice)
disaster,-63.77,-52.58,2026-06-25 00:00:00+00:00,Iceberg A83 (Sea and Lake Ice)
disaster,-63.54,-51.39,2026-07-03 00:00:00+00:00,Iceberg A83 (Sea and Lake Ice)
disaster,-63.01,-50.29,2026-07-10 00:00:00+00:00,Iceberg A83 (Sea and Lake Ice)
disaster,-62.63,-50.85,2026-07-17 00:00:00+00:00,Iceberg A83 (Sea and Lake Ice)
disaster,-73.71,-168.78,2025-07-11 12:00:00+00:00,Iceberg B22H (Sea and Lake Ice)
disaster,-73.22,-169.13,2025-07-31 00:00:00+00:00,Iceberg B22H (Sea and Lake Ice)
disaster,-72.46,-170.77,2025-08-21 00:00:00+00:00,Iceberg B22H (Sea and Lake Ice)
disaster,-72.05,-172.24,2025-09-04 00:00:00+00:00,Iceberg B22H (Sea and Lake Ice)
disaster,-71.78,-173.86,2025-09-18 00:00:00+00:00,Iceberg B22H (Sea and Lake Ice)
disaster,-71.46,-175.09,2025-10-09 00:00:00+00:00,Iceberg B22H (Sea and Lake Ice)
disaster,-71.23,-176.33,2025-10-23 00:00:00+00:00,Iceberg B22H (Sea and Lake Ice)
disaster,-71.04,-178.04,2025-11-28 00:00:00+00:00,Iceberg B22H (Sea and Lake Ice)
disaster,-71.47,-178.98,2026-01-02 00:00:00+00:00,Iceberg B22H (Sea and Lake Ice)
disaster,-71.91,-178.51,2026-03-06 00:00:00+00:00,Iceberg B22H (Sea and Lake Ice)
disaster,-72.28,-179.77,2026-03-20 00:00:00+00:00,Iceberg B22H (Sea and Lake Ice)
disaster,-72.46,178.02,2026-04-10 00:00:00+00:00,Iceberg B22H (Sea and Lake Ice)
disaster,-72.13,176.25,2026-04-24 00:00:00+00:00,Iceberg B22H (Sea and Lake Ice)
disaster,-71.85,174.5,2026-04-30 00:00:00+00:00,Iceberg B22H (Sea and Lake Ice)
disaster,-71.42,171.94,2026-05-08 00:00:00+00:00,Iceberg B22H (Sea and Lake Ice)
disaster,-70.62,169.5,2026-05-15 00:00:00+00:00,Iceberg B22H (Sea and Lake Ice)
disaster,-70.24,167.53,2026-05-21 00:00:00+00:00,Iceberg B22H (Sea and Lake Ice)
disaster,-69.93,165.49,2026-06-05 00:00:00+00:00,Iceberg B22H (Sea and Lake Ice)
disaster,-70.23,164.3,2026-06-12 00:00:00+00:00,Iceberg B22H (Sea and Lake Ice)
disaster,48.41394139080057,134.3056389564326,2026-04-29 19:00:00+00:00,Wildfire in Russian Federation 1028574 (Wildfires)
disaster,44.88201485248318,131.64045697436202,2026-04-29 19:00:00+00:00,Wildfire in Russian Federation 1028580 (Wildfires)
disaster,-17.290229986047045,124.56184216577188,2026-04-29 19:00:00+00:00,Wildfire in Australia 1028583 (Wildfires)
disaster,8.026360137605812,33.60600783302213,2026-04-29 19:00:00+00:00,Wildfire in Ethiopia 1028584 (Wildfires)
disaster,-17.19112218358584,124.98610860231332,2026-04-29 19:00:00+00:00,Wildfire in Australia 1028586 (Wildfires)
disaster,-17.165702696746084,124.2605012283858,2026-04-29 19:00:00+00:00,Wildfire in Australia 1028595 (Wildfires)
disaster,36.64531,-104.58001,2026-04-29 17:05:00+00:00,"Crow Creek Wildfire, Colfax, New Mexico (Wildfires)"
disaster,43.039137,-90.929398,2026-04-29 12:13:00+00:00,"rx-Millville Oak Woodlands SNA South Prescribed Fire, Grant, Wisconsin (Wildfires)"
disaster,43.142,-101.533,2026-04-29 12:01:00+00:00,"LaCreek NWR Pool RX Prescribed Fire, Bennett, South Dakota (Wildfires)"
disaster,41.204062,-112.16423,2026-04-29 09:51:00+00:00,"Ogden Bay RX Prescribed Fire, Weber, Utah (Wildfires)"
disaster,32.85722222,-98.04277778,2026-04-29 09:10:00+00:00,"Rx Parker 3877 Prescribed Fire, Parker, Texas (Wildfires)"
disaster,34.846208,-104.055975,2026-04-28 20:06:00+00:00,"Sparks Wildfire, Quay, New Mexico (Wildfires)"
disaster,12.983343,77.6046868,2026-04-28 20:00:00+00:00,Flood in India 1103858 (Floods)
disaster,49.21485692805561,130.09666606111776,2026-04-28 19:00:00+00:00,Wildfire in Russian Federation 1028569 (Wildfires)
disaster,-18.0709473694646,-53.03536535748598,2026-04-28 19:00:00+00:00,Wildfire in Brazil 1028570 (Wildfires)
disaster,49.2755929864765,130.32793102278194,2026-04-28 19:00:00+00:00,Wildfire in Russian Federation 1028575 (Wildfires)
disaster,-23.62391603687632,151.11734162201452,2026-04-28 19:00:00+00:00,Wildfire in Australia 1028576 (Wildfires)
disaster,32.2958333,-85.3177778,2026-04-28 17:35:00+00:00,"SHADY GROVE Wildfire, Russell, Alabama (Wildfires)"
disaster,24.4880817,91.7630179,2026-04-27 20:00:00+00:00,Flood in Bangladesh 1103853 (Floods)
disaster,-6.4287985,-74.7975616,2026-04-27 20:00:00+00:00,Flood in Peru 1103854 (Floods)
disaster,42.51333,-8.7537606,2026-04-27 20:00:00+00:00,Flood in Spain 1103855 (Floods)
disaster,40.896861,72.9119207,2026-04-27 20:00:00+00:00,Flood in Kyrgyzstan 1103857 (Floods)
disaster,55.845705618444505,74.91691881722448,2026-04-27 19:00:00+00:00,Wildfire in Russian Federation 1028573 (Wildfires)
disaster,21.562194698483424,-104.31556981596007,2026-04-27 19:00:00+00:00,Wildfire in Mexico 1028602 (Wildfires)
disaster,25.7609,-80.55105,2026-04-27 18:50:00+00:00,"HWY 41 Wildfire, Miami-Dade, Florida (Wildfires)"
weather,19.076,72.8777,2026-07-26 12:57:32,"Mumbai: 28.6C, Clouds"
weather,28.7041,77.1025,2026-07-26 13:01:34,"Delhi: 35.72C, Clouds"
weather,40.7128,-74.006,2026-07-26 12:48:40,"New York: 22.56C, Clear"
weather,35.6762,139.6503,2026-07-26 13:01:36,"Tokyo: 26.12C, Clouds"
weather,51.5074,-0.1278,2026-07-26 12:57:32,"London: 25.42C, Clouds"
weather,-33.8688,151.2093,2026-07-26 13:01:39,"Sydney: 10.33C, Clouds"
air_quality,19.076,72.8777,,Mumbai: co (µg/m³)
air_quality,19.076,72.8777,,Mumbai: pm10 (µg/m³)
air_quality,19.076,72.8777,,Mumbai: pm25 (µg/m³)
air_quality,19.076,72.8777,,Mumbai: so2 (µg/m³)
air_quality,28.7041,77.1025,,Delhi: no2 (µg/m³)
air_quality,28.7041,77.1025,,Delhi: o3 (µg/m³)
air_quality,28.7041,77.1025,,Delhi: pm25 (µg/m³)
air_quality,40.7128,-74.006,,New York: o3 (ppm)
air_quality,40.7128,-74.006,,New York: pm25 (µg/m³)
air_quality,35.6762,139.6503,,Tokyo: no (ppm)
air_quality,35.6762,139.6503,,Tokyo: no2 (ppm)
air_quality,35.6762,139.6503,,Tokyo: nox (ppm)
air_quality,35.6762,139.6503,,Tokyo: pm25 (µg/m³)
air_quality,51.5074,-0.1278,,London: no2 (µg/m³)
air_quality,51.5074,-0.1278,,London: pm25 (µg/m³)
air_quality,-33.8688,151.2093,,Sydney: no2 (ppm)
air_quality,-33.8688,151.2093,,Sydney: o3 (ppm)
air_quality,-33.8688,151.2093,,Sydney: pm10 (µg/m³)
air_quality,-33.8688,151.2093,,Sydney: pm25 (µg/m³)
air_quality,-33.8688,151.2093,,Sydney: so2 (ppm)
