event_id,title,category,date,lon,lat,source_url
EONET_21644,Wildfire in Australia 1029735,Wildfires,2026-07-23T19:00:00Z,131.87557092151,-12.986975916335,https://www.gdacs.org/report.aspx?eventtype=WF&eventid=1029735
EONET_21645,Wildfire in Bolivia 1029736,Wildfires,2026-07-23T19:00:00Z,-59.529968558131,-17.410460118973,https://www.gdacs.org/report.aspx?eventtype=WF&eventid=1029736
EONET_21646,Wildfire in Australia 1029737,Wildfires,2026-07-23T19:00:00Z,126.91745554314,-21.704353165514,https://www.gdacs.org/report.aspx?eventtype=WF&eventid=1029737
EONET_21647,Wildfire in Botswana 1029681,Wildfires,2026-07-23T19:00:00Z,24.165918096977,-23.396450306431,https://www.gdacs.org/report.aspx?eventtype=WF&eventid=1029681
EONET_21600,Typhoon Noul,Severe Storms,2026-07-23T18:00:00Z,125.0,18.1,https://www.metoc.navy.mil/jtwc/products/wp1126.tcw
EONET_21600,Typhoon Noul,Severe Storms,2026-07-24T00:00:00Z,123.6,18.4,https://www.metoc.navy.mil/jtwc/products/wp1126.tcw
EONET_21600,Typhoon Noul,Severe Storms,2026-07-24T06:00:00Z,121.8,18.9,https://www.metoc.navy.mil/jtwc/products/wp1126.tcw
EONET_21600,Typhoon Noul,Severe Storms,2026-07-24T12:00:00Z,120.4,19.7,https://www.metoc.navy.mil/jtwc/products/wp1126.tcw
EONET_21600,Typhoon Noul,Severe Storms,2026-07-24T18:00:00Z,119.3,20.0,https://www.metoc.navy.mil/jtwc/products/wp1126.tcw
EONET_21600,Typhoon Noul,Severe Storms,2026-07-25T00:00:00Z,118.3,20.8,https://www.metoc.navy.mil/jtwc/products/wp1126.tcw
EONET_21600,Typhoon Noul,Severe Storms,2026-07-25T06:00:00Z,116.6,21.3,https://www.metoc.navy.mil/jtwc/products/wp1126.tcw
EONET_21600,Typhoon Noul,Severe Storms,2026-07-25T12:00:00Z,115.9,21.8,https://www.metoc.navy.mil/jtwc/products/wp1126.tcw
EONET_21600,Typhoon Noul,Severe Storms,2026-07-25T18:00:00Z,115.1,22.4,https://www.metoc.navy.mil/jtwc/products/wp1126.tcw
EONET_21584,"Wildfire 0579 TEN MILE, Jefferson, Oregon",Wildfires,2026-07-23T11:55:00Z,-121.014327,44.796442,https://irwin.doi.gov/observer/incidents/2026-ORPRD-000579
EONET_21576,"Wildfire RAILROAD, Grant, Washington",Wildfires,2026-07-23T10:05:00Z,-119.939349,46.839052,https://irwin.doi.gov/observer/incidents/2026-WAWFS-260500
EONET_21597,"Flood in Russia, Ukraine 1104048",Floods,2026-07-22T20:00:00Z,,,https://www.gdacs.org/report.aspx?eventtype=FL&eventid=1104048
EONET_21643,Flood in Kazakhstan 1104049,Floods,2026-07-22T20:00:00Z,,,https://www.gdacs.org/report.aspx?eventtype=FL&eventid=1104049
EONET_21577,"Wildfire Gypsum Creek, King, Texas",Wildfires,2026-07-22T19:04:00Z,-100.0410599,33.46780108,https://irwin.doi.gov/observer/incidents/2026-TXTXS-266131
EONET_21575,"Wildfire West Blue Crab, Cameron, Louisiana",Wildfires,2026-07-22T19:02:00Z,-93.42765,29.880643,https://irwin.doi.gov/observer/incidents/2026-LASBR-000235
EONET_21601,Wildfire in Australia 1029639,Wildfires,2026-07-22T19:00:00Z,126.6599721421,-21.480251727498,https://www.gdacs.org/report.aspx?eventtype=WF&eventid=1029639
EONET_21602,Wildfire in Brazil 1029674,Wildfires,2026-07-22T19:00:00Z,-50.384826637616,-11.929846977494,https://www.gdacs.org/report.aspx?eventtype=WF&eventid=1029674
EONET_21603,Wildfire in The Democratic Republic of Congo 1029640,Wildfires,2026-07-22T19:00:00Z,19.773482330466,-6.0579308558385,https://www.gdacs.org/report.aspx?eventtype=WF&eventid=1029640
EONET_21648,Wildfire in Angola 1029684,Wildfires,2026-07-22T19:00:00Z,20.32721228615,-8.4540013369704,https://www.gdacs.org/report.aspx?eventtype=WF&eventid=1029684
EONET_21649,Wildfire in Zambia 1029685,Wildfires,2026-07-22T19:00:00Z,22.521471305633,-14.329728172755,https://www.gdacs.org/report.aspx?eventtype=WF&eventid=1029685
EONET_21650,Wildfire in Tanzania 1029688,Wildfires,2026-07-22T19:00:00Z,33.925280521105,-7.1876068557347,https://www.gdacs.org/report.aspx?eventtype=WF&eventid=1029688
EONET_21651,Wildfire in Namibia 1029682,Wildfires,2026-07-22T19:00:00Z,15.553070709715,-20.635515605509,https://www.gdacs.org/report.aspx?eventtype=WF&eventid=1029682
EONET_21652,Wildfire in Botswana 1029683,Wildfires,2026-07-22T19:00:00Z,24.188426314494,-23.649072787959,https://www.gdacs.org/report.aspx?eventtype=WF&eventid=1029683
EONET_21653,Wildfire in Spain 1029686,Wildfires,2026-07-22T19:00:00Z,-4.3100960323957,40.355094848904,https://www.gdacs.org/report.aspx?eventtype=WF&eventid=1029686
EONET_21654,Wildfire in Angola 1029687,Wildfires,2026-07-22T19:00:00Z,19.949923738574,-8.4171503967573,https://www.gdacs.org/report.aspx?eventtype=WF&eventid=1029687
EONET_21655,Wildfire in Australia 1029713,Wildfires,2026-07-22T19:00:00Z,138.4811340954,-17.670209030895,https://www.gdacs.org/report.aspx?eventtype=WF&eventid=1029713
EONET_21656,Wildfire in Russian Federation 1029714,Wildfires,2026-07-22T19:00:00Z,155.62338147758,68.552924512419,https://www.gdacs.org/report.aspx?eventtype=WF&eventid=1029714
EONET_21657,Wildfire in Australia 1029715,Wildfires,2026-07-22T19:00:00Z,130.63536373708,-18.477586846182,https://www.gdacs.org/report.aspx?eventtype=WF&eventid=1029715
EONET_21658,Wildfire in Australia 1029716,Wildfires,2026-07-22T19:00:00Z,135.38399980975,-16.262555593823,https://www.gdacs.org/report.aspx?eventtype=WF&eventid=1029716
EONET_21659,Wildfire in Australia 1029738,Wildfires,2026-07-22T19:00:00Z,144.80619855809,-14.871610089208,https://www.gdacs.org/report.aspx?eventtype=WF&eventid=1029738
EONET_21660,Wildfire in France 1029730,Wildfires,2026-07-22T19:00:00Z,-1.124338578813,44.400917658033,https://www.gdacs.org/report.aspx?eventtype=WF&eventid=1029730
EONET_21587,"Incident Complex COW CAMP COMPLEX, Malheur, Oregon",Wildfires,2026-07-21T21:41:00Z,-117.561983,44.334159,https://irwin.doi.gov/observer/incidents/2026-ORVAD-260194
EONET_21586,"Wildfire 188, Malheur, Oregon",Wildfires,2026-07-21T20:57:00Z,-117.555283,44.352583,https://irwin.doi.gov/observer/incidents/2026-ORVAD-260188
EONET_21593,"Wildfire Little Cottonwood, Eureka, Nevada",Wildfires,2026-07-21T20:36:00Z,-116.494367,40.33875,https://irwin.doi.gov/observer/incidents/2026-NVEURX-010317
EONET_21446,Wildfire in Australia 1029513,Wildfires,2026-07-21T19:00:00Z,136.43887685066,-13.081548416514,https://www.gdacs.org/report.aspx?eventtype=WF&eventid=1029513
EONET_21538,Wildfire in France 1029628,Wildfires,2026-07-21T19:00:00Z,-1.0874298413953,44.854191800386,https://www.gdacs.org/report.aspx?eventtype=WF&eventid=1029628
EONET_21604,Wildfire in Brazil 1029641,Wildfires,2026-07-21T19:00:00Z,-50.328240209257,-11.781185002874,https://www.gdacs.org/report.aspx?eventtype=WF&eventid=1029641
EONET_21605,Wildfire in Algeria 1029645,Wildfires,2026-07-21T19:00:00Z,6.8157239353699,36.399218038114,https://www.gdacs.org/report.aspx?eventtype=WF&eventid=1029645
EONET_21606,"Wildfire in Congo, Gabon 1029642",Wildfires,2026-07-21T19:00:00Z,14.285765822008,-2.1455478520845,https://www.gdacs.org/report.aspx?eventtype=WF&eventid=1029642
EONET_21607,Wildfire in Spain 1029643,Wildfires,2026-07-21T19:00:00Z,-4.6513203869438,40.38158502666,https://www.gdacs.org/report.aspx?eventtype=WF&eventid=1029643
EONET_21608,Wildfire in Tunisia 1029644,Wildfires,2026-07-21T19:00:00Z,8.4060701225206,36.258522048155,https://www.gdacs.org/report.aspx?eventtype=WF&eventid=1029644
EONET_21661,Wildfire in Angola 1029689,Wildfires,2026-07-21T19:00:00Z,20.217546048279,-10.08686760936,https://www.gdacs.org/report.aspx?eventtype=WF&eventid=1029689
EONET_21662,Wildfire in Angola 1029717,Wildfires,2026-07-21T19:00:00Z,16.444190550342,-10.186231178185,https://www.gdacs.org/report.aspx?eventtype=WF&eventid=1029717
EONET_21663,Wildfire in Australia 1029739,Wildfires,2026-07-21T19:00:00Z,134.86192396914,-12.909741627137,https://www.gdacs.org/report.aspx?eventtype=WF&eventid=1029739
EONET_21664,Wildfire in Australia 1029740,Wildfires,2026-07-21T19:00:00Z,130.79198032033,-18.559113532637,https://www.gdacs.org/report.aspx?eventtype=WF&eventid=1029740
EONET_21585,"Wildfire COW, Malheur, Oregon",Wildfires,2026-07-21T18:57:00Z,-117.521417,44.354133,https://irwin.doi.gov/observer/incidents/2026-ORVAD-260187
EONET_21578,"Wildfire Fuhr Gulch, Moffat, Colorado",Wildfires,2026-07-21T18:39:00Z,-107.747133,40.422217,https://irwin.doi.gov/observer/incidents/2026-COMFX-000964
EONET_21596,"Wildfire 716 Complex 2, Treasure, Montana",Wildfires,2026-07-21T18:04:00Z,-107.48896,46.28964,https://irwin.doi.gov/observer/incidents/2026-MTLG33-260834
EONET_21592,"Wildfire LITTLE, Alameda, California",Wildfires,2026-07-21T17:43:00Z,-121.846737,37.602408,https://irwin.doi.gov/observer/incidents/2026-CASCU-003908
EONET_21595,"Wildfire Keystone, Rio Blanco, Colorado",Wildfires,2026-07-21T14:14:00Z,-108.178133,40.220533,https://irwin.doi.gov/observer/incidents/2026-COWRD-000957
EONET_21437,Tropical Storm Bertha,Severe Storms,2026-07-21T00:00:00Z,-86.0,28.5,https://www.metoc.navy.mil/jtwc/products/al0226.tcw
EONET_21437,Tropical Storm Bertha,Severe Storms,2026-07-21T03:00:00Z,-85.9,28.2,https://www.metoc.navy.mil/jtwc/products/al0226.tcw
EONET_21437,Tropical Storm Bertha,Severe Storms,2026-07-21T09:00:00Z,-86.4,28.7,https://www.metoc.navy.mil/jtwc/products/al0226.tcw
EONET_21437,Tropical Storm Bertha,Severe Storms,2026-07-21T15:00:00Z,-86.3,29.3,https://www.metoc.navy.mil/jtwc/products/al0226.tcw
EONET_21437,Tropical Storm Bertha,Severe Storms,2026-07-21T21:00:00Z,-87.2,29.4,https://www.metoc.navy.mil/jtwc/products/al0226.tcw
EONET_21437,Tropical Storm Bertha,Severe Storms,2026-07-22T03:00:00Z,-87.7,29.4,https://www.metoc.navy.mil/jtwc/products/al0226.tcw
EONET_21437,Tropical Storm Bertha,Severe Storms,2026-07-22T09:00:00Z,-88.3,29.4,https://www.metoc.navy.mil/jtwc/products/al0226.tcw
EONET_21437,Tropical Storm Bertha,Severe Storms,2026-07-22T15:00:00Z,-88.6,29.8,https://www.metoc.navy.mil/jtwc/products/al0226.tcw
EONET_21437,Tropical Storm Bertha,Severe Storms,2026-07-22T21:00:00Z,-89.8,29.8,https://www.metoc.navy.mil/jtwc/products/al0226.tcw
EONET_21437,Tropical Storm Bertha,Severe Storms,2026-07-23T03:00:00Z,-91.1,29.4,https://www.metoc.navy.mil/jtwc/products/al0226.tcw
EONET_21437,Tropical Storm Bertha,Severe Storms,2026-07-23T09:00:00Z,-92.2,29.0,https://www.metoc.navy.mil/jtwc/products/al0226.tcw
EONET_21437,Tropical Storm Bertha,Severe Storms,2026-07-23T15:00:00Z,-93.2,29.6,https://www.metoc.navy.mil/jtwc/products/al0226.tcw
EONET_21437,Tropical Storm Bertha,Severe Storms,2026-07-23T21:00:00Z,-94.7,29.8,https://www.metoc.navy.mil/jtwc/products/al0226.tcw
EONET_21437,Tropical Storm Bertha,Severe Storms,2026-07-24T03:00:00Z,-96.0,30.0,https://www.metoc.navy.mil/jtwc/products/al0226.tcw
EONET_21598,Flood in Ecuador 1104047,Floods,2026-07-20T20:00:00Z,,,https://www.gdacs.org/report.aspx?eventtype=FL&eventid=1104047
EONET_21583,"Wildfire ROCK, Inyo, California",Wildfires,2026-07-20T19:34:00Z,-118.241189,36.916815,https://irwin.doi.gov/observer/incidents/2026-CABDU-011136
EONET_21539,Wildfire in The Democratic Republic of Congo 1029602,Wildfires,2026-07-20T19:00:00Z,25.180342117202,-7.6138408187919,https://www.gdacs.org/report.aspx?eventtype=WF&eventid=1029602
EONET_21540,Wildfire in Canada 1029603,Wildfires,2026-07-20T19:00:00Z,-123.63642057151,65.462291391112,https://www.gdacs.org/report.aspx?eventtype=WF&eventid=1029603
EONET_21541,Wildfire in Algeria 1029618,Wildfires,2026-07-20T19:00:00Z,-1.4525255850291,34.630531205298,https://www.gdacs.org/report.aspx?eventtype=WF&eventid=1029618
EONET_21542,Wildfire in Australia 1029630,Wildfires,2026-07-20T19:00:00Z,141.73429641222,-13.116043848273,https://www.gdacs.org/report.aspx?eventtype=WF&eventid=1029630
EONET_21609,Wildfire in United States 1029647,Wildfires,2026-07-20T19:00:00Z,-119.25329065534,48.170759103076,https://www.gdacs.org/report.aspx?eventtype=WF&eventid=1029647
EONET_21610,Wildfire in Angola 1029648,Wildfires,2026-07-20T19:00:00Z,21.703247509726,-12.651264337744,https://www.gdacs.org/report.aspx?eventtype=WF&eventid=1029648
EONET_21611,"Wildfire in Angola, The Democratic Republic of Congo 1029646",Wildfires,2026-07-20T19:00:00Z,21.964185211892,-9.8210181053961,https://www.gdacs.org/report.aspx?eventtype=WF&eventid=1029646
EONET_21612,Wildfire in Tunisia 1029649,Wildfires,2026-07-20T19:00:00Z,8.5339704792539,36.276960015533,https://www.gdacs.org/report.aspx?eventtype=WF&eventid=1029649
EONET_21613,Wildfire in Canada 1029650,Wildfires,2026-07-20T19:00:00Z,-122.81896674566,51.06205150927,https://www.gdacs.org/report.aspx?eventtype=WF&eventid=1029650
EONET_21614,Wildfire in Zambia 1029651,Wildfires,2026-07-20T19:00:00Z,30.047106875342,-8.4744352304066,https://www.gdacs.org/report.aspx?eventtype=WF&eventid=1029651
EONET_21615,Wildfire in The Democratic Republic of Congo 1029677,Wildfires,2026-07-20T19:00:00Z,22.50080552589,-8.988722533463,https://www.gdacs.org/report.aspx?eventtype=WF&eventid=1029677
EONET_21616,Wildfire in Australia 1029678,Wildfires,2026-07-20T19:00:00Z,149.94342825023,-25.16211992221,https://www.gdacs.org/report.aspx?eventtype=WF&eventid=1029678
EONET_21665,Wildfire in Angola 1029692,Wildfires,2026-07-20T19:00:00Z,18.961540029482,-9.217615151219,https://www.gdacs.org/report.aspx?eventtype=WF&eventid=1029692
EONET_21666,Wildfire in Angola 1029693,Wildfires,2026-07-20T19:00:00Z,21.8178702016,-15.131595558832,https://www.gdacs.org/report.aspx?eventtype=WF&eventid=1029693
EONET_21667,Wildfire in Tanzania 1029694,Wildfires,2026-07-20T19:00:00Z,35.243872278667,-2.2420811015138,https://www.gdacs.org/report.aspx?eventtype=WF&eventid=1029694
EONET_21668,Wildfire in Zambia 1029695,Wildfires,2026-07-20T19:00:00Z,22.346438135182,-14.365728772772,https://www.gdacs.org/report.aspx?eventtype=WF&eventid=1029695
EONET_21669,Wildfire in Angola 1029731,Wildfires,2026-07-20T19:00:00Z,19.957559549584,-9.176763504877,https://www.gdacs.org/report.aspx?eventtype=WF&eventid=1029731
EONET_21670,Wildfire in Angola 1029718,Wildfires,2026-07-20T19:00:00Z,15.303596764664,-10.114057568069,https://www.gdacs.org/report.aspx?eventtype=WF&eventid=1029718
EONET_21671,Wildfire in Australia 1029719,Wildfires,2026-07-20T19:00:00Z,133.63401263875,-13.594640999169,https://www.gdacs.org/report.aspx?eventtype=WF&eventid=1029719
EONET_21672,Wildfire in France 1029690,Wildfires,2026-07-20T19:00:00Z,6.0950796181028,43.525505344835,https://www.gdacs.org/report.aspx?eventtype=WF&eventid=1029690
EONET_21673,Wildfire in Angola 1029691,Wildfires,2026-07-20T19:00:00Z,17.277443952049,-10.076952426464,https://www.gdacs.org/report.aspx?eventtype=WF&eventid=1029691
EONET_21403,"Wildfire Big Gulch, Moffat, Colorado",Wildfires,2026-07-19T21:36:00Z,-107.671833,40.681667,https://irwin.doi.gov/observer/incidents/2026-COMFX-000934
EONET_21440,Flood in Latvia 1104037,Floods,2026-07-19T20:00:00Z,,,https://www.gdacs.org/report.aspx?eventtype=FL&eventid=1104037
EONET_21535,Flood in The Republic of North Macedonia 1104043,Floods,2026-07-19T20:00:00Z,,,https://www.gdacs.org/report.aspx?eventtype=FL&eventid=1104043
EONET_21447,Wildfire in The Democratic Republic of Congo 1029514,Wildfires,2026-07-19T19:00:00Z,24.598765796499,-8.7361621878621,https://www.gdacs.org/report.aspx?eventtype=WF&eventid=1029514
EONET_21448,Wildfire in Kazakhstan 1029515,Wildfires,2026-07-19T19:00:00Z,80.535281016072,46.169160271516,https://www.gdacs.org/report.aspx?eventtype=WF&eventid=1029515
EONET_21449,Wildfire in Brazil 1029516,Wildfires,2026-07-19T19:00:00Z,-50.337455570201,-10.710160976875,https://www.gdacs.org/report.aspx?eventtype=WF&eventid=1029516
EONET_21450,Wildfire in Australia 1029517,Wildfires,2026-07-19T19:00:00Z,138.65175212858,-17.653829119552,https://www.gdacs.org/report.aspx?eventtype=WF&eventid=1029517
EONET_21451,Wildfire in Australia 1029518,Wildfires,2026-07-19T19:00:00Z,135.73285376715,-13.118041681163,https://www.gdacs.org/report.aspx?eventtype=WF&eventid=1029518
EONET_21543,"Wildfire in Angola, The Democratic Republic of Congo 1029604",Wildfires,2026-07-19T19:00:00Z,22.247110772701,-10.583055714637,https://www.gdacs.org/report.aspx?eventtype=WF&eventid=1029604
EONET_21544,Wildfire in The Democratic Republic of Congo 1029605,Wildfires,2026-07-19T19:00:00Z,18.081626569367,-6.689371525434,https://www.gdacs.org/report.aspx?eventtype=WF&eventid=1029605
EONET_21545,Wildfire in Zambia 1029619,Wildfires,2026-07-19T19:00:00Z,22.385225867268,-14.494538407089,https://www.gdacs.org/report.aspx?eventtype=WF&eventid=1029619
EONET_21546,Wildfire in United States 1029631,Wildfires,2026-07-19T19:00:00Z,-121.51377883157,44.388664573418,https://www.gdacs.org/report.aspx?eventtype=WF&eventid=1029631
EONET_21547,Wildfire in Algeria 1029606,Wildfires,2026-07-19T19:00:00Z,-1.565768571381,34.524969810843,https://www.gdacs.org/report.aspx?eventtype=WF&eventid=1029606
EONET_21548,Wildfire in The Democratic Republic of Congo 1029629,Wildfires,2026-07-19T19:00:00Z,22.024570170219,-9.0339217572814,https://www.gdacs.org/report.aspx?eventtype=WF&eventid=1029629
EONET_21617,Wildfire in The Democratic Republic of Congo 1029652,Wildfires,2026-07-19T19:00:00Z,23.324666030607,-3.501910929777,https://www.gdacs.org/report.aspx?eventtype=WF&eventid=1029652
EONET_21618,Wildfire in Angola 1029653,Wildfires,2026-07-19T19:00:00Z,21.317243985833,-17.33771707494,https://www.gdacs.org/report.aspx?eventtype=WF&eventid=1029653
EONET_21619,Wildfire in Angola 1029654,Wildfires,2026-07-19T19:00:00Z,19.06015172975,-8.5858786002091,https://www.gdacs.org/report.aspx?eventtype=WF&eventid=1029654
EONET_21620,Wildfire in The Democratic Republic of Congo 1029655,Wildfires,2026-07-19T19:00:00Z,23.264017872206,-3.5560109551315,https://www.gdacs.org/report.aspx?eventtype=WF&eventid=1029655
EONET_21674,Wildfire in The Democratic Republic of Congo 1029696,Wildfires,2026-07-19T19:00:00Z,23.382739012217,-2.3175596111442,https://www.gdacs.org/report.aspx?eventtype=WF&eventid=1029696
EONET_21675,Wildfire in Canada 1029697,Wildfires,2026-07-19T19:00:00Z,-117.32236816549,66.324986445329,https://www.gdacs.org/report.aspx?eventtype=WF&eventid=1029697
EONET_21676,Wildfire in The Democratic Republic of Congo 1029698,Wildfires,2026-07-19T19:00:00Z,23.182562043011,-4.0010180215656,https://www.gdacs.org/report.aspx?eventtype=WF&eventid=1029698
EONET_21677,Wildfire in The Democratic Republic of Congo 1029699,Wildfires,2026-07-19T19:00:00Z,23.934322763445,-3.9141240715934,https://www.gdacs.org/report.aspx?eventtype=WF&eventid=1029699
EONET_21678,Wildfire in Angola 1029720,Wildfires,2026-07-19T19:00:00Z,16.705234409322,-10.272861776007,https://www.gdacs.org/report.aspx?eventtype=WF&eventid=1029720
EONET_21679,Wildfire in Australia 1029721,Wildfires,2026-07-19T19:00:00Z,122.57129586851,-17.011471104096,https://www.gdacs.org/report.aspx?eventtype=WF&eventid=1029721
EONET_21680,Wildfire in Angola 1029732,Wildfires,2026-07-19T19:00:00Z,15.253324251937,-10.425023568044,https://www.gdacs.org/report.aspx?eventtype=WF&eventid=1029732
EONET_21681,Wildfire in Australia 1029741,Wildfires,2026-07-19T19:00:00Z,134.15636375571,-12.824521767765,https://www.gdacs.org/report.aspx?eventtype=WF&eventid=1029741
EONET_21682,Wildfire in Australia 1029742,Wildfires,2026-07-19T19:00:00Z,133.39846676465,-14.44903718491,https://www.gdacs.org/report.aspx?eventtype=WF&eventid=1029742
EONET_21399,Hurricane Fausto,Severe Storms,2026-07-19T18:00:00Z,-112.1,12.2,https://www.metoc.navy.mil/jtwc/products/ep0626.tcw
EONET_21399,Hurricane Fausto,Severe Storms,2026-07-20T00:00:00Z,-113.6,12.5,https://www.metoc.navy.mil/jtwc/products/ep0626.tcw
EONET_21399,Hurricane Fausto,Severe Storms,2026-07-20T06:00:00Z,-115.2,12.7,https://www.metoc.navy.mil/jtwc/products/ep0626.tcw
EONET_21399,Hurricane Fausto,Severe Storms,2026-07-20T12:00:00Z,-116.0,13.2,https://www.metoc.navy.mil/jtwc/products/ep0626.tcw
EONET_21399,Hurricane Fausto,Severe Storms,2026-07-20T18:00:00Z,-116.6,14.0,https://www.metoc.navy.mil/jtwc/products/ep0626.tcw
EONET_21399,Hurricane Fausto,Severe Storms,2026-07-21T00:00:00Z,-117.0,14.4,https://www.metoc.navy.mil/jtwc/products/ep0626.tcw
EONET_21399,Hurricane Fausto,Severe Storms,2026-07-21T06:00:00Z,-117.6,15.1,https://www.metoc.navy.mil/jtwc/products/ep0626.tcw
EONET_21399,Hurricane Fausto,Severe Storms,2026-07-21T12:00:00Z,-118.4,16.0,https://www.metoc.navy.mil/jtwc/products/ep0626.tcw
EONET_21399,Hurricane Fausto,Severe Storms,2026-07-21T18:00:00Z,-119.5,16.5,https://www.metoc.navy.mil/jtwc/products/ep0626.tcw
EONET_21399,Hurricane Fausto,Severe Storms,2026-07-22T00:00:00Z,-120.0,16.5,https://www.metoc.navy.mil/jtwc/products/ep0626.tcw
EONET_21399,Hurricane Fausto,Severe Storms,2026-07-22T06:00:00Z,-120.4,16.6,https://www.metoc.navy.mil/jtwc/products/ep0626.tcw
EONET_21399,Hurricane Fausto,Severe Storms,2026-07-22T12:00:00Z,-121.0,16.9,https://www.metoc.navy.mil/jtwc/products/ep0626.tcw
EONET_21399,Hurricane Fausto,Severe Storms,2026-07-22T18:00:00Z,-121.5,17.1,https://www.metoc.navy.mil/jtwc/products/ep0626.tcw
EONET_21399,Hurricane Fausto,Severe Storms,2026-07-23T00:00:00Z,-122.4,17.4,https://www.metoc.navy.mil/jtwc/products/ep0626.tcw
EONET_21399,Hurricane Fausto,Severe Storms,2026-07-23T06:00:00Z,-123.5,17.7,https://www.metoc.navy.mil/jtwc/products/ep0626.tcw
EONET_21399,Hurricane Fausto,Severe Storms,2026-07-23T12:00:00Z,-124.8,17.8,https://www.metoc.navy.mil/jtwc/products/ep0626.tcw
EONET_21399,Hurricane Fausto,Severe Storms,2026-07-23T18:00:00Z,-126.2,18.1,https://www.metoc.navy.mil/jtwc/products/ep0626.tcw
EONET_21399,Hurricane Fausto,Severe Storms,2026-07-24T00:00:00Z,-127.7,18.2,https://www.metoc.navy.mil/jtwc/products/ep0626.tcw
EONET_21399,Hurricane Fausto,Severe Storms,2026-07-24T06:00:00Z,-129.2,18.5,https://www.metoc.navy.mil/jtwc/products/ep0626.tcw
EONET_21399,Hurricane Fausto,Severe Storms,2026-07-24T12:00:00Z,-130.6,18.5,https://www.metoc.navy.mil/jtwc/products/ep0626.tcw
EONET_21399,Hurricane Fausto,Severe Storms,2026-07-24T18:00:00Z,-132.0,18.6,https://www.metoc.navy.mil/jtwc/products/ep0626.tcw
EONET_21399,Hurricane Fausto,Severe Storms,2026-07-25T00:00:00Z,-133.3,18.6,https://www.metoc.navy.mil/jtwc/products/ep0626.tcw
EONET_21399,Hurricane Fausto,Severe Storms,2026-07-25T06:00:00Z,-134.5,18.7,https://www.metoc.navy.mil/jtwc/products/ep0626.tcw
EONET_21399,Hurricane Fausto,Severe Storms,2026-07-25T12:00:00Z,-135.9,19.0,https://www.metoc.navy.mil/jtwc/products/ep0626.tcw
EONET_21399,Hurricane Fausto,Severe Storms,2026-07-25T18:00:00Z,-137.0,19.2,https://www.metoc.navy.mil/jtwc/products/ep0626.tcw
EONET_21399,Hurricane Fausto,Severe Storms,2026-07-26T00:00:00Z,-138.2,19.4,https://www.metoc.navy.mil/jtwc/products/ep0626.tcw
EONET_21399,Hurricane Fausto,Severe Storms,2026-07-26T06:00:00Z,-139.2,19.6,https://www.metoc.navy.mil/jtwc/products/ep0626.tcw
EONET_21594,"Wildfire 518 SULLY, Gilliam, Oregon",Wildfires,2026-07-18T21:19:00Z,-120.021548,45.745867,https://irwin.doi.gov/observer/incidents/2026-ORPRD-000518
EONET_21438,Flood in Afghanistan 1104033,Floods,2026-07-18T20:00:00Z,,,https://www.gdacs.org/report.aspx?eventtype=FL&eventid=1104033
EONET_21441,Flood in Moldova 1104038,Floods,2026-07-18T20:00:00Z,,,https://www.gdacs.org/report.aspx?eventtype=FL&eventid=1104038
EONET_21442,Flood in Romania 1104039,Floods,2026-07-18T20:00:00Z,,,https://www.gdacs.org/report.aspx?eventtype=FL&eventid=1104039
EONET_21443,Flood in Costa Rica 1104040,Floods,2026-07-18T20:00:00Z,,,https://www.gdacs.org/report.aspx?eventtype=FL&eventid=1104040
EONET_21444,Flood in Peru 1104041,Floods,2026-07-18T20:00:00Z,,,https://www.gdacs.org/report.aspx?eventtype=FL&eventid=1104041
EONET_21445,Flood in Bulgaria 1104036,Floods,2026-07-18T20:00:00Z,,,https://www.gdacs.org/report.aspx?eventtype=FL&eventid=1104036
EONET_21536,Flood in Pakistan 1104045,Floods,2026-07-18T20:00:00Z,,,https://www.gdacs.org/report.aspx?eventtype=FL&eventid=1104045
EONET_21599,Flood in Ukraine 1104046,Floods,2026-07-18T20:00:00Z,,,https://www.gdacs.org/report.aspx?eventtype=FL&eventid=1104046
EONET_21424,"Wildfire Grassy Hills, Owyhee, Idaho",Wildfires,2026-07-18T19:25:00Z,-115.131133,42.241983,https://irwin.doi.gov/observer/incidents/2026-IDTFD-000140
EONET_21421,"Wildfire BROOK, Shasta, California",Wildfires,2026-07-18T19:12:00Z,-122.197625,40.698456,https://irwin.doi.gov/observer/incidents/2026-CASHU-008640
EONET_21452,Wildfire in The Democratic Republic of Congo 1029521,Wildfires,2026-07-18T19:00:00Z,18.717779381885,-6.1724640726788,https://www.gdacs.org/report.aspx?eventtype=WF&eventid=1029521
EONET_21453,Wildfire in Algeria 1029519,Wildfires,2026-07-18T19:00:00Z,0.34646139771137,35.222483198869,https://www.gdacs.org/report.aspx?eventtype=WF&eventid=1029519
EONET_21454,Wildfire in Angola 1029522,Wildfires,2026-07-18T19:00:00Z,19.844834316527,-8.2657593900506,https://www.gdacs.org/report.aspx?eventtype=WF&eventid=1029522
EONET_21455,Wildfire in Angola 1029527,Wildfires,2026-07-18T19:00:00Z,21.329968621872,-10.005804955642,https://www.gdacs.org/report.aspx?eventtype=WF&eventid=1029527
EONET_21456,Wildfire in Botswana 1029528,Wildfires,2026-07-18T19:00:00Z,23.943265355467,-23.796475835779,https://www.gdacs.org/report.aspx?eventtype=WF&eventid=1029528
EONET_21457,Wildfire in Australia 1029520,Wildfires,2026-07-18T19:00:00Z,136.94825062382,-16.098756352885,https://www.gdacs.org/report.aspx?eventtype=WF&eventid=1029520
EONET_21458,Wildfire in Russian Federation 1029523,Wildfires,2026-07-18T19:00:00Z,164.48102188473,66.774892404025,https://www.gdacs.org/report.aspx?eventtype=WF&eventid=1029523
EONET_21459,Wildfire in The Democratic Republic of Congo 1029524,Wildfires,2026-07-18T19:00:00Z,21.851043862609,-9.3414769193086,https://www.gdacs.org/report.aspx?eventtype=WF&eventid=1029524
EONET_21460,Wildfire in Algeria 1029525,Wildfires,2026-07-18T19:00:00Z,7.2392503409187,36.804778379684,https://www.gdacs.org/report.aspx?eventtype=WF&eventid=1029525
EONET_21461,Wildfire in Australia 1029526,Wildfires,2026-07-18T19:00:00Z,138.62125324554,-17.760740698834,https://www.gdacs.org/report.aspx?eventtype=WF&eventid=1029526
EONET_21462,Wildfire in Algeria 1029529,Wildfires,2026-07-18T19:00:00Z,3.8707891164095,36.159043558524,https://www.gdacs.org/report.aspx?eventtype=WF&eventid=1029529
EONET_21463,Wildfire in Australia 1029530,Wildfires,2026-07-18T19:00:00Z,128.28627488829,-16.695659930516,https://www.gdacs.org/report.aspx?eventtype=WF&eventid=1029530
EONET_21549,Wildfire in Russian Federation 1029607,Wildfires,2026-07-18T19:00:00Z,149.63977997728,65.306671430021,https://www.gdacs.org/report.aspx?eventtype=WF&eventid=1029607
EONET_21550,Wildfire in Angola 1029608,Wildfires,2026-07-18T19:00:00Z,22.195768228327,-10.355063903004,https://www.gdacs.org/report.aspx?eventtype=WF&eventid=1029608
EONET_21551,Wildfire in Australia 1029632,Wildfires,2026-07-18T19:00:00Z,142.24627731015,-15.128108937691,https://www.gdacs.org/report.aspx?eventtype=WF&eventid=1029632
EONET_21552,Wildfire in Australia 1029633,Wildfires,2026-07-18T19:00:00Z,136.41225213626,-12.797361584034,https://www.gdacs.org/report.aspx?eventtype=WF&eventid=1029633
EONET_21553,Wildfire in Botswana 1029620,Wildfires,2026-07-18T19:00:00Z,22.735542429276,-23.304229029844,https://www.gdacs.org/report.aspx?eventtype=WF&eventid=1029620
EONET_21554,Wildfire in The Democratic Republic of Congo 1029621,Wildfires,2026-07-18T19:00:00Z,23.728514777682,-3.4434993814907,https://www.gdacs.org/report.aspx?eventtype=WF&eventid=1029621
EONET_21621,Wildfire in Angola 1029656,Wildfires,2026-07-18T19:00:00Z,21.876531296097,-16.762649029594,https://www.gdacs.org/report.aspx?eventtype=WF&eventid=1029656
EONET_21622,Wildfire in Australia 1029679,Wildfires,2026-07-18T19:00:00Z,142.83784830116,-12.737909309303,https://www.gdacs.org/report.aspx?eventtype=WF&eventid=1029679
EONET_21623,Wildfire in Russian Federation 1029680,Wildfires,2026-07-18T19:00:00Z,156.86290546651,68.659928208515,https://www.gdacs.org/report.aspx?eventtype=WF&eventid=1029680
EONET_21624,Wildfire in Australia 1029657,Wildfires,2026-07-18T19:00:00Z,132.18047554182,-13.645201007312,https://www.gdacs.org/report.aspx?eventtype=WF&eventid=1029657
EONET_21683,"Wildfire in The Democratic Republic of Congo, Angola 1029700",Wildfires,2026-07-18T19:00:00Z,19.055970275203,-7.9886420630905,https://www.gdacs.org/report.aspx?eventtype=WF&eventid=1029700
EONET_21684,Wildfire in The Democratic Republic of Congo 1029701,Wildfires,2026-07-18T19:00:00Z,23.73552758856,-3.5697795321426,https://www.gdacs.org/report.aspx?eventtype=WF&eventid=1029701
EONET_21685,Wildfire in The Democratic Republic of Congo 1029702,Wildfires,2026-07-18T19:00:00Z,23.315414356378,-3.9811370704486,https://www.gdacs.org/report.aspx?eventtype=WF&eventid=1029702
EONET_21686,Wildfire in Australia 1029743,Wildfires,2026-07-18T19:00:00Z,144.65694707497,-16.16356402414,https://www.gdacs.org/report.aspx?eventtype=WF&eventid=1029743
EONET_21687,Wildfire in Australia 1029744,Wildfires,2026-07-18T19:00:00Z,142.45306490503,-14.8260118149,https://www.gdacs.org/report.aspx?eventtype=WF&eventid=1029744
EONET_21688,Wildfire in Australia 1029745,Wildfires,2026-07-18T19:00:00Z,134.82076946932,-12.389114570235,https://www.gdacs.org/report.aspx?eventtype=WF&eventid=1029745
EONET_21689,Wildfire in Angola 1029703,Wildfires,2026-07-18T19:00:00Z,21.801137348496,-8.635308933819,https://www.gdacs.org/report.aspx?eventtype=WF&eventid=1029703
EONET_21404,"Wildfire Horse Island, Berkeley, South Carolina",Wildfires,2026-07-18T17:43:00Z,-79.662533,33.188917,https://irwin.doi.gov/observer/incidents/2026-SCFMF-000363
EONET_21402,"Wildfire Ohio, Blaine, Idaho",Wildfires,2026-07-18T15:52:00Z,-114.31795,43.588417,https://irwin.doi.gov/observer/incidents/2026-IDEIS-000139
EONET_21420,"Wildfire BISCAR, Lassen, California",Wildfires,2026-07-18T14:11:00Z,-120.303833,40.618167,https://irwin.doi.gov/observer/incidents/2026-CANOD-004474
EONET_21416,"Wildfire 0512 BOX SPRINGS, Jefferson, Oregon",Wildfires,2026-07-17T21:13:00Z,-120.4985,44.635333,https://irwin.doi.gov/observer/incidents/2026-OR951S-000512
EONET_21398,Flood in South Korea 1104032,Floods,2026-07-17T20:00:00Z,,,https://www.gdacs.org/report.aspx?eventtype=FL&eventid=1104032
EONET_21433,"Wildfire WALLACE WALKER, Franklin, Washington",Wildfires,2026-07-17T19:33:00Z,-118.567968,46.576482,https://irwin.doi.gov/observer/incidents/2026-WAWFS-260455
EONET_21426,"Wildfire DEVIL&#039;S CANYON, Franklin, Washington",Wildfires,2026-07-17T19:31:00Z,-118.548791,46.600003,https://irwin.doi.gov/observer/incidents/2026-WAWFS-260454
EONET_21435,"Wildfire Sailor, Elmore, Idaho",Wildfires,2026-07-17T19:21:00Z,-115.450333,42.842667,https://irwin.doi.gov/observer/incidents/2026-IDTFD-000136
EONET_21415,"Wildfire BERGER (50), Palm Beach, Florida",Wildfires,2026-07-17T19:18:00Z,-80.8444444,26.4466667,https://irwin.doi.gov/observer/incidents/2026-FLFLS-261800112
EONET_21464,Wildfire in The Democratic Republic of Congo 1029544,Wildfires,2026-07-17T19:00:00Z,19.758620796814,-6.3869787976789,https://www.gdacs.org/report.aspx?eventtype=WF&eventid=1029544
EONET_21465,Wildfire in The Democratic Republic of Congo 1029595,Wildfires,2026-07-17T19:00:00Z,18.565367969796,-6.0624628026908,https://www.gdacs.org/report.aspx?eventtype=WF&eventid=1029595
EONET_21466,Wildfire in Botswana 1029596,Wildfires,2026-07-17T19:00:00Z,24.031914304819,-25.052912342774,https://www.gdacs.org/report.aspx?eventtype=WF&eventid=1029596
EONET_21467,Wildfire in The Democratic Republic of Congo 1029535,Wildfires,2026-07-17T19:00:00Z,26.148267355905,-8.2990722010545,https://www.gdacs.org/report.aspx?eventtype=WF&eventid=1029535
EONET_21468,Wildfire in Angola 1029538,Wildfires,2026-07-17T19:00:00Z,20.174921166606,-8.0740670273907,https://www.gdacs.org/report.aspx?eventtype=WF&eventid=1029538
EONET_21469,Wildfire in Kazakhstan 1029541,Wildfires,2026-07-17T19:00:00Z,80.349614823485,47.163724703043,https://www.gdacs.org/report.aspx?eventtype=WF&eventid=1029541
EONET_21470,Wildfire in Angola 1029574,Wildfires,2026-07-17T19:00:00Z,21.464790155527,-9.5013634949104,https://www.gdacs.org/report.aspx?eventtype=WF&eventid=1029574
EONET_21471,Wildfire in United States 1029589,Wildfires,2026-07-17T19:00:00Z,-120.2216308441,44.716554116033,https://www.gdacs.org/report.aspx?eventtype=WF&eventid=1029589
EONET_21472,Wildfire in Angola 1029533,Wildfires,2026-07-17T19:00:00Z,19.891572184684,-9.0594516533946,https://www.gdacs.org/report.aspx?eventtype=WF&eventid=1029533
EONET_21473,Wildfire in Canada 1029534,Wildfires,2026-07-17T19:00:00Z,-115.71196716417,64.620829327979,https://www.gdacs.org/report.aspx?eventtype=WF&eventid=1029534
EONET_21474,Wildfire in Angola 1029539,Wildfires,2026-07-17T19:00:00Z,20.616288402311,-17.496227780852,https://www.gdacs.org/report.aspx?eventtype=WF&eventid=1029539
EONET_21475,Wildfire in Brazil 1029542,Wildfires,2026-07-17T19:00:00Z,-50.195968947338,-10.862669800199,https://www.gdacs.org/report.aspx?eventtype=WF&eventid=1029542
EONET_21476,Wildfire in Canada 1029550,Wildfires,2026-07-17T19:00:00Z,-120.87951647841,63.12472110189,https://www.gdacs.org/report.aspx?eventtype=WF&eventid=1029550
EONET_21477,Wildfire in Canada 1029554,Wildfires,2026-07-17T19:00:00Z,-121.21747391382,62.041116145296,https://www.gdacs.org/report.aspx?eventtype=WF&eventid=1029554
EONET_21478,Wildfire in The Democratic Republic of Congo 1029555,Wildfires,2026-07-17T19:00:00Z,22.385676203464,-9.2712087733441,https://www.gdacs.org/report.aspx?eventtype=WF&eventid=1029555
EONET_21479,Wildfire in Canada 1029566,Wildfires,2026-07-17T19:00:00Z,-121.22851514013,63.515282974786,https://www.gdacs.org/report.aspx?eventtype=WF&eventid=1029566
EONET_21480,Wildfire in United States 1029569,Wildfires,2026-07-17T19:00:00Z,-120.47617935664,44.067060869125,https://www.gdacs.org/report.aspx?eventtype=WF&eventid=1029569
EONET_21481,Wildfire in Angola 1029570,Wildfires,2026-07-17T19:00:00Z,19.661677783737,-7.6967925473657,https://www.gdacs.org/report.aspx?eventtype=WF&eventid=1029570
EONET_21482,Wildfire in Australia 1029572,Wildfires,2026-07-17T19:00:00Z,141.92867192184,-13.337791635418,https://www.gdacs.org/report.aspx?eventtype=WF&eventid=1029572
EONET_21483,Wildfire in Canada 1029573,Wildfires,2026-07-17T19:00:00Z,-119.25966404851,63.492930842476,https://www.gdacs.org/report.aspx?eventtype=WF&eventid=1029573
EONET_21484,Wildfire in Canada 1029576,Wildfires,2026-07-17T19:00:00Z,-121.78441034636,63.467849973302,https://www.gdacs.org/report.aspx?eventtype=WF&eventid=1029576
EONET_21485,Wildfire in Russian Federation 1029579,Wildfires,2026-07-17T19:00:00Z,88.293382571467,59.550648641656,https://www.gdacs.org/report.aspx?eventtype=WF&eventid=1029579
EONET_21486,Wildfire in The Democratic Republic of Congo 1029580,Wildfires,2026-07-17T19:00:00Z,23.507526870521,-3.4564888681986,https://www.gdacs.org/report.aspx?eventtype=WF&eventid=1029580
EONET_21487,Wildfire in United States 1029582,Wildfires,2026-07-17T19:00:00Z,-120.21270486408,44.861147572905,https://www.gdacs.org/report.aspx?eventtype=WF&eventid=1029582
EONET_21488,Wildfire in Brazil 1029583,Wildfires,2026-07-17T19:00:00Z,-46.623390347295,-10.698571704937,https://www.gdacs.org/report.aspx?eventtype=WF&eventid=1029583
EONET_21489,Wildfire in The Democratic Republic of Congo 1029588,Wildfires,2026-07-17T19:00:00Z,18.469149983953,-7.3439687591956,https://www.gdacs.org/report.aspx?eventtype=WF&eventid=1029588
EONET_21490,Wildfire in Australia 1029590,Wildfires,2026-07-17T19:00:00Z,144.39746236232,-14.84217297864,https://www.gdacs.org/report.aspx?eventtype=WF&eventid=1029590
EONET_21491,Wildfire in Canada 1029591,Wildfires,2026-07-17T19:00:00Z,-117.44071918733,65.034148123578,https://www.gdacs.org/report.aspx?eventtype=WF&eventid=1029591
EONET_21492,Wildfire in Canada 1029594,Wildfires,2026-07-17T19:00:00Z,-121.84402105173,63.16615761357,https://www.gdacs.org/report.aspx?eventtype=WF&eventid=1029594
EONET_21493,Wildfire in Canada 1029599,Wildfires,2026-07-17T19:00:00Z,-122.69328363905,62.907699786097,https://www.gdacs.org/report.aspx?eventtype=WF&eventid=1029599
EONET_21494,Wildfire in United States 1029531,Wildfires,2026-07-17T19:00:00Z,-119.07630649515,48.193483190502,https://www.gdacs.org/report.aspx?eventtype=WF&eventid=1029531
EONET_21495,Wildfire in Australia 1029532,Wildfires,2026-07-17T19:00:00Z,137.64658293403,-16.351645341621,https://www.gdacs.org/report.aspx?eventtype=WF&eventid=1029532
EONET_21496,Wildfire in Australia 1029536,Wildfires,2026-07-17T19:00:00Z,129.371686556,-15.32938848039,https://www.gdacs.org/report.aspx?eventtype=WF&eventid=1029536
EONET_21497,Wildfire in Australia 1029537,Wildfires,2026-07-17T19:00:00Z,131.16884395914,-12.867789768749,https://www.gdacs.org/report.aspx?eventtype=WF&eventid=1029537
EONET_21498,Wildfire in Spain 1029540,Wildfires,2026-07-17T19:00:00Z,-3.0582112665468,41.113907939101,https://www.gdacs.org/report.aspx?eventtype=WF&eventid=1029540
EONET_21499,Wildfire in Canada 1029543,Wildfires,2026-07-17T19:00:00Z,-121.60110339644,62.10990892431,https://www.gdacs.org/report.aspx?eventtype=WF&eventid=1029543
EONET_21500,Wildfire in Australia 1029545,Wildfires,2026-07-17T19:00:00Z,141.88447303636,-12.968415826697,https://www.gdacs.org/report.aspx?eventtype=WF&eventid=1029545
EONET_21501,Wildfire in Canada 1029546,Wildfires,2026-07-17T19:00:00Z,-121.76158220773,51.272624747412,https://www.gdacs.org/report.aspx?eventtype=WF&eventid=1029546
EONET_21502,Wildfire in Australia 1029547,Wildfires,2026-07-17T19:00:00Z,142.46274928051,-12.430897376916,https://www.gdacs.org/report.aspx?eventtype=WF&eventid=1029547
EONET_21503,Wildfire in Canada 1029548,Wildfires,2026-07-17T19:00:00Z,-116.33017005717,63.134501444647,https://www.gdacs.org/report.aspx?eventtype=WF&eventid=1029548
EONET_21504,Wildfire in Australia 1029549,Wildfires,2026-07-17T19:00:00Z,137.25138234189,-16.554471111773,https://www.gdacs.org/report.aspx?eventtype=WF&eventid=1029549
EONET_21505,Wildfire in Canada 1029551,Wildfires,2026-07-17T19:00:00Z,-117.75425844774,64.227195829699,https://www.gdacs.org/report.aspx?eventtype=WF&eventid=1029551
EONET_21506,Wildfire in Canada 1029552,Wildfires,2026-07-17T19:00:00Z,-122.15159812957,63.390714339057,https://www.gdacs.org/report.aspx?eventtype=WF&eventid=1029552
EONET_21507,Wildfire in Canada 1029553,Wildfires,2026-07-17T19:00:00Z,-120.87506409137,62.016451485481,https://www.gdacs.org/report.aspx?eventtype=WF&eventid=1029553
EONET_21508,Wildfire in United States 1029556,Wildfires,2026-07-17T19:00:00Z,-118.885527279,48.17817078693,https://www.gdacs.org/report.aspx?eventtype=WF&eventid=1029556
EONET_21509,Wildfire in Canada 1029557,Wildfires,2026-07-17T19:00:00Z,-112.59362411889,63.21025596656,https://www.gdacs.org/report.aspx?eventtype=WF&eventid=1029557
EONET_21510,Wildfire in United States 1029558,Wildfires,2026-07-17T19:00:00Z,-120.50201562092,44.598456912617,https://www.gdacs.org/report.aspx?eventtype=WF&eventid=1029558
EONET_21511,Wildfire in Australia 1029559,Wildfires,2026-07-17T19:00:00Z,136.37040051836,-16.7636374045,https://www.gdacs.org/report.aspx?eventtype=WF&eventid=1029559
EONET_21512,Wildfire in Algeria 1029560,Wildfires,2026-07-17T19:00:00Z,7.5954422224432,36.888018252332,https://www.gdacs.org/report.aspx?eventtype=WF&eventid=1029560
EONET_21513,Wildfire in United States 1029561,Wildfires,2026-07-17T19:00:00Z,-120.81374920855,44.526182569522,https://www.gdacs.org/report.aspx?eventtype=WF&eventid=1029561
EONET_21514,Wildfire in Canada 1029562,Wildfires,2026-07-17T19:00:00Z,-122.33984083699,51.346682183751,https://www.gdacs.org/report.aspx?eventtype=WF&eventid=1029562
EONET_21515,Wildfire in Canada 1029563,Wildfires,2026-07-17T19:00:00Z,-116.76895579631,65.197065859913,https://www.gdacs.org/report.aspx?eventtype=WF&eventid=1029563
EONET_21516,Wildfire in Canada 1029564,Wildfires,2026-07-17T19:00:00Z,-120.62333245512,62.152296001222,https://www.gdacs.org/report.aspx?eventtype=WF&eventid=1029564
EONET_21517,Wildfire in Australia 1029565,Wildfires,2026-07-17T19:00:00Z,127.33525165268,-15.047820316756,https://www.gdacs.org/report.aspx?eventtype=WF&eventid=1029565
EONET_21518,Wildfire in South Africa 1029567,Wildfires,2026-07-17T19:00:00Z,28.820649990832,-25.233437992919,https://www.gdacs.org/report.aspx?eventtype=WF&eventid=1029567
EONET_21519,Wildfire in Australia 1029568,Wildfires,2026-07-17T19:00:00Z,142.42103394591,-15.041196549637,https://www.gdacs.org/report.aspx?eventtype=WF&eventid=1029568
EONET_21520,Wildfire in Canada 1029571,Wildfires,2026-07-17T19:00:00Z,-121.57404043651,61.689603126768,https://www.gdacs.org/report.aspx?eventtype=WF&eventid=1029571
EONET_21521,Wildfire in Bolivia 1029575,Wildfires,2026-07-17T19:00:00Z,-59.076368261894,-18.335090984457,https://www.gdacs.org/report.aspx?eventtype=WF&eventid=1029575
EONET_21522,Wildfire in Canada 1029577,Wildfires,2026-07-17T19:00:00Z,-109.41965810647,61.843478888192,https://www.gdacs.org/report.aspx?eventtype=WF&eventid=1029577
EONET_21523,Wildfire in Australia 1029578,Wildfires,2026-07-17T19:00:00Z,127.29999444501,-14.767588175618,https://www.gdacs.org/report.aspx?eventtype=WF&eventid=1029578
EONET_21524,Wildfire in Canada 1029581,Wildfires,2026-07-17T19:00:00Z,-117.12403387141,64.993304601801,https://www.gdacs.org/report.aspx?eventtype=WF&eventid=1029581
EONET_21525,Wildfire in Canada 1029584,Wildfires,2026-07-17T19:00:00Z,-123.47369563926,63.357621598156,https://www.gdacs.org/report.aspx?eventtype=WF&eventid=1029584
EONET_21526,Wildfire in Canada 1029585,Wildfires,2026-07-17T19:00:00Z,-118.42539932117,63.788348667971,https://www.gdacs.org/report.aspx?eventtype=WF&eventid=1029585
EONET_21527,Wildfire in Canada 1029586,Wildfires,2026-07-17T19:00:00Z,-115.81819224745,64.808991247067,https://www.gdacs.org/report.aspx?eventtype=WF&eventid=1029586
EONET_21528,Wildfire in Canada 1029587,Wildfires,2026-07-17T19:00:00Z,-115.28714957484,64.735445165833,https://www.gdacs.org/report.aspx?eventtype=WF&eventid=1029587
EONET_21529,Wildfire in Canada 1029592,Wildfires,2026-07-17T19:00:00Z,-118.66813724577,63.778614328257,https://www.gdacs.org/report.aspx?eventtype=WF&eventid=1029592
EONET_21530,Wildfire in Australia 1029593,Wildfires,2026-07-17T19:00:00Z,141.98851323515,-12.823559206717,https://www.gdacs.org/report.aspx?eventtype=WF&eventid=1029593
EONET_21531,Wildfire in Australia 1029597,Wildfires,2026-07-17T19:00:00Z,130.80835593327,-12.994036295829,https://www.gdacs.org/report.aspx?eventtype=WF&eventid=1029597
EONET_21532,Wildfire in Bolivia 1029598,Wildfires,2026-07-17T19:00:00Z,-64.850221986744,-21.504692256352,https://www.gdacs.org/report.aspx?eventtype=WF&eventid=1029598
EONET_21533,Wildfire in Bolivia 1029600,Wildfires,2026-07-17T19:00:00Z,-59.629765313586,-16.359236565878,https://www.gdacs.org/report.aspx?eventtype=WF&eventid=1029600
EONET_21534,Wildfire in Algeria 1029601,Wildfires,2026-07-17T19:00:00Z,7.2211121006722,36.659496612574,https://www.gdacs.org/report.aspx?eventtype=WF&eventid=1029601
EONET_21555,Wildfire in The Democratic Republic of Congo 1029627,Wildfires,2026-07-17T19:00:00Z,18.715367294533,-6.8260087285525,https://www.gdacs.org/report.aspx?eventtype=WF&eventid=1029627
EONET_21556,Wildfire in Canada 1029609,Wildfires,2026-07-17T19:00:00Z,-95.005327450976,56.775209936435,https://www.gdacs.org/report.aspx?eventtype=WF&eventid=1029609
EONET_21557,Wildfire in Canada 1029610,Wildfires,2026-07-17T19:00:00Z,-112.69882933139,63.075471583764,https://www.gdacs.org/report.aspx?eventtype=WF&eventid=1029610
EONET_21558,Wildfire in Australia 1029613,Wildfires,2026-07-17T19:00:00Z,135.4060978458,-16.413100183944,https://www.gdacs.org/report.aspx?eventtype=WF&eventid=1029613
EONET_21559,Wildfire in Russian Federation 1029622,Wildfires,2026-07-17T19:00:00Z,156.64201633447,68.39673456832,https://www.gdacs.org/report.aspx?eventtype=WF&eventid=1029622
EONET_21560,Wildfire in Tanzania 1029623,Wildfires,2026-07-17T19:00:00Z,33.812537642964,-7.1470688914547,https://www.gdacs.org/report.aspx?eventtype=WF&eventid=1029623
EONET_21561,Wildfire in Angola 1029624,Wildfires,2026-07-17T19:00:00Z,19.70762116631,-9.0296193104558,https://www.gdacs.org/report.aspx?eventtype=WF&eventid=1029624
EONET_21562,Wildfire in Algeria 1029625,Wildfires,2026-07-17T19:00:00Z,0.096864206180004,34.928470183416,https://www.gdacs.org/report.aspx?eventtype=WF&eventid=1029625
EONET_21563,Wildfire in Angola 1029626,Wildfires,2026-07-17T19:00:00Z,19.891045487335,-8.0968943458515,https://www.gdacs.org/report.aspx?eventtype=WF&eventid=1029626
EONET_21564,Wildfire in Australia 1029634,Wildfires,2026-07-17T19:00:00Z,132.77109897909,-12.426277548457,https://www.gdacs.org/report.aspx?eventtype=WF&eventid=1029634
EONET_21565,Wildfire in Australia 1029635,Wildfires,2026-07-17T19:00:00Z,123.18340976736,-17.660781807376,https://www.gdacs.org/report.aspx?eventtype=WF&eventid=1029635
EONET_21566,Wildfire in Australia 1029636,Wildfires,2026-07-17T19:00:00Z,136.24991505481,-16.796656619037,https://www.gdacs.org/report.aspx?eventtype=WF&eventid=1029636
EONET_21567,Wildfire in Russian Federation 1029637,Wildfires,2026-07-17T19:00:00Z,156.92012127859,68.518441041659,https://www.gdacs.org/report.aspx?eventtype=WF&eventid=1029637
EONET_21568,Wildfire in Brazil 1029638,Wildfires,2026-07-17T19:00:00Z,-54.308682166612,-13.335375066438,https://www.gdacs.org/report.aspx?eventtype=WF&eventid=1029638
EONET_21569,Wildfire in Algeria 1029611,Wildfires,2026-07-17T19:00:00Z,7.5846897815264,36.910261092237,https://www.gdacs.org/report.aspx?eventtype=WF&eventid=1029611
EONET_21570,Wildfire in Canada 1029612,Wildfires,2026-07-17T19:00:00Z,-121.40438027626,49.84721711158,https://www.gdacs.org/report.aspx?eventtype=WF&eventid=1029612
EONET_21571,Wildfire in United States 1029614,Wildfires,2026-07-17T19:00:00Z,-118.26729103209,45.693482429948,https://www.gdacs.org/report.aspx?eventtype=WF&eventid=1029614
EONET_21572,Wildfire in Canada 1029615,Wildfires,2026-07-17T19:00:00Z,-119.45223955255,63.481105406098,https://www.gdacs.org/report.aspx?eventtype=WF&eventid=1029615
EONET_21573,Wildfire in Australia 1029616,Wildfires,2026-07-17T19:00:00Z,130.87403004015,-11.655101138636,https://www.gdacs.org/report.aspx?eventtype=WF&eventid=1029616
EONET_21574,Wildfire in Canada 1029617,Wildfires,2026-07-17T19:00:00Z,-117.64289169008,65.008399983348,https://www.gdacs.org/report.aspx?eventtype=WF&eventid=1029617
EONET_21625,Wildfire in Canada 1029658,Wildfires,2026-07-17T19:00:00Z,-118.11034989539,64.104322623153,https://www.gdacs.org/report.aspx?eventtype=WF&eventid=1029658
EONET_21626,Wildfire in Canada 1029660,Wildfires,2026-07-17T19:00:00Z,-115.80178250197,65.032873339782,https://www.gdacs.org/report.aspx?eventtype=WF&eventid=1029660
EONET_21627,Wildfire in The Democratic Republic of Congo 1029662,Wildfires,2026-07-17T19:00:00Z,18.581050712176,-7.6505182947571,https://www.gdacs.org/report.aspx?eventtype=WF&eventid=1029662
EONET_21628,Wildfire in The Democratic Republic of Congo 1029659,Wildfires,2026-07-17T19:00:00Z,18.077047661187,-6.6870292799699,https://www.gdacs.org/report.aspx?eventtype=WF&eventid=1029659
EONET_21629,Wildfire in The Democratic Republic of Congo 1029661,Wildfires,2026-07-17T19:00:00Z,23.626186599574,-3.567640160107,https://www.gdacs.org/report.aspx?eventtype=WF&eventid=1029661
EONET_21630,Wildfire in Canada 1029663,Wildfires,2026-07-17T19:00:00Z,-125.3137864542,52.67032281847,https://www.gdacs.org/report.aspx?eventtype=WF&eventid=1029663
EONET_21631,Wildfire in Canada 1029664,Wildfires,2026-07-17T19:00:00Z,-121.52460228477,61.688949107838,https://www.gdacs.org/report.aspx?eventtype=WF&eventid=1029664
EONET_21632,Wildfire in United States 1029665,Wildfires,2026-07-17T19:00:00Z,-121.50055969787,44.412495282751,https://www.gdacs.org/report.aspx?eventtype=WF&eventid=1029665
EONET_21633,Wildfire in The Democratic Republic of Congo 1029666,Wildfires,2026-07-17T19:00:00Z,23.52207279361,-3.5609436885765,https://www.gdacs.org/report.aspx?eventtype=WF&eventid=1029666
EONET_21634,Wildfire in Canada 1029667,Wildfires,2026-07-17T19:00:00Z,-121.80004222238,61.808595869027,https://www.gdacs.org/report.aspx?eventtype=WF&eventid=1029667
EONET_21635,Wildfire in Zambia 1029668,Wildfires,2026-07-17T19:00:00Z,24.673619144125,-13.210469597075,https://www.gdacs.org/report.aspx?eventtype=WF&eventid=1029668
EONET_21636,Wildfire in Zambia 1029669,Wildfires,2026-07-17T19:00:00Z,24.493563070104,-14.862696732009,https://www.gdacs.org/report.aspx?eventtype=WF&eventid=1029669
EONET_21637,Wildfire in The Democratic Republic of Congo 1029670,Wildfires,2026-07-17T19:00:00Z,18.643238889212,-7.1041238747838,https://www.gdacs.org/report.aspx?eventtype=WF&eventid=1029670
EONET_21638,Wildfire in Angola 1029671,Wildfires,2026-07-17T19:00:00Z,21.572231735173,-8.4207850125053,https://www.gdacs.org/report.aspx?eventtype=WF&eventid=1029671
EONET_21639,Wildfire in Canada 1029672,Wildfires,2026-07-17T19:00:00Z,-115.20325137056,64.868622549768,https://www.gdacs.org/report.aspx?eventtype=WF&eventid=1029672
EONET_21640,Wildfire in Mozambique 1029673,Wildfires,2026-07-17T19:00:00Z,34.549266923539,-17.943763570962,https://www.gdacs.org/report.aspx?eventtype=WF&eventid=1029673
EONET_21641,Wildfire in Canada 1029675,Wildfires,2026-07-17T19:00:00Z,-103.3494523291,55.548266145204,https://www.gdacs.org/report.aspx?eventtype=WF&eventid=1029675
EONET_21642,Wildfire in United States 1029676,Wildfires,2026-07-17T19:00:00Z,-120.80648268235,47.990617977908,https://www.gdacs.org/report.aspx?eventtype=WF&eventid=1029676
EONET_21690,Wildfire in Australia 1029704,Wildfires,2026-07-17T19:00:00Z,131.22089576584,-13.453317123203,https://www.gdacs.org/report.aspx?eventtype=WF&eventid=1029704
EONET_21691,Wildfire in Australia 1029708,Wildfires,2026-07-17T19:00:00Z,142.28662262077,-15.153819681868,https://www.gdacs.org/report.aspx?eventtype=WF&eventid=1029708
EONET_21692,Wildfire in Angola 1029709,Wildfires,2026-07-17T19:00:00Z,15.652733382266,-10.834446611809,https://www.gdacs.org/report.aspx?eventtype=WF&eventid=1029709
EONET_21693,Wildfire in Canada 1029710,Wildfires,2026-07-17T19:00:00Z,-121.76716350491,50.988699285972,https://www.gdacs.org/report.aspx?eventtype=WF&eventid=1029710
EONET_21694,Wildfire in Australia 1029722,Wildfires,2026-07-17T19:00:00Z,132.13078653719,-12.553875018293,https://www.gdacs.org/report.aspx?eventtype=WF&eventid=1029722
EONET_21695,Wildfire in Australia 1029723,Wildfires,2026-07-17T19:00:00Z,132.06497078812,-14.647130164221,https://www.gdacs.org/report.aspx?eventtype=WF&eventid=1029723
EONET_21696,Wildfire in Angola 1029724,Wildfires,2026-07-17T19:00:00Z,15.084080984511,-10.269044401164,https://www.gdacs.org/report.aspx?eventtype=WF&eventid=1029724
EONET_21697,Wildfire in Angola 1029725,Wildfires,2026-07-17T19:00:00Z,14.770726354189,-10.486889487197,https://www.gdacs.org/report.aspx?eventtype=WF&eventid=1029725
EONET_21698,Wildfire in Brazil 1029726,Wildfires,2026-07-17T19:00:00Z,-50.526069082518,-11.992569411285,https://www.gdacs.org/report.aspx?eventtype=WF&eventid=1029726
EONET_21699,Wildfire in Australia 1029729,Wildfires,2026-07-17T19:00:00Z,144.44177716745,-15.821399398711,https://www.gdacs.org/report.aspx?eventtype=WF&eventid=1029729
EONET_21700,Wildfire in Angola 1029733,Wildfires,2026-07-17T19:00:00Z,17.199321117244,-8.5659510487077,https://www.gdacs.org/report.aspx?eventtype=WF&eventid=1029733
EONET_21701,Wildfire in Namibia 1029734,Wildfires,2026-07-17T19:00:00Z,20.601098743979,-18.724748422843,https://www.gdacs.org/report.aspx?eventtype=WF&eventid=1029734
EONET_21702,Wildfire in Australia 1029746,Wildfires,2026-07-17T19:00:00Z,141.78060581755,-12.864083479564,https://www.gdacs.org/report.aspx?eventtype=WF&eventid=1029746
EONET_21703,Wildfire in Australia 1029747,Wildfires,2026-07-17T19:00:00Z,130.78018163822,-11.579499791899,https://www.gdacs.org/report.aspx?eventtype=WF&eventid=1029747
EONET_21704,Wildfire in Australia 1029748,Wildfires,2026-07-17T19:00:00Z,141.98911115742,-12.488612921892,https://www.gdacs.org/report.aspx?eventtype=WF&eventid=1029748
EONET_21705,Wildfire in The Democratic Republic of Congo 1029705,Wildfires,2026-07-17T19:00:00Z,18.064151278632,-6.7123102149159,https://www.gdacs.org/report.aspx?eventtype=WF&eventid=1029705
EONET_21706,Wildfire in South Africa 1029706,Wildfires,2026-07-17T19:00:00Z,27.864732344558,-25.117670810718,https://www.gdacs.org/report.aspx?eventtype=WF&eventid=1029706
EONET_21707,Wildfire in Canada 1029707,Wildfires,2026-07-17T19:00:00Z,-105.53335558888,55.721403519584,https://www.gdacs.org/report.aspx?eventtype=WF&eventid=1029707
EONET_21708,Wildfire in Zambia 1029711,Wildfires,2026-07-17T19:00:00Z,28.519855033844,-11.313590159357,https://www.gdacs.org/report.aspx?eventtype=WF&eventid=1029711
EONET_21709,Wildfire in The Democratic Republic of Congo 1029712,Wildfires,2026-07-17T19:00:00Z,23.195987345756,-3.3668112876544,https://www.gdacs.org/report.aspx?eventtype=WF&eventid=1029712
EONET_21710,Wildfire in Angola 1029727,Wildfires,2026-07-17T19:00:00Z,17.292566680002,-10.269462175627,https://www.gdacs.org/report.aspx?eventtype=WF&eventid=1029727
EONET_21711,Wildfire in Canada 1029728,Wildfires,2026-07-17T19:00:00Z,-116.93244115288,65.427456693068,https://www.gdacs.org/report.aspx?eventtype=WF&eventid=1029728
EONET_21410,"Incident Complex HAY CREEK COMPLEX, Gilliam, Oregon",Wildfires,2026-07-17T17:16:00Z,-120.435846,45.26602,https://irwin.doi.gov/observer/incidents/2026-ORPRD-000511
EONET_21579,"Wildfire Burnt Creek, Wallowa, Oregon",Wildfires,2026-07-17T17:00:00Z,-117.25321,45.76802,https://irwin.doi.gov/observer/incidents/2026-ORWWF-000342
EONET_21425,"Wildfire NEFF JONES, Franklin, Washington",Wildfires,2026-07-17T14:34:00Z,-118.65817,46.45851,https://irwin.doi.gov/observer/incidents/2026-WAWFS-260423
EONET_21427,"Wildfire Modrite, Ferry, Washington",Wildfires,2026-07-17T13:59:00Z,-118.312583,48.069,https://irwin.doi.gov/observer/incidents/2026-WANES-260149
EONET_21588,"Wildfire PTARMIGAN, Okanogan, Washington",Wildfires,2026-07-17T13:09:00Z,-120.6095,48.942,https://irwin.doi.gov/observer/incidents/2026-WAOWF-260448
EONET_21591,"Wildfire 0501 PAT&#039;S CABIN, Wheeler, Oregon",Wildfires,2026-07-17T11:19:00Z,-120.33328,44.72533,https://irwin.doi.gov/observer/incidents/2026-ORPRD-000501
EONET_21412,"Wildfire POWDER RIVER, Baker, Oregon",Wildfires,2026-07-17T07:27:00Z,-117.277667,44.75525,https://irwin.doi.gov/observer/incidents/2026-ORVAD-260173
EONET_21434,"Wildfire Black Ridge 2, Lincoln, Idaho",Wildfires,2026-07-17T02:54:00Z,-113.9259,42.9696,https://irwin.doi.gov/observer/incidents/2026-IDTFD-000133
EONET_21590,"Wildfire 0502, Wheeler, Oregon",Wildfires,2026-07-17T00:48:00Z,-120.297013,44.829331,https://irwin.doi.gov/observer/incidents/2026-ORPRD-000502
EONET_21408,"Wildfire 0462, Sherman, Oregon",Wildfires,2026-07-17T00:37:00Z,-120.495333,45.184333,https://irwin.doi.gov/observer/incidents/2026-ORPRD-000462
EONET_21589,"Wildfire 0432, Wasco, Oregon",Wildfires,2026-07-16T22:52:00Z,-120.759188,45.000137,https://irwin.doi.gov/observer/incidents/2026-ORPRD-000432
EONET_21422,"Wildfire COLUMBIA COUNTY, Columbia, Washington",Wildfires,2026-07-16T22:12:00Z,-118.103667,46.542667,https://irwin.doi.gov/observer/incidents/2026-WACCDN-260456
EONET_21580,"Wildfire Horse Ridge, Umatilla, Oregon",Wildfires,2026-07-16T22:09:00Z,-118.345971,45.541808,https://irwin.doi.gov/observer/incidents/2026-ORUMF-000315
EONET_21401,"Wildfire 0497 HENRY, Crook, Oregon",Wildfires,2026-07-16T21:22:00Z,-119.947717,44.121117,https://irwin.doi.gov/observer/incidents/2026-ORPRD-000497
EONET_21406,"Wildfire Hagen, Umatilla, Oregon",Wildfires,2026-07-16T21:04:00Z,-118.269,45.707,https://irwin.doi.gov/observer/incidents/2026-ORUMF-000324
EONET_21400,"Wildfire 0500 COYOTE, Crook, Oregon",Wildfires,2026-07-16T20:39:00Z,-120.528667,44.1115,https://irwin.doi.gov/observer/incidents/2026-OROCF-000500
EONET_21405,"Wildfire Egypt, Harney, Oregon",Wildfires,2026-07-16T20:11:00Z,-119.468417,43.727167,https://irwin.doi.gov/observer/incidents/2026-ORMAF-002671
EONET_21407,"Wildfire 0476 HOAG, Gilliam, Oregon",Wildfires,2026-07-16T20:08:00Z,-120.405117,45.562183,https://irwin.doi.gov/observer/incidents/2026-ORPRD-000476
EONET_21418,"Wildfire 0485 DEEP CANYON, Wasco, Oregon",Wildfires,2026-07-16T20:08:00Z,-120.836,44.8645,https://irwin.doi.gov/observer/incidents/2026-ORPRD-000485
EONET_21439,Flood in Japan 1104034,Floods,2026-07-16T20:00:00Z,,,https://www.gdacs.org/report.aspx?eventtype=FL&eventid=1104034
EONET_21537,Flood in Brazil 1104044,Floods,2026-07-16T20:00:00Z,,,https://www.gdacs.org/report.aspx?eventtype=FL&eventid=1104044
EONET_21413,"Wildfire 0494 AKAWA BUTTE, Jefferson, Oregon",Wildfires,2026-07-16T18:18:00Z,-121.453167,44.472367,https://irwin.doi.gov/observer/incidents/2026-OR955S-000494
EONET_21411,"Wildfire Bologna, Grant, Oregon",Wildfires,2026-07-16T17:52:00Z,-119.598,44.861167,https://irwin.doi.gov/observer/incidents/2026-ORUMF-000298
EONET_21432,"Wildfire Mile Marker 40- Broward (06), Broward, Florida",Wildfires,2026-07-16T16:36:00Z,-80.5405556,26.2566667,https://irwin.doi.gov/observer/incidents/2026-FLFLS-261800111
EONET_21409,"Wildfire 0480 WILCOX, Sherman, Oregon",Wildfires,2026-07-16T16:25:00Z,-120.6097,45.113583,https://irwin.doi.gov/observer/incidents/2026-ORPRD-000480
EONET_21419,"Incident Complex ROWE CREEK COMPLEX, Wheeler, Oregon",Wildfires,2026-07-16T16:20:00Z,-120.316732,44.810126,https://irwin.doi.gov/observer/incidents/2026-ORPRD-000491
EONET_21581,"Wildfire Paradise, Wallowa, Oregon",Wildfires,2026-07-16T15:51:00Z,-117.974282,45.998139,https://irwin.doi.gov/observer/incidents/2026-ORUMF-000302
EONET_21428,"Wildfire ROYAL LAKE, Adams, Washington",Wildfires,2026-07-16T13:55:00Z,-119.361131,46.863295,https://irwin.doi.gov/observer/incidents/2026-WAMCR-260429
EONET_21423,"Wildfire LYONS FERRY, Franklin, Washington",Wildfires,2026-07-16T13:04:00Z,-118.23915,46.6259,https://irwin.doi.gov/observer/incidents/2026-WAWFS-260428
EONET_21582,"Wildfire LITTLE GIANT, Chelan, Washington",Wildfires,2026-07-16T12:18:00Z,-120.846617,48.016217,https://irwin.doi.gov/observer/incidents/2026-WAOWF-260406
EONET_21431,"Wildfire Kaiser Canyon, Okanogan, Washington",Wildfires,2026-07-16T11:08:00Z,-118.958638,48.116777,https://irwin.doi.gov/observer/incidents/2026-WACOA-260140
EONET_21374,"Wildfire 0460 HOPKIN, Gilliam, Oregon",Wildfires,2026-07-16T08:04:00Z,-120.24295,45.336333,https://irwin.doi.gov/observer/incidents/2026-ORPRD-000460
EONET_21429,"Wildfire Turner, Boundary, Idaho",Wildfires,2026-07-16T01:14:00Z,-116.38025,48.825083,https://irwin.doi.gov/observer/incidents/2026-IDNIA-000405
EONET_21417,"Wildfire 0446 CAMEL HUMP, Wheeler, Oregon",Wildfires,2026-07-16T01:13:00Z,-120.052,44.761667,https://irwin.doi.gov/observer/incidents/2026-ORPRD-000446
EONET_21375,"Wildfire 0445 CROSSWHITE, Wheeler, Oregon",Wildfires,2026-07-16T00:17:00Z,-120.199167,44.803333,https://irwin.doi.gov/observer/incidents/2026-ORPRD-000445
EONET_21376,"Wildfire 0450 COVE CREEK, Wheeler, Oregon",Wildfires,2026-07-16T00:08:00Z,-120.346403,44.942899,https://irwin.doi.gov/observer/incidents/2026-ORPRD-000450
EONET_21377,"Wildfire 0449 PORCUPINE RIDGE, Gilliam, Oregon",Wildfires,2026-07-15T22:01:00Z,-120.350257,45.18894,https://irwin.doi.gov/observer/incidents/2026-ORPRD-000449
EONET_21379,"Wildfire Lower Dry Creek Mutual Aid, Umatilla, Oregon",Wildfires,2026-07-15T21:33:00Z,-118.410667,45.906083,https://irwin.doi.gov/observer/incidents/2026-OR973S-000268
EONET_21414,"Wildfire 0433 BREWER, Jefferson, Oregon",Wildfires,2026-07-15T19:59:00Z,-120.907094,44.588568,https://irwin.doi.gov/observer/incidents/2026-OR951S-000433
EONET_21378,"Wildfire THORN, San Diego, California",Wildfires,2026-07-15T18:49:00Z,-116.332927,32.691104,https://irwin.doi.gov/observer/incidents/2026-CASDU-016203
EONET_21395,"Wildfire Charger 2, Collier, Florida",Wildfires,2026-07-15T11:57:00Z,-81.0615,25.973667,https://irwin.doi.gov/observer/incidents/2026-FLBCP-002227
EONET_21387,"Wildfire BUCKET SHOP (53)~, Hillsborough, Florida",Wildfires,2026-07-15T11:13:00Z,-82.0833333,27.6688889,https://irwin.doi.gov/observer/incidents/2026-FLFLS-261400379
EONET_21388,"Prescribed Fire RX Flowing 24, Clay, Minnesota",Wildfires,2026-07-15T11:10:00Z,-96.44761667,47.01508333,https://irwin.doi.gov/observer/incidents/2025-MNMNS-RX2593380
EONET_21386,"Wildfire Little Knife, Lake, Minnesota",Wildfires,2026-07-15T10:51:00Z,-91.104833,48.161067,https://irwin.doi.gov/observer/incidents/2026-MNSUF-002510
EONET_21373,Tropical Storm Elida,Severe Storms,2026-07-15T06:00:00Z,-111.3,15.0,https://www.metoc.navy.mil/jtwc/products/ep0526.tcw
EONET_21373,Tropical Storm Elida,Severe Storms,2026-07-15T12:00:00Z,-112.9,15.3,https://www.metoc.navy.mil/jtwc/products/ep0526.tcw
EONET_21373,Tropical Storm Elida,Severe Storms,2026-07-15T18:00:00Z,-114.1,15.6,https://www.metoc.navy.mil/jtwc/products/ep0526.tcw
EONET_21373,Tropical Storm Elida,Severe Storms,2026-07-16T00:00:00Z,-114.7,15.4,https://www.metoc.navy.mil/jtwc/products/ep0526.tcw
EONET_21373,Tropical Storm Elida,Severe Storms,2026-07-16T06:00:00Z,-115.8,15.5,https://www.metoc.navy.mil/jtwc/products/ep0526.tcw
EONET_21373,Tropical Storm Elida,Severe Storms,2026-07-16T12:00:00Z,-116.9,15.6,https://www.metoc.navy.mil/jtwc/products/ep0526.tcw
EONET_21373,Tropical Storm Elida,Severe Storms,2026-07-16T18:00:00Z,-117.9,15.7,https://www.metoc.navy.mil/jtwc/products/ep0526.tcw
EONET_21373,Tropical Storm Elida,Severe Storms,2026-07-17T00:00:00Z,-118.7,15.8,https://www.metoc.navy.mil/jtwc/products/ep0526.tcw
EONET_21373,Tropical Storm Elida,Severe Storms,2026-07-17T06:00:00Z,-119.8,15.9,https://www.metoc.navy.mil/jtwc/products/ep0526.tcw
EONET_21373,Tropical Storm Elida,Severe Storms,2026-07-17T12:00:00Z,-120.5,16.5,https://www.metoc.navy.mil/jtwc/products/ep0526.tcw
EONET_21373,Tropical Storm Elida,Severe Storms,2026-07-17T18:00:00Z,-121.6,16.8,https://www.metoc.navy.mil/jtwc/products/ep0526.tcw
EONET_21373,Tropical Storm Elida,Severe Storms,2026-07-18T00:00:00Z,-122.1,17.1,https://www.metoc.navy.mil/jtwc/products/ep0526.tcw
EONET_21373,Tropical Storm Elida,Severe Storms,2026-07-18T06:00:00Z,-122.5,17.6,https://www.metoc.navy.mil/jtwc/products/ep0526.tcw
EONET_21373,Tropical Storm Elida,Severe Storms,2026-07-18T12:00:00Z,-123.0,18.5,https://www.metoc.navy.mil/jtwc/products/ep0526.tcw
EONET_21373,Tropical Storm Elida,Severe Storms,2026-07-18T18:00:00Z,-123.5,19.3,https://www.metoc.navy.mil/jtwc/products/ep0526.tcw
EONET_21373,Tropical Storm Elida,Severe Storms,2026-07-19T00:00:00Z,-124.5,20.1,https://www.metoc.navy.mil/jtwc/products/ep0526.tcw
EONET_21373,Tropical Storm Elida,Severe Storms,2026-07-19T06:00:00Z,-124.9,20.9,https://www.metoc.navy.mil/jtwc/products/ep0526.tcw
EONET_21373,Tropical Storm Elida,Severe Storms,2026-07-19T12:00:00Z,-125.1,21.7,https://www.metoc.navy.mil/jtwc/products/ep0526.tcw
EONET_21373,Tropical Storm Elida,Severe Storms,2026-07-19T18:00:00Z,-125.7,22.6,https://www.metoc.navy.mil/jtwc/products/ep0526.tcw
EONET_21373,Tropical Storm Elida,Severe Storms,2026-07-20T00:00:00Z,-126.5,23.5,https://www.metoc.navy.mil/jtwc/products/ep0526.tcw
EONET_21373,Tropical Storm Elida,Severe Storms,2026-07-20T06:00:00Z,-127.0,24.6,https://www.metoc.navy.mil/jtwc/products/ep0526.tcw
EONET_21373,Tropical Storm Elida,Severe Storms,2026-07-20T12:00:00Z,-127.1,25.7,https://www.metoc.navy.mil/jtwc/products/ep0526.tcw
EONET_21396,Flood in France 1104028,Floods,2026-07-14T20:00:00Z,,,https://www.gdacs.org/report.aspx?eventtype=FL&eventid=1104028
EONET_21397,Flood in Vietnam 1104029,Floods,2026-07-14T20:00:00Z,,,https://www.gdacs.org/report.aspx?eventtype=FL&eventid=1104029
EONET_21385,"Wildfire Horse Flat, Washington, Idaho",Wildfires,2026-07-13T20:43:00Z,-116.732279,44.602207,https://irwin.doi.gov/observer/incidents/2026-IDBOD-265400
EONET_21391,Flood in Austria 1104023,Floods,2026-07-13T20:00:00Z,,,https://www.gdacs.org/report.aspx?eventtype=FL&eventid=1104023
EONET_21392,Flood in Czech Republic 1104024,Floods,2026-07-13T20:00:00Z,,,https://www.gdacs.org/report.aspx?eventtype=FL&eventid=1104024
EONET_21393,Flood in Poland 1104025,Floods,2026-07-13T20:00:00Z,,,https://www.gdacs.org/report.aspx?eventtype=FL&eventid=1104025
EONET_21360,Wildfire in Canada 1029500,Wildfires,2026-07-13T19:00:00Z,-89.986498878673,49.644747921495,https://www.gdacs.org/report.aspx?eventtype=WF&eventid=1029500
EONET_21361,Wildfire in Canada 1029501,Wildfires,2026-07-13T19:00:00Z,-88.953831691035,50.502407884714,https://www.gdacs.org/report.aspx?eventtype=WF&eventid=1029501
EONET_21362,Wildfire in Canada 1029502,Wildfires,2026-07-13T19:00:00Z,-90.010664768272,49.992667913857,https://www.gdacs.org/report.aspx?eventtype=WF&eventid=1029502
EONET_21389,"Prescribed Fire RX Chippewa Bottoms, Chippewa, Minnesota",Wildfires,2026-07-13T16:49:00Z,-96.01615,45.13868333,https://irwin.doi.gov/observer/incidents/2025-MNMNS-RX259328
EONET_21390,"Prescribed Fire RX Leach Impact Area, Morrison, Minnesota",Wildfires,2026-07-13T15:46:00Z,-94.39675,46.27013333,https://irwin.doi.gov/observer/incidents/2025-MNMNS-RX259294
EONET_21380,"Wildfire P-L Gulch, Rio Blanco, Colorado",Wildfires,2026-07-13T15:02:00Z,-108.22355,39.87355,https://irwin.doi.gov/observer/incidents/2026-COWRD-000853
EONET_21322,"Prescribed Fire RX Infantry Platoon Battle Course, Morrison, Minnesota",Wildfires,2026-07-13T11:54:00Z,-94.39545,46.24695,https://irwin.doi.gov/observer/incidents/2025-MNMNS-RX259231
EONET_21323,"Prescribed Fire RX IPBC, Morrison, Minnesota",Wildfires,2026-07-13T11:09:00Z,-94.40005,46.24651667,https://irwin.doi.gov/observer/incidents/2025-MNMNS-RX259215
EONET_21324,"Prescribed Fire RX Center Range South, Morrison, Minnesota",Wildfires,2026-07-13T11:07:00Z,-94.44528333,46.16198333,https://irwin.doi.gov/observer/incidents/2025-MNMNS-RX259214
EONET_21320,"Wildfire 18 Mile, Elko, Nevada",Wildfires,2026-07-12T21:45:00Z,-114.267333,41.564667,https://irwin.doi.gov/observer/incidents/2026-NVEKD-010270
EONET_21318,"Wildfire Heavy Timber, Musselshell, Montana",Wildfires,2026-07-12T21:00:00Z,-108.146,46.44166,https://irwin.doi.gov/observer/incidents/2026-MTLG23-260727
EONET_21308,Wildfire in Australia 1029484,Wildfires,2026-07-12T19:00:00Z,142.07468708529,-13.505897645843,https://www.gdacs.org/report.aspx?eventtype=WF&eventid=1029484
EONET_21344,Wildfire in Angola 1029498,Wildfires,2026-07-12T19:00:00Z,19.828212858868,-8.1029153330864,https://www.gdacs.org/report.aspx?eventtype=WF&eventid=1029498
EONET_21363,Wildfire in Canada 1029503,Wildfires,2026-07-12T19:00:00Z,-89.375687048903,50.268706344796,https://www.gdacs.org/report.aspx?eventtype=WF&eventid=1029503
EONET_21364,Wildfire in Canada 1029504,Wildfires,2026-07-12T19:00:00Z,-89.833745347006,50.79806009275,https://www.gdacs.org/report.aspx?eventtype=WF&eventid=1029504
EONET_21365,Wildfire in Canada 1029505,Wildfires,2026-07-12T19:00:00Z,-89.285068054192,50.486502774425,https://www.gdacs.org/report.aspx?eventtype=WF&eventid=1029505
EONET_21366,Wildfire in Australia 1029506,Wildfires,2026-07-12T19:00:00Z,142.05892253063,-12.970647333327,https://www.gdacs.org/report.aspx?eventtype=WF&eventid=1029506
EONET_21328,"Wildfire Cow Canyon, Oneida, Idaho",Wildfires,2026-07-12T16:15:00Z,-112.947187,42.11216,https://irwin.doi.gov/observer/incidents/2026-IDIFD-000128
EONET_21359,Flood in Honduras 1104021,Floods,2026-07-11T20:00:00Z,,,https://www.gdacs.org/report.aspx?eventtype=FL&eventid=1104021
EONET_21394,Flood in Indonesia 1104026,Floods,2026-07-11T20:00:00Z,,,https://www.gdacs.org/report.aspx?eventtype=FL&eventid=1104026
EONET_21345,Wildfire in Angola 1029499,Wildfires,2026-07-11T19:00:00Z,19.599006640329,-7.3793183028306,https://www.gdacs.org/report.aspx?eventtype=WF&eventid=1029499
EONET_21346,Wildfire in France 1029489,Wildfires,2026-07-11T19:00:00Z,2.5491656824245,48.374997483229,https://www.gdacs.org/report.aspx?eventtype=WF&eventid=1029489
EONET_21347,Wildfire in Canada 1029492,Wildfires,2026-07-11T19:00:00Z,-89.441100707973,50.723015629372,https://www.gdacs.org/report.aspx?eventtype=WF&eventid=1029492
EONET_21367,Wildfire in Canada 1029507,Wildfires,2026-07-11T19:00:00Z,-89.517740002358,50.850717453967,https://www.gdacs.org/report.aspx?eventtype=WF&eventid=1029507
EONET_21368,"Wildfire in United States, Canada 1029508",Wildfires,2026-07-11T19:00:00Z,-91.867750823007,48.208998890491,https://www.gdacs.org/report.aspx?eventtype=WF&eventid=1029508
EONET_21369,Wildfire in Canada 1029509,Wildfires,2026-07-11T19:00:00Z,-89.294849581783,50.96876404212,https://www.gdacs.org/report.aspx?eventtype=WF&eventid=1029509
EONET_21332,"Wildfire ELEPHANT, Plumas, California",Wildfires,2026-07-11T16:35:00Z,-120.193167,39.710833,https://irwin.doi.gov/observer/incidents/2026-CATNF-001154
EONET_21329,"Wildfire LOOMIS, Lassen, California",Wildfires,2026-07-11T15:03:00Z,-121.154667,40.965833,https://irwin.doi.gov/observer/incidents/2026-CALMU-004291
EONET_21336,"Wildfire NINE CANYON, Benton, Washington",Wildfires,2026-07-11T14:41:00Z,-119.04432,46.122786,https://irwin.doi.gov/observer/incidents/2026-WABENN-260375
EONET_21342,Flood in Malaysia 1104020,Floods,2026-07-10T20:00:00Z,,,https://www.gdacs.org/report.aspx?eventtype=FL&eventid=1104020
EONET_21343,Flood in Georgia 1104018,Floods,2026-07-10T20:00:00Z,,,https://www.gdacs.org/report.aspx?eventtype=FL&eventid=1104018
EONET_21331,"Wildfire Stookey, Tooele, Utah",Wildfires,2026-07-10T19:51:00Z,-112.560267,40.1499,https://irwin.doi.gov/observer/incidents/2026-UTWDD-200417
EONET_21348,Wildfire in Congo 1029490,Wildfires,2026-07-10T19:00:00Z,15.458981668911,-3.1360618224553,https://www.gdacs.org/report.aspx?eventtype=WF&eventid=1029490
EONET_21349,Wildfire in Canada 1029496,Wildfires,2026-07-10T19:00:00Z,-90.90390850527,48.925327431672,https://www.gdacs.org/report.aspx?eventtype=WF&eventid=1029496
EONET_21350,Wildfire in United States 1029485,Wildfires,2026-07-10T19:00:00Z,-112.53566542625,40.160261383832,https://www.gdacs.org/report.aspx?eventtype=WF&eventid=1029485
EONET_21325,"Wildfire E Evans Creek Rd 18000, Jackson, Oregon",Wildfires,2026-07-10T18:13:00Z,-123.0018333,42.60395,https://irwin.doi.gov/observer/incidents/2026-OR711S-000039
EONET_21333,"Wildfire SUMMIT, Los Angeles, California",Wildfires,2026-07-10T15:49:00Z,-117.68601,34.45499,https://irwin.doi.gov/observer/incidents/2026-CALAC-240823
EONET_21436,"Wildfire Nutmeg, Yukon-Koyukuk, Alaska",Wildfires,2026-07-10T01:44:00Z,-150.25392,67.447423,https://irwin.doi.gov/observer/incidents/2026-AKTAD-000397
EONET_21334,"Wildfire Martin, Blaine, Idaho",Wildfires,2026-07-09T19:53:00Z,-114.2097,43.479767,https://irwin.doi.gov/observer/incidents/2026-IDTFD-000119
EONET_21298,Wildfire in Australia 1029474,Wildfires,2026-07-09T19:00:00Z,145.02241291712,-16.527741074718,https://www.gdacs.org/report.aspx?eventtype=WF&eventid=1029474
EONET_21309,Wildfire in Botswana 1029476,Wildfires,2026-07-09T19:00:00Z,22.840860458542,-20.42355632161,https://www.gdacs.org/report.aspx?eventtype=WF&eventid=1029476
EONET_21351,Wildfire in Zambia 1029491,Wildfires,2026-07-09T19:00:00Z,25.742576063832,-15.788043195381,https://www.gdacs.org/report.aspx?eventtype=WF&eventid=1029491
EONET_21370,Wildfire in Canada 1029510,Wildfires,2026-07-09T19:00:00Z,-91.213014779099,48.306819461151,https://www.gdacs.org/report.aspx?eventtype=WF&eventid=1029510
EONET_21335,"Wildfire Cusenbarry Draw, Sutton, Texas",Wildfires,2026-07-09T18:30:00Z,-100.6165,30.4,https://irwin.doi.gov/observer/incidents/2026-TXTXS-265876
EONET_21327,"Wildfire B AND O, Okanogan, Washington",Wildfires,2026-07-09T18:09:00Z,-119.605515,48.352694,https://irwin.doi.gov/observer/incidents/2026-WANES-001607
EONET_21337,"Prescribed Fire RX Chippewa Prairie TNC, Chippewa, Minnesota",Wildfires,2026-07-09T17:06:00Z,-95.99093333,45.12691667,https://irwin.doi.gov/observer/incidents/2025-MNMNS-RX259196
EONET_21338,"Prescribed Fire RX Terpstra W413-20-01, Lac qui Parle, Minnesota",Wildfires,2026-07-09T17:03:00Z,-96.01538333,45.10605,https://irwin.doi.gov/observer/incidents/2025-MNMNS-RX259194
EONET_21382,"Wildfire Wolfpack, St. Louis, Minnesota",Wildfires,2026-07-09T16:14:00Z,-92.282167,48.1855,https://irwin.doi.gov/observer/incidents/2026-MNSUF-002417
EONET_21339,"Prescribed Fire RX Center Range North, Morrison, Minnesota",Wildfires,2026-07-09T15:40:00Z,-94.44471667,46.16963333,https://irwin.doi.gov/observer/incidents/2025-MNMNS-RX259130
EONET_21340,"Prescribed Fire RX Leach Impact Area, Morrison, Minnesota",Wildfires,2026-07-09T15:27:00Z,-94.39906667,46.2736,https://irwin.doi.gov/observer/incidents/2025-MNMNS-RX259122
EONET_21319,"Wildfire Jim Mtn, Elko, Nevada",Wildfires,2026-07-09T14:13:00Z,-114.125917,41.498667,https://irwin.doi.gov/observer/incidents/2026-NVEKD-010251
EONET_21383,"Wildfire Sioux, St. Louis, Minnesota",Wildfires,2026-07-09T12:37:00Z,-92.223926,48.153119,https://irwin.doi.gov/observer/incidents/2026-MNSUF-002411
EONET_21233,"Wildfire Rose Hill Bay, Duplin, North Carolina",Wildfires,2026-07-09T11:59:00Z,-78.0655556,34.805,https://irwin.doi.gov/observer/incidents/2026-NCNCS-260064
EONET_21235,"Prescribed Fire RX Agassiz W413-21-20, Lac qui Parle, Minnesota",Wildfires,2026-07-09T11:14:00Z,-96.24231667,45.21431667,https://irwin.doi.gov/observer/incidents/2025-MNMNS-RX259094
EONET_21237,"Prescribed Fire RX Loen, Swift, Minnesota",Wildfires,2026-07-09T10:44:00Z,-95.5,45.38,https://irwin.doi.gov/observer/incidents/2025-MNMNS-RX259081
EONET_21238,"Prescribed Fire RX Loen, Swift, Minnesota",Wildfires,2026-07-09T10:43:00Z,-95.5,45.38,https://irwin.doi.gov/observer/incidents/2025-MNMNS-RX259080
EONET_21239,"Prescribed Fire RX Chippewa Prairie Unit 7 W413-20-28, Chippewa, Minnesota",Wildfires,2026-07-09T10:39:00Z,-96.01343333,45.13898333,https://irwin.doi.gov/observer/incidents/2025-MNMNS-RX259077
EONET_21317,"Wildfire Hogatza, Yukon-Koyukuk, Alaska",Wildfires,2026-07-08T22:46:00Z,-153.849167,66.664667,https://irwin.doi.gov/observer/incidents/2026-AKTAD-000392
EONET_21243,"Wildfire RYEGRASS COULEE, Kittitas, Washington",Wildfires,2026-07-08T20:13:00Z,-120.0208,46.949083,https://irwin.doi.gov/observer/incidents/2026-WASES-260359
EONET_21271,Flood in Guatemala 1104013,Floods,2026-07-08T20:00:00Z,,,https://www.gdacs.org/report.aspx?eventtype=FL&eventid=1104013
EONET_21272,Flood in Bangladesh 1104015,Floods,2026-07-08T20:00:00Z,,,https://www.gdacs.org/report.aspx?eventtype=FL&eventid=1104015
EONET_21191,Wildfire in Australia 1029418,Wildfires,2026-07-08T19:00:00Z,142.23842076024,-14.889293995052,https://www.gdacs.org/report.aspx?eventtype=WF&eventid=1029418
EONET_21275,Wildfire in Spain 1029448,Wildfires,2026-07-08T19:00:00Z,-2.001155027074,37.180480275892,https://www.gdacs.org/report.aspx?eventtype=WF&eventid=1029448
EONET_21276,Wildfire in Australia 1029456,Wildfires,2026-07-08T19:00:00Z,141.85780669315,-12.795817905946,https://www.gdacs.org/report.aspx?eventtype=WF&eventid=1029456
EONET_21277,Wildfire in Australia 1029459,Wildfires,2026-07-08T19:00:00Z,127.65508426254,-20.859720215092,https://www.gdacs.org/report.aspx?eventtype=WF&eventid=1029459
EONET_21278,Wildfire in Australia 1029460,Wildfires,2026-07-08T19:00:00Z,127.46113008446,-14.605212060297,https://www.gdacs.org/report.aspx?eventtype=WF&eventid=1029460
EONET_21279,Wildfire in Australia 1029443,Wildfires,2026-07-08T19:00:00Z,126.64476432884,-16.784293564605,https://www.gdacs.org/report.aspx?eventtype=WF&eventid=1029443
EONET_21280,Wildfire in Australia 1029444,Wildfires,2026-07-08T19:00:00Z,127.46896634692,-14.644143237345,https://www.gdacs.org/report.aspx?eventtype=WF&eventid=1029444
EONET_21281,Wildfire in Angola 1029449,Wildfires,2026-07-08T19:00:00Z,20.160587600645,-8.9105132975771,https://www.gdacs.org/report.aspx?eventtype=WF&eventid=1029449
EONET_21310,"Wildfire in Namibia, Botswana 1029477",Wildfires,2026-07-08T19:00:00Z,24.040032501668,-18.117888287468,https://www.gdacs.org/report.aspx?eventtype=WF&eventid=1029477
EONET_21352,Wildfire in Brazil 1029493,Wildfires,2026-07-08T19:00:00Z,-50.164504511964,-10.155598991187,https://www.gdacs.org/report.aspx?eventtype=WF&eventid=1029493
EONET_21353,Wildfire in United States 1029497,Wildfires,2026-07-08T19:00:00Z,-92.144848248866,48.302373016459,https://www.gdacs.org/report.aspx?eventtype=WF&eventid=1029497
EONET_21231,"Wildfire Getaway Pens, Dickens, Texas",Wildfires,2026-07-08T18:12:00Z,-100.6149183,33.44265,https://irwin.doi.gov/observer/incidents/2026-TXTXS-265848
EONET_21241,"Wildfire VAN, Mariposa, California",Wildfires,2026-07-08T16:53:00Z,-120.061317,37.327638,https://irwin.doi.gov/observer/incidents/2026-CAMMU-013885
EONET_21321,"Wildfire Anthony, Baker, Oregon",Wildfires,2026-07-08T16:37:00Z,-118.200333,44.991867,https://irwin.doi.gov/observer/incidents/2026-ORWWF-000227
EONET_21326,"Wildfire Olive Butte, Grant, Oregon",Wildfires,2026-07-08T14:17:00Z,-118.452867,44.745217,https://irwin.doi.gov/observer/incidents/2026-ORWWF-000224
EONET_21430,"Wildfire Upper Smith, Boundary, Idaho",Wildfires,2026-07-08T14:11:00Z,-116.607783,48.9275,https://irwin.doi.gov/observer/incidents/2026-IDIPF-000347
EONET_21240,"Wildfire WHISKEY, Malheur, Oregon",Wildfires,2026-07-08T12:32:00Z,-118.18178,43.35394,https://irwin.doi.gov/observer/incidents/2026-ORVAD-260145
EONET_21250,"Prescribed Fire RX Artichoke Lake, Swift, Minnesota",Wildfires,2026-07-08T10:24:00Z,-96.0976,45.3332,https://irwin.doi.gov/observer/incidents/2025-MNMNS-RX259023
EONET_21251,"Prescribed Fire Meadow Creek WMA RX, Lyon, Minnesota",Wildfires,2026-07-08T09:41:00Z,-95.71371667,44.3772,https://irwin.doi.gov/observer/incidents/2026-MNMNS-RX259013
EONET_21236,"Wildfire Salmon, Grant, Oregon",Wildfires,2026-07-08T05:53:00Z,-118.510204,44.717021,https://irwin.doi.gov/observer/incidents/2026-ORUMF-000222
EONET_21273,Flood in Estonia 1104017,Floods,2026-07-07T20:00:00Z,,,https://www.gdacs.org/report.aspx?eventtype=FL&eventid=1104017
EONET_21274,Flood in Colombia 1104014,Floods,2026-07-07T20:00:00Z,,,https://www.gdacs.org/report.aspx?eventtype=FL&eventid=1104014
EONET_21192,Wildfire in Australia 1029419,Wildfires,2026-07-07T19:00:00Z,132.59835607869,-12.420376802037,https://www.gdacs.org/report.aspx?eventtype=WF&eventid=1029419
EONET_21193,Wildfire in Australia 1029420,Wildfires,2026-07-07T19:00:00Z,126.00143205411,-14.987018635261,https://www.gdacs.org/report.aspx?eventtype=WF&eventid=1029420
EONET_21254,Wildfire in Angola 1029430,Wildfires,2026-07-07T19:00:00Z,19.39295362759,-8.4936214307073,https://www.gdacs.org/report.aspx?eventtype=WF&eventid=1029430
EONET_21282,Wildfire in Australia 1029461,Wildfires,2026-07-07T19:00:00Z,132.10561273052,-13.799369734805,https://www.gdacs.org/report.aspx?eventtype=WF&eventid=1029461
EONET_21330,"Wildfire Thumb, St. Louis, Minnesota",Wildfires,2026-07-07T18:38:00Z,-92.192167,48.287667,https://irwin.doi.gov/observer/incidents/2026-MNSUF-002396
EONET_21384,"Wildfire Bear Trap, St. Louis, Minnesota",Wildfires,2026-07-07T18:28:00Z,-91.924667,48.1845,https://irwin.doi.gov/observer/incidents/2026-MNSUF-002394
EONET_21381,"Wildfire Camp, Lake, Minnesota",Wildfires,2026-07-07T18:11:00Z,-91.782917,47.998967,https://irwin.doi.gov/observer/incidents/2026-MNSUF-002393
EONET_21232,"Wildfire BEAR, San Luis Obispo, California",Wildfires,2026-07-07T18:09:00Z,-119.898345,35.314896,https://irwin.doi.gov/observer/incidents/2026-CASLU-010527
EONET_21245,"Wildfire 3-1 PIT, Lassen, California",Wildfires,2026-07-07T16:35:00Z,-121.2685,40.948833,https://irwin.doi.gov/observer/incidents/2026-CALMU-004201
EONET_21242,"Wildfire Hoop, Harney, Oregon",Wildfires,2026-07-07T16:26:00Z,-118.752133,42.637717,https://irwin.doi.gov/observer/incidents/2026-ORBUD-002650
EONET_21234,"Wildfire Avocado, Monroe, Florida",Wildfires,2026-07-07T16:20:00Z,-80.928833,25.423833,https://irwin.doi.gov/observer/incidents/2026-FLEVP-002146
EONET_21249,"Wildfire RA 7 GEM CO, Gem, Idaho",Wildfires,2026-07-06T23:45:00Z,-116.409683,43.844798,https://irwin.doi.gov/observer/incidents/2026-ID1GX-000622
EONET_21189,Flood in Chile 1104010,Floods,2026-07-06T20:00:00Z,,,https://www.gdacs.org/report.aspx?eventtype=FL&eventid=1104010
EONET_21252,Flood in South Korea 1104012,Floods,2026-07-06T20:00:00Z,,,https://www.gdacs.org/report.aspx?eventtype=FL&eventid=1104012
EONET_21136,Wildfire in Australia 1029352,Wildfires,2026-07-06T19:00:00Z,133.99584161914,-13.894880987039,https://www.gdacs.org/report.aspx?eventtype=WF&eventid=1029352
EONET_21194,Wildfire in Australia 1029421,Wildfires,2026-07-06T19:00:00Z,142.40165179775,-15.437189761172,https://www.gdacs.org/report.aspx?eventtype=WF&eventid=1029421
EONET_21195,Wildfire in Australia 1029422,Wildfires,2026-07-06T19:00:00Z,142.29469894189,-15.368211738715,https://www.gdacs.org/report.aspx?eventtype=WF&eventid=1029422
EONET_21196,Wildfire in Angola 1029386,Wildfires,2026-07-06T19:00:00Z,19.529927181203,-7.6057182817819,https://www.gdacs.org/report.aspx?eventtype=WF&eventid=1029386
EONET_21255,Wildfire in Angola 1029431,Wildfires,2026-07-06T19:00:00Z,21.475181033645,-8.8183317837508,https://www.gdacs.org/report.aspx?eventtype=WF&eventid=1029431
EONET_21283,Wildfire in Australia 1029462,Wildfires,2026-07-06T19:00:00Z,135.24753277205,-12.833588894734,https://www.gdacs.org/report.aspx?eventtype=WF&eventid=1029462
EONET_21284,Wildfire in Angola 1029450,Wildfires,2026-07-06T19:00:00Z,19.554421693272,-8.1805339451492,https://www.gdacs.org/report.aspx?eventtype=WF&eventid=1029450
EONET_21299,Wildfire in Canada 1029466,Wildfires,2026-07-06T19:00:00Z,-117.70620095312,65.264122839733,https://www.gdacs.org/report.aspx?eventtype=WF&eventid=1029466
EONET_21248,"Wildfire Mustang, Yukon-Koyukuk, Alaska",Wildfires,2026-07-06T18:47:00Z,-154.11445,65.78555,https://irwin.doi.gov/observer/incidents/2026-AKTAD-000368
EONET_21003,"Wildfire Maze, Madison, Idaho",Wildfires,2026-07-06T17:58:00Z,-111.956783,43.828883,https://irwin.doi.gov/observer/incidents/2026-IDIFD-000096
EONET_21021,"Wildfire RA 6 ADA CO CLAREMONT, Ada, Idaho",Wildfires,2026-07-06T16:15:00Z,-116.175933,43.6347,https://irwin.doi.gov/observer/incidents/2026-ID1AX-000618
EONET_21002,"Wildfire PVR, Ada, Idaho",Wildfires,2026-07-06T15:32:00Z,-116.208736,43.31247,https://irwin.doi.gov/observer/incidents/2026-IDBOD-000617
EONET_21013,"Wildfire Wind Creek, Crook, Wyoming",Wildfires,2026-07-06T14:18:00Z,-104.856167,44.193833,https://irwin.doi.gov/observer/incidents/2026-WYCRX-260625
EONET_21044,"Wildfire UHaul, Colfax, New Mexico",Wildfires,2026-07-06T13:39:00Z,-104.040187,36.30552,https://irwin.doi.gov/observer/incidents/2026-NMN2S-000406
EONET_21008,"Wildfire MORA, Ada, Idaho",Wildfires,2026-07-06T04:52:00Z,-116.429976,43.443793,https://irwin.doi.gov/observer/incidents/2026-IDBOD-000614
EONET_21007,"Wildfire Dutch Flat, Humboldt, Nevada",Wildfires,2026-07-05T19:33:00Z,-117.614017,41.078633,https://irwin.doi.gov/observer/incidents/2026-NVHUMX-020340
EONET_20982,Wildfire in Australia 1029332,Wildfires,2026-07-05T19:00:00Z,132.04182199174508,-12.90381252331913,https://www.gdacs.org/report.aspx?eventtype=WF&eventid=1029332
EONET_21137,Wildfire in The Democratic Republic of Congo 1029334,Wildfires,2026-07-05T19:00:00Z,19.882042480984,-6.1275234243668,https://www.gdacs.org/report.aspx?eventtype=WF&eventid=1029334
EONET_21161,Wildfire in The Democratic Republic of Congo 1029361,Wildfires,2026-07-05T19:00:00Z,18.523790771692,-6.9733158862735,https://www.gdacs.org/report.aspx?eventtype=WF&eventid=1029361
EONET_21197,"Wildfire in Angola, The Democratic Republic of Congo 1029387",Wildfires,2026-07-05T19:00:00Z,19.633456474243,-7.0597954084727,https://www.gdacs.org/report.aspx?eventtype=WF&eventid=1029387
EONET_21198,Wildfire in Zambia 1029388,Wildfires,2026-07-05T19:00:00Z,25.888773597249,-15.208360402153,https://www.gdacs.org/report.aspx?eventtype=WF&eventid=1029388
EONET_21199,Wildfire in Angola 1029389,Wildfires,2026-07-05T19:00:00Z,19.650882998947,-8.0514568153729,https://www.gdacs.org/report.aspx?eventtype=WF&eventid=1029389
EONET_21200,Wildfire in Russian Federation 1029407,Wildfires,2026-07-05T19:00:00Z,136.43813186645,62.106184664562,https://www.gdacs.org/report.aspx?eventtype=WF&eventid=1029407
EONET_21201,Wildfire in Australia 1029408,Wildfires,2026-07-05T19:00:00Z,133.4226965488,-12.337690220202,https://www.gdacs.org/report.aspx?eventtype=WF&eventid=1029408
EONET_21202,Wildfire in Russian Federation 1029409,Wildfires,2026-07-05T19:00:00Z,133.84706592884,62.893925868916,https://www.gdacs.org/report.aspx?eventtype=WF&eventid=1029409
EONET_21285,Wildfire in Australia 1029463,Wildfires,2026-07-05T19:00:00Z,133.48395837,-12.166276588375,https://www.gdacs.org/report.aspx?eventtype=WF&eventid=1029463
EONET_21300,Wildfire in Canada 1029467,Wildfires,2026-07-05T19:00:00Z,-120.03833759924,65.115617313659,https://www.gdacs.org/report.aspx?eventtype=WF&eventid=1029467
EONET_21311,Wildfire in Angola 1029478,Wildfires,2026-07-05T19:00:00Z,16.870843193282,-10.347859967569,https://www.gdacs.org/report.aspx?eventtype=WF&eventid=1029478
EONET_21312,Wildfire in Angola 1029479,Wildfires,2026-07-05T19:00:00Z,17.576640944373,-10.747260374733,https://www.gdacs.org/report.aspx?eventtype=WF&eventid=1029479
EONET_21354,Wildfire in Canada 1029486,Wildfires,2026-07-05T19:00:00Z,-119.45035077032,65.406906763226,https://www.gdacs.org/report.aspx?eventtype=WF&eventid=1029486
EONET_21371,Wildfire in Australia 1029511,Wildfires,2026-07-05T19:00:00Z,134.68167168127,-13.201604138994,https://www.gdacs.org/report.aspx?eventtype=WF&eventid=1029511
EONET_21010,"Wildfire NAVARRE COULEE, Chelan, Washington",Wildfires,2026-07-05T02:01:00Z,-120.185178,47.773244,https://irwin.doi.gov/observer/incidents/2026-WASES-260329
EONET_20995,Flood in New Zealand 1104006,Floods,2026-07-04T20:00:00Z,,,https://www.gdacs.org/report.aspx?eventtype=FL&eventid=1104006
EONET_21160,Flood in Finland 1104008,Floods,2026-07-04T20:00:00Z,,,https://www.gdacs.org/report.aspx?eventtype=FL&eventid=1104008
EONET_20958,Wildfire in Australia 1029320,Wildfires,2026-07-04T19:00:00Z,136.5939246423826,-16.584833204133044,https://www.gdacs.org/report.aspx?eventtype=WF&eventid=1029320
EONET_21138,Wildfire in Angola 1029335,Wildfires,2026-07-04T19:00:00Z,21.644328329157,-8.9271315456983,https://www.gdacs.org/report.aspx?eventtype=WF&eventid=1029335
EONET_21139,Wildfire in Canada 1029353,Wildfires,2026-07-04T19:00:00Z,-66.391074928924,56.826661800785,https://www.gdacs.org/report.aspx?eventtype=WF&eventid=1029353
EONET_21162,Wildfire in Canada 1029371,Wildfires,2026-07-04T19:00:00Z,-76.370351072757,54.812192792051,https://www.gdacs.org/report.aspx?eventtype=WF&eventid=1029371
EONET_21163,Wildfire in Angola 1029362,Wildfires,2026-07-04T19:00:00Z,20.093397371681,-7.9157918898172,https://www.gdacs.org/report.aspx?eventtype=WF&eventid=1029362
EONET_21164,Wildfire in Canada 1029381,Wildfires,2026-07-04T19:00:00Z,-69.135504204458,56.196051758007,https://www.gdacs.org/report.aspx?eventtype=WF&eventid=1029381
EONET_21165,Wildfire in Canada 1029370,Wildfires,2026-07-04T19:00:00Z,-69.496960732415,53.497826214534,https://www.gdacs.org/report.aspx?eventtype=WF&eventid=1029370
EONET_21203,Wildfire in Canada 1029410,Wildfires,2026-07-04T19:00:00Z,-78.530064546022,51.666680956218,https://www.gdacs.org/report.aspx?eventtype=WF&eventid=1029410
EONET_21204,Wildfire in The Democratic Republic of Congo 1029390,Wildfires,2026-07-04T19:00:00Z,19.273721415373,-7.3762555945475,https://www.gdacs.org/report.aspx?eventtype=WF&eventid=1029390
EONET_21205,Wildfire in Canada 1029415,Wildfires,2026-07-04T19:00:00Z,-119.67239308541,63.630984225417,https://www.gdacs.org/report.aspx?eventtype=WF&eventid=1029415
EONET_21256,Wildfire in Tanzania 1029426,Wildfires,2026-07-04T19:00:00Z,35.065195343124,-2.1903167013186,https://www.gdacs.org/report.aspx?eventtype=WF&eventid=1029426
EONET_21286,Wildfire in Canada 1029445,Wildfires,2026-07-04T19:00:00Z,-78.770555313156,50.895921922235,https://www.gdacs.org/report.aspx?eventtype=WF&eventid=1029445
EONET_21301,Wildfire in Russian Federation 1029472,Wildfires,2026-07-04T19:00:00Z,90.603120294965,59.010102737869,https://www.gdacs.org/report.aspx?eventtype=WF&eventid=1029472
EONET_21302,Wildfire in Russian Federation 1029473,Wildfires,2026-07-04T19:00:00Z,90.383534000109,59.695796752914,https://www.gdacs.org/report.aspx?eventtype=WF&eventid=1029473
EONET_21313,Wildfire in South Africa 1029480,Wildfires,2026-07-04T19:00:00Z,28.82661908256,-25.320114655313,https://www.gdacs.org/report.aspx?eventtype=WF&eventid=1029480
EONET_21314,Wildfire in Angola 1029483,Wildfires,2026-07-04T19:00:00Z,16.447079130674,-7.6918233946308,https://www.gdacs.org/report.aspx?eventtype=WF&eventid=1029483
EONET_21355,Wildfire in Canada 1029487,Wildfires,2026-07-04T19:00:00Z,-118.28632989088,66.54648576718,https://www.gdacs.org/report.aspx?eventtype=WF&eventid=1029487
EONET_21372,Wildfire in Australia 1029512,Wildfires,2026-07-04T19:00:00Z,125.01467380664,-16.33168933665,https://www.gdacs.org/report.aspx?eventtype=WF&eventid=1029512
EONET_21005,"Wildfire North Cayuse, Umatilla, Oregon",Wildfires,2026-07-04T18:37:00Z,-118.480617,45.683083,https://irwin.doi.gov/observer/incidents/2026-OR973S-000206
EONET_21247,"Wildfire Ishtalitna, Yukon-Koyukuk, Alaska",Wildfires,2026-07-04T17:39:00Z,-151.57485,65.8547,https://irwin.doi.gov/observer/incidents/2026-AKTAD-000354
EONET_21038,"Wildfire 0380 ANTELOPE CREEK, Wasco, Oregon",Wildfires,2026-07-04T16:13:00Z,-120.7202,44.921383,https://irwin.doi.gov/observer/incidents/2026-ORPRD-000380
EONET_21000,"Wildfire CHELAN HILLS, Douglas, Washington",Wildfires,2026-07-04T08:58:00Z,-119.97655,47.799583,https://irwin.doi.gov/observer/incidents/2026-WASES-260321
EONET_21253,Flood in Myanmar 1104011,Floods,2026-07-03T20:00:00Z,,,https://www.gdacs.org/report.aspx?eventtype=FL&eventid=1104011
EONET_20927,Wildfire in Australia 1029285,Wildfires,2026-07-03T19:00:00Z,133.93446345010665,-12.237297075654382,https://www.gdacs.org/report.aspx?eventtype=WF&eventid=1029285
EONET_20928,Wildfire in Australia 1029286,Wildfires,2026-07-03T19:00:00Z,136.11203523205623,-12.985986088017524,https://www.gdacs.org/report.aspx?eventtype=WF&eventid=1029286
EONET_20929,Wildfire in Australia 1029287,Wildfires,2026-07-03T19:00:00Z,136.061317449245,-13.124822261594304,https://www.gdacs.org/report.aspx?eventtype=WF&eventid=1029287
EONET_20983,Wildfire in France 1029331,Wildfires,2026-07-03T19:00:00Z,2.5669729088325886,42.67172441130409,https://www.gdacs.org/report.aspx?eventtype=WF&eventid=1029331
EONET_21140,Wildfire in Canada 1029347,Wildfires,2026-07-03T19:00:00Z,-70.637414417777,53.454897618555,https://www.gdacs.org/report.aspx?eventtype=WF&eventid=1029347
EONET_21141,Wildfire in The Democratic Republic of Congo 1029336,Wildfires,2026-07-03T19:00:00Z,26.552489734283,-6.282720021559,https://www.gdacs.org/report.aspx?eventtype=WF&eventid=1029336
EONET_21166,Wildfire in Canada 1029372,Wildfires,2026-07-03T19:00:00Z,-76.221942122693,54.750800238154,https://www.gdacs.org/report.aspx?eventtype=WF&eventid=1029372
EONET_21167,Wildfire in Canada 1029382,Wildfires,2026-07-03T19:00:00Z,-68.660170634962,57.209293605943,https://www.gdacs.org/report.aspx?eventtype=WF&eventid=1029382
EONET_21168,Wildfire in Angola 1029363,Wildfires,2026-07-03T19:00:00Z,21.848149054921,-8.5202437448834,https://www.gdacs.org/report.aspx?eventtype=WF&eventid=1029363
EONET_21169,Wildfire in Sudan 1029358,Wildfires,2026-07-03T19:00:00Z,34.769472452048,4.9605188766542,https://www.gdacs.org/report.aspx?eventtype=WF&eventid=1029358
EONET_21170,Wildfire in The Democratic Republic of Congo 1029364,Wildfires,2026-07-03T19:00:00Z,26.65788282457,-7.1092937631462,https://www.gdacs.org/report.aspx?eventtype=WF&eventid=1029364
EONET_21206,Wildfire in Angola 1029391,Wildfires,2026-07-03T19:00:00Z,19.736451288962,-8.3431771490687,https://www.gdacs.org/report.aspx?eventtype=WF&eventid=1029391
EONET_21207,Wildfire in Angola 1029392,Wildfires,2026-07-03T19:00:00Z,21.185289582437,-9.3128740608101,https://www.gdacs.org/report.aspx?eventtype=WF&eventid=1029392
EONET_21208,Wildfire in Angola 1029393,Wildfires,2026-07-03T19:00:00Z,20.991967873808,-9.0220476983414,https://www.gdacs.org/report.aspx?eventtype=WF&eventid=1029393
EONET_21209,Wildfire in Angola 1029394,Wildfires,2026-07-03T19:00:00Z,20.258015277352,-7.2315947885825,https://www.gdacs.org/report.aspx?eventtype=WF&eventid=1029394
EONET_21257,Wildfire in Angola 1029432,Wildfires,2026-07-03T19:00:00Z,21.519796493593,-8.3502305211386,https://www.gdacs.org/report.aspx?eventtype=WF&eventid=1029432
EONET_21258,Wildfire in Canada 1029427,Wildfires,2026-07-03T19:00:00Z,-116.46322899862,64.441233405774,https://www.gdacs.org/report.aspx?eventtype=WF&eventid=1029427
EONET_21259,Wildfire in The Democratic Republic of Congo 1029428,Wildfires,2026-07-03T19:00:00Z,26.121025204493,-5.4610541819936,https://www.gdacs.org/report.aspx?eventtype=WF&eventid=1029428
EONET_21287,Wildfire in Angola 1029451,Wildfires,2026-07-03T19:00:00Z,16.968633187792,-10.819977489439,https://www.gdacs.org/report.aspx?eventtype=WF&eventid=1029451
EONET_21303,Wildfire in Australia 1029475,Wildfires,2026-07-03T19:00:00Z,130.83366390688,-13.574821488739,https://www.gdacs.org/report.aspx?eventtype=WF&eventid=1029475
EONET_21304,Wildfire in Zambia 1029469,Wildfires,2026-07-03T19:00:00Z,29.629037325149,-10.813424474857,https://www.gdacs.org/report.aspx?eventtype=WF&eventid=1029469
EONET_21305,Wildfire in Angola 1029470,Wildfires,2026-07-03T19:00:00Z,17.348216241249,-9.0626624558139,https://www.gdacs.org/report.aspx?eventtype=WF&eventid=1029470
EONET_21315,Wildfire in Australia 1029481,Wildfires,2026-07-03T19:00:00Z,141.98884776115,-13.169032954632,https://www.gdacs.org/report.aspx?eventtype=WF&eventid=1029481
EONET_21316,Wildfire in Australia 1029482,Wildfires,2026-07-03T19:00:00Z,133.71902860637,-12.548930796341,https://www.gdacs.org/report.aspx?eventtype=WF&eventid=1029482
EONET_20980,Tropical Storm Maysak,Severe Storms,2026-07-03T00:00:00Z,110.1,17.3,https://www.metoc.navy.mil/jtwc/products/wp1026.tcw
EONET_20980,Tropical Storm Maysak,Severe Storms,2026-07-03T06:00:00Z,109.7,17.6,https://www.metoc.navy.mil/jtwc/products/wp1026.tcw
EONET_20980,Tropical Storm Maysak,Severe Storms,2026-07-03T12:00:00Z,109.5,18.5,https://www.metoc.navy.mil/jtwc/products/wp1026.tcw
EONET_20980,Tropical Storm Maysak,Severe Storms,2026-07-03T18:00:00Z,108.7,19.8,https://www.metoc.navy.mil/jtwc/products/wp1026.tcw
EONET_20980,Tropical Storm Maysak,Severe Storms,2026-07-04T00:00:00Z,108.4,20.2,https://www.metoc.navy.mil/jtwc/products/wp1026.tcw
EONET_20980,Tropical Storm Maysak,Severe Storms,2026-07-04T06:00:00Z,107.8,20.6,https://www.metoc.navy.mil/jtwc/products/wp1026.tcw
EONET_20980,Tropical Storm Maysak,Severe Storms,2026-07-04T12:00:00Z,107.8,21.3,https://www.metoc.navy.mil/jtwc/products/wp1026.tcw
EONET_20980,Tropical Storm Maysak,Severe Storms,2026-07-04T18:00:00Z,107.9,21.6,https://www.metoc.navy.mil/jtwc/products/wp1026.tcw
EONET_20996,Flood in Ecuador 1104007,Floods,2026-07-02T20:00:00Z,,,https://www.gdacs.org/report.aspx?eventtype=FL&eventid=1104007
EONET_20930,Wildfire in Angola 1029271,Wildfires,2026-07-02T19:00:00Z,20.12439507963515,-7.213607792114834,https://www.gdacs.org/report.aspx?eventtype=WF&eventid=1029271
EONET_20931,Wildfire in Australia 1029288,Wildfires,2026-07-02T19:00:00Z,142.58150881521723,-15.286925733230161,https://www.gdacs.org/report.aspx?eventtype=WF&eventid=1029288
EONET_20932,Wildfire in Australia 1029289,Wildfires,2026-07-02T19:00:00Z,136.09281884393536,-12.837602207329352,https://www.gdacs.org/report.aspx?eventtype=WF&eventid=1029289
EONET_20959,Wildfire in Australia 1029318,Wildfires,2026-07-02T19:00:00Z,142.13193996616678,-12.87039189395864,https://www.gdacs.org/report.aspx?eventtype=WF&eventid=1029318
EONET_20960,Wildfire in Brazil 1029311,Wildfires,2026-07-02T19:00:00Z,-54.35519556911779,-13.240893555245094,https://www.gdacs.org/report.aspx?eventtype=WF&eventid=1029311
EONET_20961,Wildfire in Angola 1029299,Wildfires,2026-07-02T19:00:00Z,19.713097812482122,-8.225225042995456,https://www.gdacs.org/report.aspx?eventtype=WF&eventid=1029299
EONET_20962,Wildfire in Angola 1029300,Wildfires,2026-07-02T19:00:00Z,19.722858207480318,-8.147064005797578,https://www.gdacs.org/report.aspx?eventtype=WF&eventid=1029300
EONET_20984,Wildfire in Australia 1029326,Wildfires,2026-07-02T19:00:00Z,133.87067519564224,-14.211231840941831,https://www.gdacs.org/report.aspx?eventtype=WF&eventid=1029326
EONET_21142,Wildfire in Spain 1029351,Wildfires,2026-07-02T19:00:00Z,3.0286530330969,41.889056049514,https://www.gdacs.org/report.aspx?eventtype=WF&eventid=1029351
EONET_21143,Wildfire in Australia 1029354,Wildfires,2026-07-02T19:00:00Z,133.22473912924,-12.47708990017,https://www.gdacs.org/report.aspx?eventtype=WF&eventid=1029354
EONET_21144,Wildfire in Australia 1029355,Wildfires,2026-07-02T19:00:00Z,142.55141819592,-12.728563043435,https://www.gdacs.org/report.aspx?eventtype=WF&eventid=1029355
EONET_21145,Wildfire in Australia 1029356,Wildfires,2026-07-02T19:00:00Z,137.22904425704,-17.847374978668,https://www.gdacs.org/report.aspx?eventtype=WF&eventid=1029356
EONET_21171,Wildfire in Canada 1029359,Wildfires,2026-07-02T19:00:00Z,-121.47038656486,49.969171891538,https://www.gdacs.org/report.aspx?eventtype=WF&eventid=1029359
EONET_21172,Wildfire in Canada 1029383,Wildfires,2026-07-02T19:00:00Z,-72.130450009975,53.629607228431,https://www.gdacs.org/report.aspx?eventtype=WF&eventid=1029383
EONET_21173,Wildfire in Canada 1029373,Wildfires,2026-07-02T19:00:00Z,-72.830072519313,53.912861507377,https://www.gdacs.org/report.aspx?eventtype=WF&eventid=1029373
EONET_21174,Wildfire in Canada 1029374,Wildfires,2026-07-02T19:00:00Z,-72.611787484203,54.377445881732,https://www.gdacs.org/report.aspx?eventtype=WF&eventid=1029374
EONET_21175,Wildfire in Russian Federation 1029375,Wildfires,2026-07-02T19:00:00Z,110.28624314126,64.847911745751,https://www.gdacs.org/report.aspx?eventtype=WF&eventid=1029375
EONET_21176,Wildfire in Canada 1029376,Wildfires,2026-07-02T19:00:00Z,-71.708774574106,53.834765974001,https://www.gdacs.org/report.aspx?eventtype=WF&eventid=1029376
EONET_21210,Wildfire in Russian Federation 1029416,Wildfires,2026-07-02T19:00:00Z,86.61141205644,59.192336182545,https://www.gdacs.org/report.aspx?eventtype=WF&eventid=1029416
EONET_21211,Wildfire in France 1029417,Wildfires,2026-07-02T19:00:00Z,5.3432519047011,44.716738214914,https://www.gdacs.org/report.aspx?eventtype=WF&eventid=1029417
EONET_21212,Wildfire in Australia 1029423,Wildfires,2026-07-02T19:00:00Z,142.55275640229,-15.215634624061,https://www.gdacs.org/report.aspx?eventtype=WF&eventid=1029423
EONET_21213,Wildfire in Canada 1029424,Wildfires,2026-07-02T19:00:00Z,-119.12947264604,65.505247987195,https://www.gdacs.org/report.aspx?eventtype=WF&eventid=1029424
EONET_21214,Wildfire in Zambia 1029395,Wildfires,2026-07-02T19:00:00Z,29.40171146162,-8.9157282625653,https://www.gdacs.org/report.aspx?eventtype=WF&eventid=1029395
EONET_21215,Wildfire in The Democratic Republic of Congo 1029396,Wildfires,2026-07-02T19:00:00Z,18.093456946052,-7.5558231110288,https://www.gdacs.org/report.aspx?eventtype=WF&eventid=1029396
EONET_21216,Wildfire in The Democratic Republic of Congo 1029397,Wildfires,2026-07-02T19:00:00Z,18.642262430604,-7.5556157246097,https://www.gdacs.org/report.aspx?eventtype=WF&eventid=1029397
EONET_21217,Wildfire in The Democratic Republic of Congo 1029398,Wildfires,2026-07-02T19:00:00Z,25.754853760251,-5.0931930594163,https://www.gdacs.org/report.aspx?eventtype=WF&eventid=1029398
EONET_21260,Wildfire in Canada 1029441,Wildfires,2026-07-02T19:00:00Z,-121.13966048168,64.569612271317,https://www.gdacs.org/report.aspx?eventtype=WF&eventid=1029441
EONET_21261,Wildfire in Canada 1029429,Wildfires,2026-07-02T19:00:00Z,-121.22655512414,63.593994082727,https://www.gdacs.org/report.aspx?eventtype=WF&eventid=1029429
EONET_21262,Wildfire in Canada 1029440,Wildfires,2026-07-02T19:00:00Z,-121.70298313822,64.828125624804,https://www.gdacs.org/report.aspx?eventtype=WF&eventid=1029440
EONET_21263,Wildfire in Angola 1029442,Wildfires,2026-07-02T19:00:00Z,18.514504591121,-9.793699655962,https://www.gdacs.org/report.aspx?eventtype=WF&eventid=1029442
EONET_21264,Wildfire in Angola 1029433,Wildfires,2026-07-02T19:00:00Z,16.689663130091,-10.768135495606,https://www.gdacs.org/report.aspx?eventtype=WF&eventid=1029433
EONET_21265,Wildfire in Angola 1029434,Wildfires,2026-07-02T19:00:00Z,16.538545960549,-7.8874083385751,https://www.gdacs.org/report.aspx?eventtype=WF&eventid=1029434
EONET_21266,Wildfire in The Democratic Republic of Congo 1029435,Wildfires,2026-07-02T19:00:00Z,17.786115400023,-6.6947698201477,https://www.gdacs.org/report.aspx?eventtype=WF&eventid=1029435
EONET_21288,Wildfire in Australia 1029464,Wildfires,2026-07-02T19:00:00Z,130.91617825333,-12.676524493849,https://www.gdacs.org/report.aspx?eventtype=WF&eventid=1029464
EONET_21289,Wildfire in The Democratic Republic of Congo 1029452,Wildfires,2026-07-02T19:00:00Z,23.750726959822,-7.7822074310845,https://www.gdacs.org/report.aspx?eventtype=WF&eventid=1029452
EONET_21306,Wildfire in Angola 1029471,Wildfires,2026-07-02T19:00:00Z,18.325444976945,-9.8631692150933,https://www.gdacs.org/report.aspx?eventtype=WF&eventid=1029471
EONET_21307,Wildfire in Canada 1029468,Wildfires,2026-07-02T19:00:00Z,-119.05841699783,65.605398002714,https://www.gdacs.org/report.aspx?eventtype=WF&eventid=1029468
EONET_20925,Flood in Ukraine 1104001,Floods,2026-07-01T20:00:00Z,25.77564,49.98711,https://www.gdacs.org/report.aspx?eventtype=FL&eventid=1104001
EONET_20981,Flood in Costa Rica 1104003,Floods,2026-07-01T20:00:00Z,-83.5088959,10.0926794,https://www.gdacs.org/report.aspx?eventtype=FL&eventid=1104003
EONET_20899,Wildfire in Australia 1029251,Wildfires,2026-07-01T19:00:00Z,127.04367089450652,-17.09351350557367,https://www.gdacs.org/report.aspx?eventtype=WF&eventid=1029251
EONET_20900,Wildfire in Portugal 1029260,Wildfires,2026-07-01T19:00:00Z,-8.279579668008454,40.62815063475218,https://www.gdacs.org/report.aspx?eventtype=WF&eventid=1029260
EONET_20901,Wildfire in Australia 1029261,Wildfires,2026-07-01T19:00:00Z,142.21330868691953,-13.314816548549055,https://www.gdacs.org/report.aspx?eventtype=WF&eventid=1029261
EONET_20933,Wildfire in Australia 1029290,Wildfires,2026-07-01T19:00:00Z,142.17378666556561,-13.316574029098811,https://www.gdacs.org/report.aspx?eventtype=WF&eventid=1029290
EONET_20934,Wildfire in Australia 1029291,Wildfires,2026-07-01T19:00:00Z,142.06568331511795,-13.230156709168098,https://www.gdacs.org/report.aspx?eventtype=WF&eventid=1029291
EONET_20963,Wildfire in Canada 1029317,Wildfires,2026-07-01T19:00:00Z,-121.3361784492188,61.79468664834296,https://www.gdacs.org/report.aspx?eventtype=WF&eventid=1029317
EONET_20964,Wildfire in Angola 1029301,Wildfires,2026-07-01T19:00:00Z,19.762881047018105,-7.37040452180768,https://www.gdacs.org/report.aspx?eventtype=WF&eventid=1029301
EONET_20965,Wildfire in The Democratic Republic of Congo 1029319,Wildfires,2026-07-01T19:00:00Z,26.074176580963154,-6.221135670974447,https://www.gdacs.org/report.aspx?eventtype=WF&eventid=1029319
EONET_20985,Wildfire in Australia 1029327,Wildfires,2026-07-01T19:00:00Z,137.62374647094745,-17.885781740100267,https://www.gdacs.org/report.aspx?eventtype=WF&eventid=1029327
EONET_20986,Wildfire in Australia 1029328,Wildfires,2026-07-01T19:00:00Z,137.6198562800326,-18.183882752404298,https://www.gdacs.org/report.aspx?eventtype=WF&eventid=1029328
EONET_20987,Wildfire in Australia 1029329,Wildfires,2026-07-01T19:00:00Z,130.6538937109057,-11.686086263797197,https://www.gdacs.org/report.aspx?eventtype=WF&eventid=1029329
EONET_20988,Wildfire in Australia 1029333,Wildfires,2026-07-01T19:00:00Z,133.72934036692956,-14.278502064575903,https://www.gdacs.org/report.aspx?eventtype=WF&eventid=1029333
EONET_21146,Wildfire in Canada 1029348,Wildfires,2026-07-01T19:00:00Z,-78.976754111714,50.21412053337,https://www.gdacs.org/report.aspx?eventtype=WF&eventid=1029348
EONET_21147,Wildfire in Canada 1029349,Wildfires,2026-07-01T19:00:00Z,-78.636348107401,50.122981960313,https://www.gdacs.org/report.aspx?eventtype=WF&eventid=1029349
EONET_21148,Wildfire in The Democratic Republic of Congo 1029337,Wildfires,2026-07-01T19:00:00Z,29.06637811329,-8.2474890162314,https://www.gdacs.org/report.aspx?eventtype=WF&eventid=1029337
EONET_21177,Wildfire in Canada 1029377,Wildfires,2026-07-01T19:00:00Z,-78.183604075484,51.631142877009,https://www.gdacs.org/report.aspx?eventtype=WF&eventid=1029377
EONET_21178,Wildfire in Australia 1029384,Wildfires,2026-07-01T19:00:00Z,133.41996969116,-13.169764642305,https://www.gdacs.org/report.aspx?eventtype=WF&eventid=1029384
EONET_21218,Wildfire in The Democratic Republic of Congo 1029399,Wildfires,2026-07-01T19:00:00Z,18.677609174233,-7.052837655739,https://www.gdacs.org/report.aspx?eventtype=WF&eventid=1029399
EONET_21219,"Wildfire in The Democratic Republic of Congo, Zambia 1029400",Wildfires,2026-07-01T19:00:00Z,24.738502595411,-11.278673552964,https://www.gdacs.org/report.aspx?eventtype=WF&eventid=1029400
EONET_21220,Wildfire in Canada 1029425,Wildfires,2026-07-01T19:00:00Z,-119.6818557714,63.635614662099,https://www.gdacs.org/report.aspx?eventtype=WF&eventid=1029425
EONET_21221,Wildfire in Canada 1029411,Wildfires,2026-07-01T19:00:00Z,-78.189922626377,51.618265022463,https://www.gdacs.org/report.aspx?eventtype=WF&eventid=1029411
EONET_21267,Wildfire in Angola 1029436,Wildfires,2026-07-01T19:00:00Z,17.124206576611,-8.3428696204397,https://www.gdacs.org/report.aspx?eventtype=WF&eventid=1029436
EONET_21290,Wildfire in Russian Federation 1029446,Wildfires,2026-07-01T19:00:00Z,90.417066393835,59.386054796932,https://www.gdacs.org/report.aspx?eventtype=WF&eventid=1029446
EONET_21291,Wildfire in Canada 1029457,Wildfires,2026-07-01T19:00:00Z,-78.468653002419,50.522190981993,https://www.gdacs.org/report.aspx?eventtype=WF&eventid=1029457
EONET_21292,Wildfire in Canada 1029458,Wildfires,2026-07-01T19:00:00Z,-117.57112558828,65.723420212693,https://www.gdacs.org/report.aspx?eventtype=WF&eventid=1029458
EONET_21293,Wildfire in Angola 1029453,Wildfires,2026-07-01T19:00:00Z,15.046294332351,-10.351749454249,https://www.gdacs.org/report.aspx?eventtype=WF&eventid=1029453
EONET_21356,Wildfire in Canada 1029488,Wildfires,2026-07-01T19:00:00Z,-117.34512959143,66.381290306691,https://www.gdacs.org/report.aspx?eventtype=WF&eventid=1029488
EONET_20878,Tropical Storm Douglas,Severe Storms,2026-07-01T18:00:00Z,-126.9,15.5,https://www.metoc.navy.mil/jtwc/products/ep0426.tcw
EONET_20878,Tropical Storm Douglas,Severe Storms,2026-07-02T00:00:00Z,-127.0,16.2,https://www.metoc.navy.mil/jtwc/products/ep0426.tcw
EONET_20878,Tropical Storm Douglas,Severe Storms,2026-07-02T06:00:00Z,-127.1,16.7,https://www.metoc.navy.mil/jtwc/products/ep0426.tcw
EONET_20878,Tropical Storm Douglas,Severe Storms,2026-07-02T12:00:00Z,-127.1,17.1,https://www.metoc.navy.mil/jtwc/products/ep0426.tcw
EONET_20878,Tropical Storm Douglas,Severe Storms,2026-07-02T18:00:00Z,-127.3,17.7,https://www.metoc.navy.mil/jtwc/products/ep0426.tcw
EONET_20878,Tropical Storm Douglas,Severe Storms,2026-07-03T00:00:00Z,-127.5,18.5,https://www.metoc.navy.mil/jtwc/products/ep0426.tcw
EONET_20878,Tropical Storm Douglas,Severe Storms,2026-07-03T06:00:00Z,-128.0,19.1,https://www.metoc.navy.mil/jtwc/products/ep0426.tcw
EONET_21057,"Wildfire BUTTERFIELD SPRING, Malheur, Oregon",Wildfires,2026-07-01T16:13:00Z,-117.077351,44.124394,https://irwin.doi.gov/observer/incidents/2026-ORVAD-260120
EONET_21058,"Wildfire POINT, Santa Clara, California",Wildfires,2026-07-01T12:09:00Z,-121.213209,37.06813,https://irwin.doi.gov/observer/incidents/2026-CAMMU-013212
EONET_20877,Super Typhoon Bavi,Severe Storms,2026-07-01T12:00:00Z,162.4,9.7,https://www.metoc.navy.mil/jtwc/products/wp0926.tcw
EONET_20877,Super Typhoon Bavi,Severe Storms,2026-07-01T18:00:00Z,161.4,10.4,https://www.metoc.navy.mil/jtwc/products/wp0926.tcw
EONET_20877,Super Typhoon Bavi,Severe Storms,2026-07-02T00:00:00Z,160.2,11.1,https://www.metoc.navy.mil/jtwc/products/wp0926.tcw
EONET_20877,Super Typhoon Bavi,Severe Storms,2026-07-02T06:00:00Z,159.0,11.8,https://www.metoc.navy.mil/jtwc/products/wp0926.tcw
EONET_20877,Super Typhoon Bavi,Severe Storms,2026-07-02T12:00:00Z,158.0,12.3,https://www.metoc.navy.mil/jtwc/products/wp0926.tcw
EONET_20877,Super Typhoon Bavi,Severe Storms,2026-07-02T18:00:00Z,156.6,12.6,https://www.metoc.navy.mil/jtwc/products/wp0926.tcw
EONET_20877,Super Typhoon Bavi,Severe Storms,2026-07-03T00:00:00Z,155.3,12.7,https://www.metoc.navy.mil/jtwc/products/wp0926.tcw
EONET_20877,Super Typhoon Bavi,Severe Storms,2026-07-03T06:00:00Z,154.2,12.9,https://www.metoc.navy.mil/jtwc/products/wp0926.tcw
EONET_20877,Super Typhoon Bavi,Severe Storms,2026-07-03T12:00:00Z,153.1,12.8,https://www.metoc.navy.mil/jtwc/products/wp0926.tcw
EONET_20877,Super Typhoon Bavi,Severe Storms,2026-07-03T18:00:00Z,152.2,12.7,https://www.metoc.navy.mil/jtwc/products/wp0926.tcw
EONET_20877,Super Typhoon Bavi,Severe Storms,2026-07-04T00:00:00Z,151.5,12.5,https://www.metoc.navy.mil/jtwc/products/wp0926.tcw
EONET_20877,Super Typhoon Bavi,Severe Storms,2026-07-04T06:00:00Z,150.8,12.5,https://www.metoc.navy.mil/jtwc/products/wp0926.tcw
EONET_20877,Super Typhoon Bavi,Severe Storms,2026-07-04T12:00:00Z,150.2,12.7,https://www.metoc.navy.mil/jtwc/products/wp0926.tcw
EONET_20877,Super Typhoon Bavi,Severe Storms,2026-07-04T18:00:00Z,149.6,12.7,https://www.metoc.navy.mil/jtwc/products/wp0926.tcw
EONET_20877,Super Typhoon Bavi,Severe Storms,2026-07-05T00:00:00Z,148.9,12.9,https://www.metoc.navy.mil/jtwc/products/wp0926.tcw
EONET_20877,Super Typhoon Bavi,Severe Storms,2026-07-05T06:00:00Z,148.1,13.4,https://www.metoc.navy.mil/jtwc/products/wp0926.tcw
EONET_20877,Super Typhoon Bavi,Severe Storms,2026-07-05T12:00:00Z,146.9,13.7,https://www.metoc.navy.mil/jtwc/products/wp0926.tcw
EONET_20877,Super Typhoon Bavi,Severe Storms,2026-07-05T18:00:00Z,146.1,14.0,https://www.metoc.navy.mil/jtwc/products/wp0926.tcw
EONET_20877,Super Typhoon Bavi,Severe Storms,2026-07-06T00:00:00Z,145.0,14.3,https://www.metoc.navy.mil/jtwc/products/wp0926.tcw
EONET_20877,Super Typhoon Bavi,Severe Storms,2026-07-06T06:00:00Z,144.0,14.9,https://www.metoc.navy.mil/jtwc/products/wp0926.tcw
EONET_20877,Super Typhoon Bavi,Severe Storms,2026-07-06T12:00:00Z,142.7,15.4,https://www.metoc.navy.mil/jtwc/products/wp0926.tcw
EONET_20877,Super Typhoon Bavi,Severe Storms,2026-07-06T18:00:00Z,141.1,15.9,https://www.metoc.navy.mil/jtwc/products/wp0926.tcw
EONET_20877,Super Typhoon Bavi,Severe Storms,2026-07-07T00:00:00Z,139.9,16.2,https://www.metoc.navy.mil/jtwc/products/wp0926.tcw
EONET_20877,Super Typhoon Bavi,Severe Storms,2026-07-07T06:00:00Z,138.4,16.5,https://www.metoc.navy.mil/jtwc/products/wp0926.tcw
EONET_20877,Super Typhoon Bavi,Severe Storms,2026-07-07T12:00:00Z,136.7,16.8,https://www.metoc.navy.mil/jtwc/products/wp0926.tcw
EONET_20877,Super Typhoon Bavi,Severe Storms,2026-07-07T18:00:00Z,135.3,16.8,https://www.metoc.navy.mil/jtwc/products/wp0926.tcw
EONET_20877,Super Typhoon Bavi,Severe Storms,2026-07-08T00:00:00Z,134.1,16.9,https://www.metoc.navy.mil/jtwc/products/wp0926.tcw
EONET_20877,Super Typhoon Bavi,Severe Storms,2026-07-08T06:00:00Z,133.0,16.9,https://www.metoc.navy.mil/jtwc/products/wp0926.tcw
EONET_20877,Super Typhoon Bavi,Severe Storms,2026-07-08T12:00:00Z,131.8,17.3,https://www.metoc.navy.mil/jtwc/products/wp0926.tcw
EONET_20877,Super Typhoon Bavi,Severe Storms,2026-07-08T18:00:00Z,130.8,17.6,https://www.metoc.navy.mil/jtwc/products/wp0926.tcw
EONET_20877,Super Typhoon Bavi,Severe Storms,2026-07-09T00:00:00Z,129.9,18.3,https://www.metoc.navy.mil/jtwc/products/wp0926.tcw
EONET_20877,Super Typhoon Bavi,Severe Storms,2026-07-09T06:00:00Z,129.0,18.7,https://www.metoc.navy.mil/jtwc/products/wp0926.tcw
EONET_20877,Super Typhoon Bavi,Severe Storms,2026-07-09T12:00:00Z,128.8,19.2,https://www.metoc.navy.mil/jtwc/products/wp0926.tcw
EONET_20877,Super Typhoon Bavi,Severe Storms,2026-07-09T18:00:00Z,128.2,20.1,https://www.metoc.navy.mil/jtwc/products/wp0926.tcw
EONET_20877,Super Typhoon Bavi,Severe Storms,2026-07-10T00:00:00Z,127.3,20.8,https://www.metoc.navy.mil/jtwc/products/wp0926.tcw
EONET_20877,Super Typhoon Bavi,Severe Storms,2026-07-10T06:00:00Z,126.9,21.9,https://www.metoc.navy.mil/jtwc/products/wp0926.tcw
EONET_20877,Super Typhoon Bavi,Severe Storms,2026-07-10T12:00:00Z,126.0,22.7,https://www.metoc.navy.mil/jtwc/products/wp0926.tcw
EONET_20877,Super Typhoon Bavi,Severe Storms,2026-07-10T18:00:00Z,125.2,23.8,https://www.metoc.navy.mil/jtwc/products/wp0926.tcw
EONET_20877,Super Typhoon Bavi,Severe Storms,2026-07-11T00:00:00Z,124.6,25.0,https://www.metoc.navy.mil/jtwc/products/wp0926.tcw
EONET_20877,Super Typhoon Bavi,Severe Storms,2026-07-11T06:00:00Z,123.2,26.6,https://www.metoc.navy.mil/jtwc/products/wp0926.tcw
EONET_20877,Super Typhoon Bavi,Severe Storms,2026-07-11T12:00:00Z,121.8,27.6,https://www.metoc.navy.mil/jtwc/products/wp0926.tcw
EONET_20877,Super Typhoon Bavi,Severe Storms,2026-07-11T18:00:00Z,120.4,28.7,https://www.metoc.navy.mil/jtwc/products/wp0926.tcw
EONET_20999,"Wildfire Siruk, Yukon-Koyukuk, Alaska",Wildfires,2026-07-01T00:11:00Z,-153.440667,66.690333,https://irwin.doi.gov/observer/incidents/2026-AKTAD-000340
EONET_20879,Flood in Slovakia 1103998,Floods,2026-06-30T20:00:00Z,17.7221491,48.28845,https://www.gdacs.org/report.aspx?eventtype=FL&eventid=1103998
EONET_20880,Flood in Thailand 1103996,Floods,2026-06-30T20:00:00Z,98.918584,8.0617339,https://www.gdacs.org/report.aspx?eventtype=FL&eventid=1103996
EONET_20881,Flood in Nigeria 1103997,Floods,2026-06-30T20:00:00Z,3.3941795,6.4550575,https://www.gdacs.org/report.aspx?eventtype=FL&eventid=1103997
EONET_20897,Flood in Peru 1104000,Floods,2026-06-30T20:00:00Z,-76.3777409,-10.7195033,https://www.gdacs.org/report.aspx?eventtype=FL&eventid=1104000
EONET_20997,Flood in Australia 1104005,Floods,2026-06-30T20:00:00Z,,,https://www.gdacs.org/report.aspx?eventtype=FL&eventid=1104005
EONET_20998,Flood in Kyrgyzstan 1104004,Floods,2026-06-30T20:00:00Z,,,https://www.gdacs.org/report.aspx?eventtype=FL&eventid=1104004
EONET_20883,Wildfire in Angola 1029229,Wildfires,2026-06-30T19:00:00Z,20.210612409383792,-8.277766918477814,https://www.gdacs.org/report.aspx?eventtype=WF&eventid=1029229
EONET_20902,Wildfire in Botswana 1029243,Wildfires,2026-06-30T19:00:00Z,25.05988802646389,-17.996734495835195,https://www.gdacs.org/report.aspx?eventtype=WF&eventid=1029243
EONET_20935,Wildfire in Tanzania 1029268,Wildfires,2026-06-30T19:00:00Z,34.61333248100981,-2.9602519526976407,https://www.gdacs.org/report.aspx?eventtype=WF&eventid=1029268
EONET_20936,"Wildfire in Angola, The Democratic Republic of Congo 1029272",Wildfires,2026-06-30T19:00:00Z,19.770246588521665,-7.01873073839854,https://www.gdacs.org/report.aspx?eventtype=WF&eventid=1029272
EONET_20937,Wildfire in The Democratic Republic of Congo 1029273,Wildfires,2026-06-30T19:00:00Z,18.609053258116788,-6.988800965258946,https://www.gdacs.org/report.aspx?eventtype=WF&eventid=1029273
EONET_20938,Wildfire in Australia 1029292,Wildfires,2026-06-30T19:00:00Z,133.69867644812413,-12.388287113228348,https://www.gdacs.org/report.aspx?eventtype=WF&eventid=1029292
EONET_20939,Wildfire in Brazil 1029293,Wildfires,2026-06-30T19:00:00Z,-44.519949470717584,-12.755836004748614,https://www.gdacs.org/report.aspx?eventtype=WF&eventid=1029293
EONET_20940,Wildfire in Australia 1029294,Wildfires,2026-06-30T19:00:00Z,137.85949561195892,-17.784091343406573,https://www.gdacs.org/report.aspx?eventtype=WF&eventid=1029294
EONET_20966,Wildfire in The Democratic Republic of Congo 1029302,Wildfires,2026-06-30T19:00:00Z,18.78543978196113,-7.252279153281658,https://www.gdacs.org/report.aspx?eventtype=WF&eventid=1029302
EONET_21149,Wildfire in Zambia 1029338,Wildfires,2026-06-30T19:00:00Z,32.296045857459,-9.4836632299771,https://www.gdacs.org/report.aspx?eventtype=WF&eventid=1029338
EONET_21179,Wildfire in Angola 1029365,Wildfires,2026-06-30T19:00:00Z,17.358121983359,-9.2396216472409,https://www.gdacs.org/report.aspx?eventtype=WF&eventid=1029365
EONET_21222,Wildfire in The Democratic Republic of Congo 1029401,Wildfires,2026-06-30T19:00:00Z,18.37882331321,-7.3001993028691,https://www.gdacs.org/report.aspx?eventtype=WF&eventid=1029401
EONET_21268,Wildfire in The Democratic Republic of Congo 1029437,Wildfires,2026-06-30T19:00:00Z,18.51617211385,-7.0358035916556,https://www.gdacs.org/report.aspx?eventtype=WF&eventid=1029437
EONET_21294,Wildfire in Angola 1029454,Wildfires,2026-06-30T19:00:00Z,17.704742462193,-11.469650126355,https://www.gdacs.org/report.aspx?eventtype=WF&eventid=1029454
EONET_21295,Wildfire in Australia 1029465,Wildfires,2026-06-30T19:00:00Z,135.54908259121,-12.330100467871,https://www.gdacs.org/report.aspx?eventtype=WF&eventid=1029465
EONET_21357,Wildfire in Australia 1029494,Wildfires,2026-06-30T19:00:00Z,143.63671045078,-14.320812949243,https://www.gdacs.org/report.aspx?eventtype=WF&eventid=1029494
EONET_21043,"Wildfire Black Bird Ranch (14), DeSoto, Florida",Wildfires,2026-06-30T14:26:00Z,-81.6786111,27.1283333,https://irwin.doi.gov/observer/incidents/2026-FLFLS-261500472
EONET_21067,"Wildfire ATLANTIC (06), Broward, Florida",Wildfires,2026-06-29T20:42:00Z,-80.3108333,26.2161111,https://irwin.doi.gov/observer/incidents/2026-FLFLS-261800100
EONET_21046,"Wildfire Sheep Head, Huerfano, Colorado",Wildfires,2026-06-29T20:40:00Z,-105.136974,37.699535,https://irwin.doi.gov/observer/incidents/2026-COHUX-001163
EONET_20903,Wildfire in The Democratic Republic of Congo 1029244,Wildfires,2026-06-29T19:00:00Z,18.865964795261945,-7.781657065823887,https://www.gdacs.org/report.aspx?eventtype=WF&eventid=1029244
EONET_20941,Wildfire in Australia 1029295,Wildfires,2026-06-29T19:00:00Z,142.30872516882488,-14.599660142730068,https://www.gdacs.org/report.aspx?eventtype=WF&eventid=1029295
EONET_20942,Wildfire in Papua New Guinea 1029296,Wildfires,2026-06-29T19:00:00Z,145.6722666001889,-5.881033191135722,https://www.gdacs.org/report.aspx?eventtype=WF&eventid=1029296
EONET_20943,Wildfire in Zambia 1029274,Wildfires,2026-06-29T19:00:00Z,26.021711871524683,-14.403860130000043,https://www.gdacs.org/report.aspx?eventtype=WF&eventid=1029274
EONET_20967,Wildfire in Tanzania 1029303,Wildfires,2026-06-29T19:00:00Z,33.898583329826,-9.048494615349409,https://www.gdacs.org/report.aspx?eventtype=WF&eventid=1029303
EONET_20968,Wildfire in Canada 1029312,Wildfires,2026-06-29T19:00:00Z,-95.21276826611766,56.94495479417053,https://www.gdacs.org/report.aspx?eventtype=WF&eventid=1029312
EONET_20989,Wildfire in The Democratic Republic of Congo 1029322,Wildfires,2026-06-29T19:00:00Z,24.826077704753867,-3.9728981159534897,https://www.gdacs.org/report.aspx?eventtype=WF&eventid=1029322
EONET_21150,Wildfire in The Democratic Republic of Congo 1029339,Wildfires,2026-06-29T19:00:00Z,18.33372990084,-7.1428326995767,https://www.gdacs.org/report.aspx?eventtype=WF&eventid=1029339
EONET_21151,"Wildfire in The Democratic Republic of Congo, Angola 1029341",Wildfires,2026-06-29T19:00:00Z,19.43612682092,-7.5490230646212,https://www.gdacs.org/report.aspx?eventtype=WF&eventid=1029341
EONET_21152,Wildfire in The Democratic Republic of Congo 1029340,Wildfires,2026-06-29T19:00:00Z,18.505587062337,-7.5893085956008,https://www.gdacs.org/report.aspx?eventtype=WF&eventid=1029340
EONET_21180,Wildfire in Canada 1029378,Wildfires,2026-06-29T19:00:00Z,-66.564814368113,56.945223328083,https://www.gdacs.org/report.aspx?eventtype=WF&eventid=1029378
EONET_21181,Wildfire in Russian Federation 1029379,Wildfires,2026-06-29T19:00:00Z,127.99206376631,64.998042257317,https://www.gdacs.org/report.aspx?eventtype=WF&eventid=1029379
EONET_21182,Wildfire in The Democratic Republic of Congo 1029366,Wildfires,2026-06-29T19:00:00Z,26.477707195062,-6.0293736541778,https://www.gdacs.org/report.aspx?eventtype=WF&eventid=1029366
EONET_21183,Wildfire in The Democratic Republic of Congo 1029367,Wildfires,2026-06-29T19:00:00Z,18.412793133152,-7.4684349660329,https://www.gdacs.org/report.aspx?eventtype=WF&eventid=1029367
EONET_21223,Wildfire in Angola 1029402,Wildfires,2026-06-29T19:00:00Z,20.094978085275,-7.4732015003187,https://www.gdacs.org/report.aspx?eventtype=WF&eventid=1029402
EONET_21296,Wildfire in The Democratic Republic of Congo 1029455,Wildfires,2026-06-29T19:00:00Z,24.41163943608,-3.9837591874139,https://www.gdacs.org/report.aspx?eventtype=WF&eventid=1029455
EONET_21358,Wildfire in Canada 1029495,Wildfires,2026-06-29T19:00:00Z,-91.37827342062,48.57853340579,https://www.gdacs.org/report.aspx?eventtype=WF&eventid=1029495
EONET_21053,"Wildfire Log Road, Sioux, Nebraska",Wildfires,2026-06-29T17:50:00Z,-103.637694,42.765917,https://irwin.doi.gov/observer/incidents/2026-NENES-260581
EONET_21084,"Wildfire HELLS BAY (48), Orange, Florida",Wildfires,2026-06-29T15:11:00Z,-81.0536111,28.3491667,https://irwin.doi.gov/observer/incidents/2026-FLFLS-261200409
EONET_21037,"Wildfire LAMBDIN, Walla Walla, Washington",Wildfires,2026-06-29T14:11:00Z,-118.872567,46.051583,https://irwin.doi.gov/observer/incidents/2026-WAMCR-260297
EONET_21019,"Wildfire Aspen Acres, Custer, Colorado",Wildfires,2026-06-29T10:21:00Z,-105.071268,38.019315,https://irwin.doi.gov/observer/incidents/2026-COCUX-001160
EONET_21085,"Prescribed Fire RX Brewster 5525, Brewster, Texas",Wildfires,2026-06-29T09:04:00Z,-103.00642,30.35554,https://irwin.doi.gov/observer/incidents/2026-TXTXS-265526
EONET_20858,Flood in Italy 1103980,Floods,2026-06-28T20:00:00Z,7.923549,45.060735,https://www.gdacs.org/report.aspx?eventtype=FL&eventid=1103980
EONET_20898,Flood in Paraguay 1103999,Floods,2026-06-28T20:00:00Z,-57.1252096,-26.408432,https://www.gdacs.org/report.aspx?eventtype=FL&eventid=1103999
EONET_21079,"Wildfire ROMERO, Modoc, California",Wildfires,2026-06-28T19:46:00Z,-120.503409,41.285504,https://irwin.doi.gov/observer/incidents/2026-CANOD-003963
EONET_20826,"Wildfire in The Democratic Republic of Congo, Angola 1029186",Wildfires,2026-06-28T19:00:00Z,19.689573343497422,-6.9589572996696045,https://www.gdacs.org/report.aspx?eventtype=WF&eventid=1029186
EONET_20827,Wildfire in The Democratic Republic of Congo 1029187,Wildfires,2026-06-28T19:00:00Z,18.736430417814105,-7.721537254806408,https://www.gdacs.org/report.aspx?eventtype=WF&eventid=1029187
EONET_20828,Wildfire in Australia 1029208,Wildfires,2026-06-28T19:00:00Z,134.81278378488722,-14.305358692759839,https://www.gdacs.org/report.aspx?eventtype=WF&eventid=1029208
EONET_20829,Wildfire in United States 1029196,Wildfires,2026-06-28T19:00:00Z,-105.00799497824691,38.03427678171815,https://www.gdacs.org/report.aspx?eventtype=WF&eventid=1029196
EONET_20884,Wildfire in Botswana 1029230,Wildfires,2026-06-28T19:00:00Z,25.353597377514298,-18.350474927998352,https://www.gdacs.org/report.aspx?eventtype=WF&eventid=1029230
EONET_20904,Wildfire in Angola 1029245,Wildfires,2026-06-28T19:00:00Z,21.44019407726592,-9.017564322074621,https://www.gdacs.org/report.aspx?eventtype=WF&eventid=1029245
EONET_20944,Wildfire in The Democratic Republic of Congo 1029276,Wildfires,2026-06-28T19:00:00Z,26.26845069219911,-9.609372758604541,https://www.gdacs.org/report.aspx?eventtype=WF&eventid=1029276
EONET_20945,Wildfire in Canada 1029281,Wildfires,2026-06-28T19:00:00Z,-100.24977143424614,57.86792070063596,https://www.gdacs.org/report.aspx?eventtype=WF&eventid=1029281
EONET_20946,Wildfire in Canada 1029297,Wildfires,2026-06-28T19:00:00Z,-98.42518409844206,59.18105230623768,https://www.gdacs.org/report.aspx?eventtype=WF&eventid=1029297
EONET_20947,Wildfire in The Democratic Republic of Congo 1029275,Wildfires,2026-06-28T19:00:00Z,18.43804823999105,-6.852150996820509,https://www.gdacs.org/report.aspx?eventtype=WF&eventid=1029275
EONET_20969,Wildfire in Canada 1029304,Wildfires,2026-06-28T19:00:00Z,-101.10304362359342,57.54471629374121,https://www.gdacs.org/report.aspx?eventtype=WF&eventid=1029304
EONET_20970,Wildfire in The Democratic Republic of Congo 1029305,Wildfires,2026-06-28T19:00:00Z,18.309403177994408,-6.928979774749573,https://www.gdacs.org/report.aspx?eventtype=WF&eventid=1029305
EONET_20990,Wildfire in The Democratic Republic of Congo 1029323,Wildfires,2026-06-28T19:00:00Z,17.371450536220028,-5.194397802503665,https://www.gdacs.org/report.aspx?eventtype=WF&eventid=1029323
EONET_21153,Wildfire in The Democratic Republic of Congo 1029342,Wildfires,2026-06-28T19:00:00Z,18.430786577224,-7.050374298353,https://www.gdacs.org/report.aspx?eventtype=WF&eventid=1029342
EONET_21154,Wildfire in Angola 1029343,Wildfires,2026-06-28T19:00:00Z,16.818589041387,-10.739870996574,https://www.gdacs.org/report.aspx?eventtype=WF&eventid=1029343
EONET_21184,Wildfire in The Democratic Republic of Congo 1029360,Wildfires,2026-06-28T19:00:00Z,18.529323149174,-6.6901420517534,https://www.gdacs.org/report.aspx?eventtype=WF&eventid=1029360
EONET_21185,Wildfire in Angola 1029380,Wildfires,2026-06-28T19:00:00Z,21.621379398382,-9.208436446441,https://www.gdacs.org/report.aspx?eventtype=WF&eventid=1029380
EONET_21224,Wildfire in Canada 1029412,Wildfires,2026-06-28T19:00:00Z,-117.45065311431,65.194498755899,https://www.gdacs.org/report.aspx?eventtype=WF&eventid=1029412
EONET_21225,Wildfire in The Democratic Republic of Congo 1029403,Wildfires,2026-06-28T19:00:00Z,18.624273705995,-7.8087369594816,https://www.gdacs.org/report.aspx?eventtype=WF&eventid=1029403
EONET_21226,Wildfire in Angola 1029404,Wildfires,2026-06-28T19:00:00Z,17.853107983052,-10.789921848856,https://www.gdacs.org/report.aspx?eventtype=WF&eventid=1029404
EONET_21297,Wildfire in Australia 1029447,Wildfires,2026-06-28T19:00:00Z,137.06497159529,-35.762097357002,https://www.gdacs.org/report.aspx?eventtype=WF&eventid=1029447
EONET_21035,"Wildfire Willow, Lake, Colorado",Wildfires,2026-06-28T18:47:00Z,-106.44032,39.23358,https://irwin.doi.gov/observer/incidents/2026-COPSF-001153
EONET_21051,"Wildfire CARLTON EAST, Sarasota, Florida",Wildfires,2026-06-28T16:50:00Z,-82.3005556,27.15,https://irwin.doi.gov/observer/incidents/2026-FLFLS-261500453
EONET_20292,Flood in Türkiye 1103920,Floods,2026-06-27T20:00:00Z,36.4534072,37.2401223,https://www.gdacs.org/report.aspx?eventtype=FL&eventid=1103920
EONET_20859,Flood in Mexico 1103981,Floods,2026-06-27T20:00:00Z,-98.0,18.833333,https://www.gdacs.org/report.aspx?eventtype=FL&eventid=1103981
EONET_20860,Flood in Venezuela 1103982,Floods,2026-06-27T20:00:00Z,-69.7415288,9.0369521,https://www.gdacs.org/report.aspx?eventtype=FL&eventid=1103982
EONET_21059,"Wildfire Horse Head, San Juan, Utah",Wildfires,2026-06-27T19:56:00Z,-109.18345,37.71545,https://irwin.doi.gov/observer/incidents/2026-UTDRD-005117
EONET_21015,"Wildfire Gold Mountain, Ouray, Colorado",Wildfires,2026-06-27T19:53:00Z,-107.682124,38.051567,https://irwin.doi.gov/observer/incidents/2026-COGMF-000099
EONET_20759,Wildfire in United States 1029143,Wildfires,2026-06-27T19:00:00Z,-108.63596319435719,37.693866484137054,https://www.gdacs.org/report.aspx?eventtype=WF&eventid=1029143
EONET_20830,Wildfire in Canada 1029209,Wildfires,2026-06-27T19:00:00Z,-71.8829198411219,53.842884044619574,https://www.gdacs.org/report.aspx?eventtype=WF&eventid=1029209
EONET_20831,Wildfire in United States 1029197,Wildfires,2026-06-27T19:00:00Z,-107.64927636238792,38.08058936545356,https://www.gdacs.org/report.aspx?eventtype=WF&eventid=1029197
EONET_20862,Wildfire in Canada 1029224,Wildfires,2026-06-27T19:00:00Z,-102.8087504652889,58.22126792173019,https://www.gdacs.org/report.aspx?eventtype=WF&eventid=1029224
EONET_20885,Wildfire in Canada 1029234,Wildfires,2026-06-27T19:00:00Z,-108.58942331450193,60.46400258451255,https://www.gdacs.org/report.aspx?eventtype=WF&eventid=1029234
EONET_20886,Wildfire in Canada 1029235,Wildfires,2026-06-27T19:00:00Z,-78.92754838377228,49.973697890960615,https://www.gdacs.org/report.aspx?eventtype=WF&eventid=1029235
EONET_20905,Wildfire in Canada 1029252,Wildfires,2026-06-27T19:00:00Z,-97.3770134704988,57.232643252503635,https://www.gdacs.org/report.aspx?eventtype=WF&eventid=1029252
EONET_20906,Wildfire in Canada 1029262,Wildfires,2026-06-27T19:00:00Z,-97.05560809581841,58.31622253885826,https://www.gdacs.org/report.aspx?eventtype=WF&eventid=1029262
EONET_20907,Wildfire in Canada 1029263,Wildfires,2026-06-27T19:00:00Z,-109.97973104078491,60.71004517681177,https://www.gdacs.org/report.aspx?eventtype=WF&eventid=1029263
EONET_20908,Wildfire in Canada 1029253,Wildfires,2026-06-27T19:00:00Z,-61.16705343789003,53.74955426411679,https://www.gdacs.org/report.aspx?eventtype=WF&eventid=1029253
EONET_20948,Wildfire in Tanzania 1029269,Wildfires,2026-06-27T19:00:00Z,34.44458152083315,-2.7339811754194816,https://www.gdacs.org/report.aspx?eventtype=WF&eventid=1029269
EONET_20949,Wildfire in Canada 1029282,Wildfires,2026-06-27T19:00:00Z,-98.65749470479142,58.693947919848235,https://www.gdacs.org/report.aspx?eventtype=WF&eventid=1029282
EONET_20991,Wildfire in Canada 1029330,Wildfires,2026-06-27T19:00:00Z,-93.81652178936507,56.98611528154643,https://www.gdacs.org/report.aspx?eventtype=WF&eventid=1029330
EONET_21186,Wildfire in Zambia 1029368,Wildfires,2026-06-27T19:00:00Z,24.740619455593,-13.189158044927,https://www.gdacs.org/report.aspx?eventtype=WF&eventid=1029368
EONET_21269,Wildfire in Angola 1029438,Wildfires,2026-06-27T19:00:00Z,20.864602398885,-9.3763379444349,https://www.gdacs.org/report.aspx?eventtype=WF&eventid=1029438
EONET_21001,"Wildfire Ferris, Montezuma, Colorado",Wildfires,2026-06-27T18:39:00Z,-108.67098,37.629229,https://irwin.doi.gov/observer/incidents/2026-COSJF-000536
EONET_21071,"Wildfire IRON, Riverside, California",Wildfires,2026-06-27T17:24:00Z,-117.128829,33.939174,https://irwin.doi.gov/observer/incidents/2026-CARRU-103569
EONET_21017,"Wildfire Doe Canyon, Dolores, Colorado",Wildfires,2026-06-27T15:03:00Z,-108.688017,37.711183,https://irwin.doi.gov/observer/incidents/2026-COSJF-000532
EONET_21061,"Wildfire Jones, Grand, Utah",Wildfires,2026-06-27T11:08:00Z,-109.073833,39.071217,https://irwin.doi.gov/observer/incidents/2026-COGRD-260191
EONET_21027,"Wildfire Snyder, Grand, Utah",Wildfires,2026-06-27T09:56:00Z,-109.058533,39.007876,https://irwin.doi.gov/observer/incidents/2026-UTDRD-005113
EONET_20823,Flood in Netherlands 1103978,Floods,2026-06-26T20:00:00Z,4.9202409,52.2325145,https://www.gdacs.org/report.aspx?eventtype=FL&eventid=1103978
EONET_20824,Flood in Islamic Republic of Iran 1103976,Floods,2026-06-26T20:00:00Z,47.6764836,38.3979293,https://www.gdacs.org/report.aspx?eventtype=FL&eventid=1103976
EONET_20861,Flood in Georgia 1103979,Floods,2026-06-26T20:00:00Z,42.1359434,43.1939185,https://www.gdacs.org/report.aspx?eventtype=FL&eventid=1103979
EONET_21045,"Wildfire Cecil, Yukon-Koyukuk, Alaska",Wildfires,2026-06-26T19:48:00Z,-155.154033,64.73125,https://irwin.doi.gov/observer/incidents/2026-AKTAD-000315
EONET_20737,Wildfire in United States 1029113,Wildfires,2026-06-26T19:00:00Z,-112.11264256950045,39.12308583330315,https://www.gdacs.org/report.aspx?eventtype=WF&eventid=1029113
EONET_20760,Wildfire in United States 1029144,Wildfires,2026-06-26T19:00:00Z,-109.02374881847288,39.05620601955452,https://www.gdacs.org/report.aspx?eventtype=WF&eventid=1029144
EONET_20761,Wildfire in United States 1029145,Wildfires,2026-06-26T19:00:00Z,-109.76740308687292,37.804288609206054,https://www.gdacs.org/report.aspx?eventtype=WF&eventid=1029145
EONET_20797,Wildfire in Canada 1029156,Wildfires,2026-06-26T19:00:00Z,-123.55880346094244,63.392431081302014,https://www.gdacs.org/report.aspx?eventtype=WF&eventid=1029156
EONET_20798,Wildfire in Canada 1029175,Wildfires,2026-06-26T19:00:00Z,-61.61559019005209,55.39995428064012,https://www.gdacs.org/report.aspx?eventtype=WF&eventid=1029175
EONET_20799,Wildfire in Canada 1029176,Wildfires,2026-06-26T19:00:00Z,-69.68711848787817,52.28332834214709,https://www.gdacs.org/report.aspx?eventtype=WF&eventid=1029176
EONET_20832,Wildfire in Canada 1029181,Wildfires,2026-06-26T19:00:00Z,-121.51509627133092,61.81763248684577,https://www.gdacs.org/report.aspx?eventtype=WF&eventid=1029181
EONET_20833,Wildfire in Canada 1029198,Wildfires,2026-06-26T19:00:00Z,-114.61892003763938,59.40692461665107,https://www.gdacs.org/report.aspx?eventtype=WF&eventid=1029198
EONET_20834,Wildfire in Canada 1029199,Wildfires,2026-06-26T19:00:00Z,-99.14638758709883,56.70090553065681,https://www.gdacs.org/report.aspx?eventtype=WF&eventid=1029199
EONET_20835,Wildfire in Canada 1029188,Wildfires,2026-06-26T19:00:00Z,-62.63901679033579,54.13246873029031,https://www.gdacs.org/report.aspx?eventtype=WF&eventid=1029188
EONET_20863,Wildfire in Canada 1029225,Wildfires,2026-06-26T19:00:00Z,-97.05823040331026,57.88310447827637,https://www.gdacs.org/report.aspx?eventtype=WF&eventid=1029225
EONET_20864,Wildfire in Sudan 1029214,Wildfires,2026-06-26T19:00:00Z,33.06689882794203,8.339735668283568,https://www.gdacs.org/report.aspx?eventtype=WF&eventid=1029214
EONET_20865,Wildfire in The Democratic Republic of Congo 1029215,Wildfires,2026-06-26T19:00:00Z,25.741454878089446,-5.007028214529881,https://www.gdacs.org/report.aspx?eventtype=WF&eventid=1029215
EONET_20887,Wildfire in Canada 1029237,Wildfires,2026-06-26T19:00:00Z,-101.54111119127371,56.84831590502918,https://www.gdacs.org/report.aspx?eventtype=WF&eventid=1029237
EONET_20888,Wildfire in Canada 1029236,Wildfires,2026-06-26T19:00:00Z,-110.26894936905302,60.414937586874636,https://www.gdacs.org/report.aspx?eventtype=WF&eventid=1029236
EONET_20889,Wildfire in Canada 1029241,Wildfires,2026-06-26T19:00:00Z,-103.24070480140654,57.922594203632734,https://www.gdacs.org/report.aspx?eventtype=WF&eventid=1029241
EONET_20909,Wildfire in Canada 1029264,Wildfires,2026-06-26T19:00:00Z,-109.73307740828871,63.11967819536069,https://www.gdacs.org/report.aspx?eventtype=WF&eventid=1029264
EONET_20910,Wildfire in Canada 1029265,Wildfires,2026-06-26T19:00:00Z,-102.93499450459807,56.35216230748563,https://www.gdacs.org/report.aspx?eventtype=WF&eventid=1029265
EONET_20911,Wildfire in Canada 1029254,Wildfires,2026-06-26T19:00:00Z,-101.44502785259508,57.72473845987174,https://www.gdacs.org/report.aspx?eventtype=WF&eventid=1029254
EONET_20912,Wildfire in Canada 1029256,Wildfires,2026-06-26T19:00:00Z,-97.93992130967148,58.02408606314871,https://www.gdacs.org/report.aspx?eventtype=WF&eventid=1029256
EONET_20971,Wildfire in Canada 1029313,Wildfires,2026-06-26T19:00:00Z,-101.70012419428083,60.32069741809525,https://www.gdacs.org/report.aspx?eventtype=WF&eventid=1029313
EONET_20972,Wildfire in Angola 1029306,Wildfires,2026-06-26T19:00:00Z,20.944983194413968,-8.517763489198028,https://www.gdacs.org/report.aspx?eventtype=WF&eventid=1029306
EONET_20973,Wildfire in Canada 1029314,Wildfires,2026-06-26T19:00:00Z,-97.64428735074563,58.27202168384491,https://www.gdacs.org/report.aspx?eventtype=WF&eventid=1029314
EONET_21155,Wildfire in Canada 1029350,Wildfires,2026-06-26T19:00:00Z,-66.99252311231,57.981009519198,https://www.gdacs.org/report.aspx?eventtype=WF&eventid=1029350
EONET_21070,"Wildfire STEAMBOAT, Gila, Arizona",Wildfires,2026-06-26T18:59:00Z,-110.865,33.148167,https://irwin.doi.gov/observer/incidents/2026-AZGID-000321
EONET_21030,"Wildfire Wild Goose, Millard, Utah",Wildfires,2026-06-26T18:24:00Z,-112.172072,39.106205,https://irwin.doi.gov/observer/incidents/2026-UTFIF-260220
EONET_21033,"Wildfire Babylon, San Juan, Utah",Wildfires,2026-06-26T17:54:00Z,-109.808667,37.734333,https://irwin.doi.gov/observer/incidents/2026-UTMLF-005112
EONET_21029,"Wildfire Beehive, Rio Arriba, New Mexico",Wildfires,2026-06-26T17:20:00Z,-106.1649,36.737348,https://irwin.doi.gov/observer/incidents/2026-NMCAF-000357
EONET_21063,"Wildfire PETERSON, Klickitat, Washington",Wildfires,2026-06-26T16:54:00Z,-119.940022,45.945754,https://irwin.doi.gov/observer/incidents/2026-WAKLCN-260280
EONET_21032,"Wildfire Dry Canyon, Lincoln, Nevada",Wildfires,2026-06-26T16:33:00Z,-114.1387,38.00545,https://irwin.doi.gov/observer/incidents/2026-NVELD-040141
EONET_21026,"Wildfire Cherry, Juab, Utah",Wildfires,2026-06-26T15:55:00Z,-112.3595,39.852883,https://irwin.doi.gov/observer/incidents/2026-UTWDD-260218
EONET_21064,"Wildfire Michigan, Yukon-Koyukuk, Alaska",Wildfires,2026-06-26T12:32:00Z,-151.22,67.320833,https://irwin.doi.gov/observer/incidents/2026-AKTAD-000309
EONET_21060,"Wildfire Allen, Yukon-Koyukuk, Alaska",Wildfires,2026-06-26T12:28:00Z,-151.853617,67.529167,https://irwin.doi.gov/observer/incidents/2026-AKTAD-000308
EONET_21075,"Wildfire EHREN CUTOFF (51), Pasco, Florida",Wildfires,2026-06-25T22:10:00Z,-82.4180556,28.3311111,https://irwin.doi.gov/observer/incidents/2026-FLFLS-261100489
EONET_21069,"Wildfire Doorstep, Yukon-Koyukuk, Alaska",Wildfires,2026-06-25T20:24:00Z,-150.391833,66.783333,https://irwin.doi.gov/observer/incidents/2026-AKUYD-000298
EONET_20825,Flood in Brazil 1103977,Floods,2026-06-25T20:00:00Z,-53.6421338,-27.6616073,https://www.gdacs.org/report.aspx?eventtype=FL&eventid=1103977
EONET_21081,"Wildfire Kumiva, Pershing, Nevada",Wildfires,2026-06-25T19:21:00Z,-119.201767,40.409217,https://irwin.doi.gov/observer/incidents/2026-NVWID-020305
EONET_20738,Wildfire in Australia 1029096,Wildfires,2026-06-25T19:00:00Z,138.82218751065454,-16.920300225234783,https://www.gdacs.org/report.aspx?eventtype=WF&eventid=1029096
EONET_20762,Wildfire in Canada 1029146,Wildfires,2026-06-25T19:00:00Z,-65.67758567072565,53.493246386106186,https://www.gdacs.org/report.aspx?eventtype=WF&eventid=1029146
EONET_20763,Wildfire in Canada 1029138,Wildfires,2026-06-25T19:00:00Z,-100.89071191088165,56.68907269877293,https://www.gdacs.org/report.aspx?eventtype=WF&eventid=1029138
EONET_20764,Wildfire in Australia 1029120,Wildfires,2026-06-25T19:00:00Z,141.89538629341746,-13.907798006563938,https://www.gdacs.org/report.aspx?eventtype=WF&eventid=1029120
EONET_20800,Wildfire in Canada 1029164,Wildfires,2026-06-25T19:00:00Z,-62.79075982915795,54.3408376014346,https://www.gdacs.org/report.aspx?eventtype=WF&eventid=1029164
EONET_20801,Wildfire in Canada 1029165,Wildfires,2026-06-25T19:00:00Z,-113.97935426967351,60.08829560480441,https://www.gdacs.org/report.aspx?eventtype=WF&eventid=1029165
EONET_20802,Wildfire in Canada 1029166,Wildfires,2026-06-25T19:00:00Z,-102.70632996886084,56.004567739828104,https://www.gdacs.org/report.aspx?eventtype=WF&eventid=1029166
EONET_20803,Wildfire in Canada 1029167,Wildfires,2026-06-25T19:00:00Z,-69.15309005740865,53.08511169553526,https://www.gdacs.org/report.aspx?eventtype=WF&eventid=1029167
EONET_20804,Wildfire in Canada 1029171,Wildfires,2026-06-25T19:00:00Z,-99.73882261657631,56.41613807044688,https://www.gdacs.org/report.aspx?eventtype=WF&eventid=1029171
EONET_20836,Wildfire in Tanzania 1029182,Wildfires,2026-06-25T19:00:00Z,34.36035400060436,-2.2844418886643783,https://www.gdacs.org/report.aspx?eventtype=WF&eventid=1029182
EONET_20837,Wildfire in Canada 1029183,Wildfires,2026-06-25T19:00:00Z,-103.46235587283331,55.49252558042101,https://www.gdacs.org/report.aspx?eventtype=WF&eventid=1029183
EONET_20838,Wildfire in Canada 1029200,Wildfires,2026-06-25T19:00:00Z,-113.398546640656,60.21607196111869,https://www.gdacs.org/report.aspx?eventtype=WF&eventid=1029200
EONET_20839,Wildfire in Canada 1029201,Wildfires,2026-06-25T19:00:00Z,-106.09044264630784,56.89022066273228,https://www.gdacs.org/report.aspx?eventtype=WF&eventid=1029201
EONET_20840,Wildfire in Canada 1029202,Wildfires,2026-06-25T19:00:00Z,-102.57901390889448,59.51535880295799,https://www.gdacs.org/report.aspx?eventtype=WF&eventid=1029202
EONET_20841,Wildfire in Canada 1029203,Wildfires,2026-06-25T19:00:00Z,-117.64703936689979,65.16096247036415,https://www.gdacs.org/report.aspx?eventtype=WF&eventid=1029203
EONET_20842,Wildfire in Canada 1029204,Wildfires,2026-06-25T19:00:00Z,-112.9011608783186,60.14898008120636,https://www.gdacs.org/report.aspx?eventtype=WF&eventid=1029204
EONET_20866,Wildfire in Canada 1029226,Wildfires,2026-06-25T19:00:00Z,-101.58359599947619,58.99123140972444,https://www.gdacs.org/report.aspx?eventtype=WF&eventid=1029226
EONET_20867,Wildfire in The Democratic Republic of Congo 1029216,Wildfires,2026-06-25T19:00:00Z,22.86078189561143,-7.825597864322511,https://www.gdacs.org/report.aspx?eventtype=WF&eventid=1029216
EONET_20890,Wildfire in Canada 1029228,Wildfires,2026-06-25T19:00:00Z,-103.39194562279425,57.3734615739991,https://www.gdacs.org/report.aspx?eventtype=WF&eventid=1029228
EONET_20891,Wildfire in Canada 1029233,Wildfires,2026-06-25T19:00:00Z,-79.05122483551196,50.105914519358265,https://www.gdacs.org/report.aspx?eventtype=WF&eventid=1029233
EONET_20892,Wildfire in Canada 1029238,Wildfires,2026-06-25T19:00:00Z,-78.95122995905719,50.885316450310825,https://www.gdacs.org/report.aspx?eventtype=WF&eventid=1029238
EONET_20893,Wildfire in Canada 1029239,Wildfires,2026-06-25T19:00:00Z,-100.01497858435296,59.3861798110735,https://www.gdacs.org/report.aspx?eventtype=WF&eventid=1029239
EONET_20913,Wildfire in Canada 1029257,Wildfires,2026-06-25T19:00:00Z,-101.03673016208147,58.72099712200141,https://www.gdacs.org/report.aspx?eventtype=WF&eventid=1029257
EONET_20914,Wildfire in Canada 1029258,Wildfires,2026-06-25T19:00:00Z,-117.15645335958116,65.57462432717293,https://www.gdacs.org/report.aspx?eventtype=WF&eventid=1029258
EONET_20915,Wildfire in Canada 1029255,Wildfires,2026-06-25T19:00:00Z,-102.66673048303261,59.308035819542404,https://www.gdacs.org/report.aspx?eventtype=WF&eventid=1029255
EONET_20916,Wildfire in Canada 1029266,Wildfires,2026-06-25T19:00:00Z,-103.05756334951927,56.11247925075964,https://www.gdacs.org/report.aspx?eventtype=WF&eventid=1029266
EONET_20917,Wildfire in Australia 1029267,Wildfires,2026-06-25T19:00:00Z,142.51824801107438,-13.10030705762607,https://www.gdacs.org/report.aspx?eventtype=WF&eventid=1029267
EONET_20950,Wildfire in The Democratic Republic of Congo 1029277,Wildfires,2026-06-25T19:00:00Z,24.51822541249453,-4.084320947756844,https://www.gdacs.org/report.aspx?eventtype=WF&eventid=1029277
EONET_20951,Wildfire in Canada 1029298,Wildfires,2026-06-25T19:00:00Z,-101.41931036403993,57.564160810170904,https://www.gdacs.org/report.aspx?eventtype=WF&eventid=1029298
EONET_20952,Wildfire in Canada 1029283,Wildfires,2026-06-25T19:00:00Z,-100.69199137268437,60.28100499176543,https://www.gdacs.org/report.aspx?eventtype=WF&eventid=1029283
EONET_20974,Wildfire in Canada 1029315,Wildfires,2026-06-25T19:00:00Z,-99.6151845389662,59.96740850696696,https://www.gdacs.org/report.aspx?eventtype=WF&eventid=1029315
EONET_20975,Wildfire in Canada 1029316,Wildfires,2026-06-25T19:00:00Z,-97.92629914486707,57.579495772562915,https://www.gdacs.org/report.aspx?eventtype=WF&eventid=1029316
EONET_20992,Wildfire in Russian Federation 1029321,Wildfires,2026-06-25T19:00:00Z,81.24393406358142,63.061368852594086,https://www.gdacs.org/report.aspx?eventtype=WF&eventid=1029321
EONET_20993,Wildfire in The Democratic Republic of Congo 1029324,Wildfires,2026-06-25T19:00:00Z,18.930648271832847,-7.18904979177264,https://www.gdacs.org/report.aspx?eventtype=WF&eventid=1029324
EONET_21156,Wildfire in The Democratic Republic of Congo 1029344,Wildfires,2026-06-25T19:00:00Z,27.02417425134,-6.7352649068634,https://www.gdacs.org/report.aspx?eventtype=WF&eventid=1029344
EONET_21157,Wildfire in Russian Federation 1029357,Wildfires,2026-06-25T19:00:00Z,83.050104527042,62.397915326213,https://www.gdacs.org/report.aspx?eventtype=WF&eventid=1029357
EONET_21227,Wildfire in Bolivia 1029413,Wildfires,2026-06-25T19:00:00Z,-59.565877075534,-16.390284314804,https://www.gdacs.org/report.aspx?eventtype=WF&eventid=1029413
EONET_21228,Wildfire in Australia 1029414,Wildfires,2026-06-25T19:00:00Z,132.58280537892,-11.275539395375,https://www.gdacs.org/report.aspx?eventtype=WF&eventid=1029414
EONET_21270,Wildfire in Angola 1029439,Wildfires,2026-06-25T19:00:00Z,18.3423683782,-9.6728741894032,https://www.gdacs.org/report.aspx?eventtype=WF&eventid=1029439
EONET_21036,"Wildfire Parsnip Peak, Lincoln, Nevada",Wildfires,2026-06-25T14:41:00Z,-114.293,38.083333,https://irwin.doi.gov/observer/incidents/2026-NVELD-040135
EONET_21056,"Wildfire Kilusiktok, Nome, Alaska",Wildfires,2026-06-25T12:23:00Z,-159.667333,65.332833,https://irwin.doi.gov/observer/incidents/2026-AKGAD-000296
EONET_20822,Iceberg D33D,Sea and Lake Ice,2026-06-25T00:00:00Z,-55.51,-64.35,https://usicecenter.gov/pub/Iceberg_Tabular.csv
EONET_20822,Iceberg D33D,Sea and Lake Ice,2026-07-23T00:00:00Z,-55.47,-63.78,https://usicecenter.gov/pub/Iceberg_Tabular.csv
EONET_20882,Flood in Vietnam 1103992,Floods,2026-06-24T20:00:00Z,106.1060926,22.7426936,https://www.gdacs.org/report.aspx?eventtype=FL&eventid=1103992
EONET_20739,Wildfire in The Democratic Republic of Congo 1029112,Wildfires,2026-06-24T19:00:00Z,27.082105187840963,-8.748168183686138,https://www.gdacs.org/report.aspx?eventtype=WF&eventid=1029112
EONET_20740,Wildfire in Australia 1029114,Wildfires,2026-06-24T19:00:00Z,131.29109973541776,-13.056166071655744,https://www.gdacs.org/report.aspx?eventtype=WF&eventid=1029114
EONET_20765,Wildfire in The Democratic Republic of Congo 1029121,Wildfires,2026-06-24T19:00:00Z,26.442573085877232,-6.326821824359799,https://www.gdacs.org/report.aspx?eventtype=WF&eventid=1029121
EONET_20766,Wildfire in Canada 1029139,Wildfires,2026-06-24T19:00:00Z,-99.09136401479392,55.65646117030281,https://www.gdacs.org/report.aspx?eventtype=WF&eventid=1029139
EONET_20767,Wildfire in Canada 1029140,Wildfires,2026-06-24T19:00:00Z,-106.68014619366863,58.45472701036584,https://www.gdacs.org/report.aspx?eventtype=WF&eventid=1029140
EONET_20768,Wildfire in Canada 1029147,Wildfires,2026-06-24T19:00:00Z,-98.79264893786963,55.44590390348008,https://www.gdacs.org/report.aspx?eventtype=WF&eventid=1029147
EONET_20769,Wildfire in Australia 1029148,Wildfires,2026-06-24T19:00:00Z,137.12545992351193,-17.787203230678177,https://www.gdacs.org/report.aspx?eventtype=WF&eventid=1029148
EONET_20805,Wildfire in Tanzania 1029157,Wildfires,2026-06-24T19:00:00Z,31.314661346533086,-4.441224267039434,https://www.gdacs.org/report.aspx?eventtype=WF&eventid=1029157
EONET_20806,Wildfire in Canada 1029172,Wildfires,2026-06-24T19:00:00Z,-117.50760519851677,65.66101903632621,https://www.gdacs.org/report.aspx?eventtype=WF&eventid=1029172
EONET_20807,Wildfire in Canada 1029160,Wildfires,2026-06-24T19:00:00Z,-117.20632650944698,65.13835436625597,https://www.gdacs.org/report.aspx?eventtype=WF&eventid=1029160
EONET_20808,Wildfire in Canada 1029168,Wildfires,2026-06-24T19:00:00Z,-114.79977201611452,59.47621161297169,https://www.gdacs.org/report.aspx?eventtype=WF&eventid=1029168
EONET_20809,Wildfire in Canada 1029177,Wildfires,2026-06-24T19:00:00Z,-119.43730506202773,65.52172929147739,https://www.gdacs.org/report.aspx?eventtype=WF&eventid=1029177
EONET_20843,Wildfire in Canada 1029205,Wildfires,2026-06-24T19:00:00Z,-102.92737507482735,59.43371806657526,https://www.gdacs.org/report.aspx?eventtype=WF&eventid=1029205
EONET_20844,Wildfire in Canada 1029210,Wildfires,2026-06-24T19:00:00Z,-101.97864306830942,58.12875564948522,https://www.gdacs.org/report.aspx?eventtype=WF&eventid=1029210
EONET_20845,Wildfire in Canada 1029211,Wildfires,2026-06-24T19:00:00Z,-103.77529554391222,58.73359981042132,https://www.gdacs.org/report.aspx?eventtype=WF&eventid=1029211
EONET_20868,Wildfire in Tanzania 1029217,Wildfires,2026-06-24T19:00:00Z,35.04493215101438,-2.483207313448213,https://www.gdacs.org/report.aspx?eventtype=WF&eventid=1029217
EONET_20869,Wildfire in Canada 1029213,Wildfires,2026-06-24T19:00:00Z,-115.5107104666898,64.78463449725213,https://www.gdacs.org/report.aspx?eventtype=WF&eventid=1029213
EONET_20870,Wildfire in Canada 1029227,Wildfires,2026-06-24T19:00:00Z,-67.88607685735688,56.34762299375651,https://www.gdacs.org/report.aspx?eventtype=WF&eventid=1029227
EONET_20871,Wildfire in The Democratic Republic of Congo 1029218,Wildfires,2026-06-24T19:00:00Z,16.20254582587479,-4.865998982035415,https://www.gdacs.org/report.aspx?eventtype=WF&eventid=1029218
EONET_20918,Wildfire in Angola 1029246,Wildfires,2026-06-24T19:00:00Z,20.796578462570732,-8.976423439975319,https://www.gdacs.org/report.aspx?eventtype=WF&eventid=1029246
EONET_20919,Wildfire in Canada 1029242,Wildfires,2026-06-24T19:00:00Z,-103.76303974081009,58.91439500535924,https://www.gdacs.org/report.aspx?eventtype=WF&eventid=1029242
EONET_20920,Wildfire in Russian Federation 1029247,Wildfires,2026-06-24T19:00:00Z,86.56659638798551,62.5141200014834,https://www.gdacs.org/report.aspx?eventtype=WF&eventid=1029247
EONET_20953,Wildfire in Canada 1029284,Wildfires,2026-06-24T19:00:00Z,-99.25463706611161,58.087417817728976,https://www.gdacs.org/report.aspx?eventtype=WF&eventid=1029284
EONET_20976,Wildfire in Angola 1029307,Wildfires,2026-06-24T19:00:00Z,18.46104428714652,-9.891520324680057,https://www.gdacs.org/report.aspx?eventtype=WF&eventid=1029307
EONET_20994,Wildfire in The Democratic Republic of Congo 1029325,Wildfires,2026-06-24T19:00:00Z,20.006481655800567,-6.765425173569405,https://www.gdacs.org/report.aspx?eventtype=WF&eventid=1029325
EONET_21158,Wildfire in The Democratic Republic of Congo 1029345,Wildfires,2026-06-24T19:00:00Z,28.732289571401,-7.9308934980387,https://www.gdacs.org/report.aspx?eventtype=WF&eventid=1029345
EONET_21068,"Wildfire Mud, Yukon-Koyukuk, Alaska",Wildfires,2026-06-24T16:07:00Z,-157.622817,64.16785,https://irwin.doi.gov/observer/incidents/2026-AKGAD-000287
EONET_21101,"Wildfire AREA 2, Palm Beach, Florida",Wildfires,2026-06-24T14:53:00Z,-80.4602778,26.4113889,https://irwin.doi.gov/observer/incidents/2026-FLFLS-261800098
EONET_21104,"Wildfire Lox Mutual Aid 06/24, Broward, Florida",Wildfires,2026-06-24T13:03:00Z,-80.51182,26.310827,https://irwin.doi.gov/observer/incidents/2026-FLLXR-002007
EONET_21093,"Wildfire Platt Trap  (22), Glades, Florida",Wildfires,2026-06-24T09:40:00Z,-81.1741667,26.9361111,https://irwin.doi.gov/observer/incidents/2026-FLFLS-261600476
EONET_21009,"Wildfire McCauley Springs, Sandoval, New Mexico",Wildfires,2026-06-24T09:00:00Z,-106.626,35.827218,https://irwin.doi.gov/observer/incidents/2026-NMSNF-000312
EONET_21086,"Wildfire Orange Hammock (58), Sarasota, Florida",Wildfires,2026-06-23T21:59:00Z,-82.085,27.0902778,https://irwin.doi.gov/observer/incidents/2026-FLFLS-261500419
EONET_20736,Flood in Myanmar 1103975,Floods,2026-06-23T20:00:00Z,96.0263532,19.91049,https://www.gdacs.org/report.aspx?eventtype=FL&eventid=1103975
EONET_20926,Flood in Japan 1103993,Floods,2026-06-23T20:00:00Z,130.6341345,32.6450475,https://www.gdacs.org/report.aspx?eventtype=FL&eventid=1103993
EONET_20694,Wildfire in Australia 1029070,Wildfires,2026-06-23T19:00:00Z,134.8580100035355,-15.176702797573558,https://www.gdacs.org/report.aspx?eventtype=WF&eventid=1029070
EONET_20713,Wildfire in Angola 1029075,Wildfires,2026-06-23T19:00:00Z,21.431925077691595,-8.73778473699811,https://www.gdacs.org/report.aspx?eventtype=WF&eventid=1029075
EONET_20714,Wildfire in Australia 1029092,Wildfires,2026-06-23T19:00:00Z,130.21613084656167,-13.707298870541324,https://www.gdacs.org/report.aspx?eventtype=WF&eventid=1029092
EONET_20715,Wildfire in Australia 1029073,Wildfires,2026-06-23T19:00:00Z,132.3345422698933,-13.455292642878687,https://www.gdacs.org/report.aspx?eventtype=WF&eventid=1029073
EONET_20716,Wildfire in Australia 1029074,Wildfires,2026-06-23T19:00:00Z,133.07161745517203,-12.070810480137599,https://www.gdacs.org/report.aspx?eventtype=WF&eventid=1029074
EONET_20741,Wildfire in Australia 1029115,Wildfires,2026-06-23T19:00:00Z,130.11272656454548,-13.924397713242616,https://www.gdacs.org/report.aspx?eventtype=WF&eventid=1029115
EONET_20742,Wildfire in Australia 1029116,Wildfires,2026-06-23T19:00:00Z,132.10525075122115,-13.387891975198292,https://www.gdacs.org/report.aspx?eventtype=WF&eventid=1029116
EONET_20770,Wildfire in Russian Federation 1029149,Wildfires,2026-06-23T19:00:00Z,81.57162473885148,63.22744893856397,https://www.gdacs.org/report.aspx?eventtype=WF&eventid=1029149
EONET_20771,Wildfire in Russian Federation 1029150,Wildfires,2026-06-23T19:00:00Z,125.83750001110684,55.336338256975225,https://www.gdacs.org/report.aspx?eventtype=WF&eventid=1029150
EONET_20772,Wildfire in Australia 1029151,Wildfires,2026-06-23T19:00:00Z,141.81223233115696,-13.744549385159631,https://www.gdacs.org/report.aspx?eventtype=WF&eventid=1029151
EONET_20773,Wildfire in Canada 1029141,Wildfires,2026-06-23T19:00:00Z,-72.92580981100642,53.84899232221059,https://www.gdacs.org/report.aspx?eventtype=WF&eventid=1029141
EONET_20774,Wildfire in Tanzania 1029122,Wildfires,2026-06-23T19:00:00Z,31.983245915594626,-7.531943514746287,https://www.gdacs.org/report.aspx?eventtype=WF&eventid=1029122
EONET_20810,Wildfire in Canada 1029178,Wildfires,2026-06-23T19:00:00Z,-72.40337168963732,54.063154594344205,https://www.gdacs.org/report.aspx?eventtype=WF&eventid=1029178
EONET_20811,Wildfire in Russian Federation 1029179,Wildfires,2026-06-23T19:00:00Z,122.49231603303981,55.494795011376446,https://www.gdacs.org/report.aspx?eventtype=WF&eventid=1029179
EONET_20812,Wildfire in The Democratic Republic of Congo 1029161,Wildfires,2026-06-23T19:00:00Z,26.572951674999615,-5.795238833669102,https://www.gdacs.org/report.aspx?eventtype=WF&eventid=1029161
EONET_20813,Wildfire in Canada 1029158,Wildfires,2026-06-23T19:00:00Z,-122.28526734494508,61.795566818334926,https://www.gdacs.org/report.aspx?eventtype=WF&eventid=1029158
EONET_20846,Wildfire in Canada 1029207,Wildfires,2026-06-23T19:00:00Z,-118.99059803728721,65.67661204464517,https://www.gdacs.org/report.aspx?eventtype=WF&eventid=1029207
EONET_20847,Wildfire in Australia 1029212,Wildfires,2026-06-23T19:00:00Z,126.18339472141767,-14.476041200160806,https://www.gdacs.org/report.aspx?eventtype=WF&eventid=1029212
EONET_20848,Wildfire in Tanzania 1029184,Wildfires,2026-06-23T19:00:00Z,30.857801464135985,-6.853720603429325,https://www.gdacs.org/report.aspx?eventtype=WF&eventid=1029184
EONET_20849,Wildfire in Canada 1029206,Wildfires,2026-06-23T19:00:00Z,-103.8655001360441,61.31650240801666,https://www.gdacs.org/report.aspx?eventtype=WF&eventid=1029206
EONET_20894,Wildfire in The Democratic Republic of Congo 1029231,Wildfires,2026-06-23T19:00:00Z,26.189376537093978,-5.6136491478262,https://www.gdacs.org/report.aspx?eventtype=WF&eventid=1029231
EONET_20921,Wildfire in Canada 1029248,Wildfires,2026-06-23T19:00:00Z,-113.51448583280171,60.24767379629001,https://www.gdacs.org/report.aspx?eventtype=WF&eventid=1029248
EONET_20922,Wildfire in United States 1029259,Wildfires,2026-06-23T19:00:00Z,-108.63472570916686,33.314762963946215,https://www.gdacs.org/report.aspx?eventtype=WF&eventid=1029259
EONET_20954,Wildfire in The Democratic Republic of Congo 1029278,Wildfires,2026-06-23T19:00:00Z,19.040738822988438,-7.217458828622345,https://www.gdacs.org/report.aspx?eventtype=WF&eventid=1029278
EONET_20955,"Wildfire in The Democratic Republic of Congo, Zambia 1029270",Wildfires,2026-06-23T19:00:00Z,28.780391916641076,-12.954269221750952,https://www.gdacs.org/report.aspx?eventtype=WF&eventid=1029270
EONET_20977,Wildfire in The Democratic Republic of Congo 1029308,Wildfires,2026-06-23T19:00:00Z,27.127918682670053,-6.776581623984634,https://www.gdacs.org/report.aspx?eventtype=WF&eventid=1029308
EONET_21159,Wildfire in The Democratic Republic of Congo 1029346,Wildfires,2026-06-23T19:00:00Z,24.092669171627,-3.7094747794155,https://www.gdacs.org/report.aspx?eventtype=WF&eventid=1029346
EONET_21187,Wildfire in Australia 1029385,Wildfires,2026-06-23T19:00:00Z,130.53055315474,-11.362283701793,https://www.gdacs.org/report.aspx?eventtype=WF&eventid=1029385
EONET_21188,Wildfire in The Democratic Republic of Congo 1029369,Wildfires,2026-06-23T19:00:00Z,26.825768723985,-6.8285012788698,https://www.gdacs.org/report.aspx?eventtype=WF&eventid=1029369
EONET_21229,Wildfire in The Democratic Republic of Congo 1029405,Wildfires,2026-06-23T19:00:00Z,23.508374031775,-3.6963445219658,https://www.gdacs.org/report.aspx?eventtype=WF&eventid=1029405
EONET_21230,Wildfire in The Democratic Republic of Congo 1029406,Wildfires,2026-06-23T19:00:00Z,23.768925732815,-3.2473898994676,https://www.gdacs.org/report.aspx?eventtype=WF&eventid=1029406
EONET_21016,"Wildfire Kinky Creek, Teton, Wyoming",Wildfires,2026-06-23T17:59:00Z,-110.221765,43.428487,https://irwin.doi.gov/observer/incidents/2026-WYBTF-002606
EONET_21023,"Wildfire CANYON VENADO, Torrance, New Mexico",Wildfires,2026-06-23T16:21:00Z,-105.585484,34.998876,https://irwin.doi.gov/observer/incidents/2026-NMN6S-000349
EONET_21088,"Wildfire Wagon Wheel, Baca, Colorado",Wildfires,2026-06-23T03:03:00Z,-103.072,37.226833,https://irwin.doi.gov/observer/incidents/2026-COPSF-001053
EONET_20671,Tropical Storm Higos,Severe Storms,2026-06-23T00:00:00Z,145.7,14.7,https://www.metoc.navy.mil/jtwc/products/wp0826.tcw
EONET_20671,Tropical Storm Higos,Severe Storms,2026-06-23T06:00:00Z,144.8,14.7,https://www.metoc.navy.mil/jtwc/products/wp0826.tcw
EONET_20671,Tropical Storm Higos,Severe Storms,2026-06-23T12:00:00Z,143.9,14.8,https://www.metoc.navy.mil/jtwc/products/wp0826.tcw
EONET_20671,Tropical Storm Higos,Severe Storms,2026-06-23T18:00:00Z,142.8,14.9,https://www.metoc.navy.mil/jtwc/products/wp0826.tcw
EONET_20671,Tropical Storm Higos,Severe Storms,2026-06-24T00:00:00Z,141.9,15.1,https://www.metoc.navy.mil/jtwc/products/wp0826.tcw
EONET_20671,Tropical Storm Higos,Severe Storms,2026-06-24T06:00:00Z,140.8,15.7,https://www.metoc.navy.mil/jtwc/products/wp0826.tcw
EONET_20671,Tropical Storm Higos,Severe Storms,2026-06-24T12:00:00Z,139.7,16.3,https://www.metoc.navy.mil/jtwc/products/wp0826.tcw
EONET_20671,Tropical Storm Higos,Severe Storms,2026-06-24T18:00:00Z,138.5,17.0,https://www.metoc.navy.mil/jtwc/products/wp0826.tcw
EONET_20671,Tropical Storm Higos,Severe Storms,2026-06-25T00:00:00Z,137.6,17.8,https://www.metoc.navy.mil/jtwc/products/wp0826.tcw
EONET_20671,Tropical Storm Higos,Severe Storms,2026-06-25T06:00:00Z,135.5,19.7,https://www.metoc.navy.mil/jtwc/products/wp0826.tcw
EONET_20671,Tropical Storm Higos,Severe Storms,2026-06-25T12:00:00Z,135.0,21.2,https://www.metoc.navy.mil/jtwc/products/wp0826.tcw
EONET_20671,Tropical Storm Higos,Severe Storms,2026-06-25T18:00:00Z,134.1,22.4,https://www.metoc.navy.mil/jtwc/products/wp0826.tcw
EONET_20671,Tropical Storm Higos,Severe Storms,2026-06-26T00:00:00Z,133.6,25.0,https://www.metoc.navy.mil/jtwc/products/wp0826.tcw
EONET_20671,Tropical Storm Higos,Severe Storms,2026-06-26T06:00:00Z,134.6,28.4,https://www.metoc.navy.mil/jtwc/products/wp0826.tcw
EONET_20671,Tropical Storm Higos,Severe Storms,2026-06-26T12:00:00Z,136.1,31.8,https://www.metoc.navy.mil/jtwc/products/wp0826.tcw
EONET_20671,Tropical Storm Higos,Severe Storms,2026-06-26T18:00:00Z,137.5,34.0,https://www.metoc.navy.mil/jtwc/products/wp0826.tcw
EONET_20671,Tropical Storm Higos,Severe Storms,2026-06-27T00:00:00Z,142.9,36.4,https://www.metoc.navy.mil/jtwc/products/wp0826.tcw
EONET_20693,Flood in India 1103972,Floods,2026-06-22T20:00:00Z,72.9257184,19.114541,https://www.gdacs.org/report.aspx?eventtype=FL&eventid=1103972
EONET_20711,Flood in Bulgaria 1103973,Floods,2026-06-22T20:00:00Z,24.39821,43.64638,https://www.gdacs.org/report.aspx?eventtype=FL&eventid=1103973
EONET_20712,Flood in The Republic of North Macedonia 1103974,Floods,2026-06-22T20:00:00Z,21.3302511,41.0316005,https://www.gdacs.org/report.aspx?eventtype=FL&eventid=1103974
EONET_20653,Wildfire in Australia 1029030,Wildfires,2026-06-22T19:00:00Z,135.46190866838072,-15.75861744799452,https://www.gdacs.org/report.aspx?eventtype=WF&eventid=1029030
EONET_20654,Wildfire in Australia 1029031,Wildfires,2026-06-22T19:00:00Z,129.92372122183687,-13.59120422481217,https://www.gdacs.org/report.aspx?eventtype=WF&eventid=1029031
EONET_20655,Wildfire in United States 1029032,Wildfires,2026-06-22T19:00:00Z,-112.46922640617333,38.27339457096819,https://www.gdacs.org/report.aspx?eventtype=WF&eventid=1029032
EONET_20674,Wildfire in Syrian Arab Republic 1029038,Wildfires,2026-06-22T19:00:00Z,41.072866343309215,36.93566564968834,https://www.gdacs.org/report.aspx?eventtype=WF&eventid=1029038
EONET_20675,Wildfire in Australia 1029048,Wildfires,2026-06-22T19:00:00Z,135.69625426618575,-16.00775029072823,https://www.gdacs.org/report.aspx?eventtype=WF&eventid=1029048
EONET_20676,Wildfire in Australia 1029051,Wildfires,2026-06-22T19:00:00Z,130.14663943909088,-13.530344060397097,https://www.gdacs.org/report.aspx?eventtype=WF&eventid=1029051
EONET_20695,Wildfire in Brazil 1029068,Wildfires,2026-06-22T19:00:00Z,-53.29245485567946,-9.942006539050684,https://www.gdacs.org/report.aspx?eventtype=WF&eventid=1029068
EONET_20717,Wildfire in Australia 1029076,Wildfires,2026-06-22T19:00:00Z,130.26418471518778,-13.563000637529479,https://www.gdacs.org/report.aspx?eventtype=WF&eventid=1029076
EONET_20718,Wildfire in Australia 1029077,Wildfires,2026-06-22T19:00:00Z,133.22660599776344,-14.277634879289648,https://www.gdacs.org/report.aspx?eventtype=WF&eventid=1029077
EONET_20743,Wildfire in Canada 1029110,Wildfires,2026-06-22T19:00:00Z,-72.7111431739108,54.30414747764325,https://www.gdacs.org/report.aspx?eventtype=WF&eventid=1029110
EONET_20744,Wildfire in Australia 1029097,Wildfires,2026-06-22T19:00:00Z,142.70066965104837,-12.397704112318209,https://www.gdacs.org/report.aspx?eventtype=WF&eventid=1029097
EONET_20775,Wildfire in Angola 1029123,Wildfires,2026-06-22T19:00:00Z,21.398377873375107,-9.450850275413202,https://www.gdacs.org/report.aspx?eventtype=WF&eventid=1029123
EONET_20776,Wildfire in Canada 1029142,Wildfires,2026-06-22T19:00:00Z,-71.20088729882926,55.10725038163808,https://www.gdacs.org/report.aspx?eventtype=WF&eventid=1029142
EONET_20814,Wildfire in Canada 1029169,Wildfires,2026-06-22T19:00:00Z,-76.41249416517552,54.73358538434072,https://www.gdacs.org/report.aspx?eventtype=WF&eventid=1029169
EONET_20815,Wildfire in Russian Federation 1029173,Wildfires,2026-06-22T19:00:00Z,124.49928952161518,57.137790379489545,https://www.gdacs.org/report.aspx?eventtype=WF&eventid=1029173
EONET_20872,Wildfire in The Democratic Republic of Congo 1029219,Wildfires,2026-06-22T19:00:00Z,23.32657538988753,-2.364118683956616,https://www.gdacs.org/report.aspx?eventtype=WF&eventid=1029219
EONET_20873,Wildfire in Angola 1029220,Wildfires,2026-06-22T19:00:00Z,19.90796642362726,-7.083895061043452,https://www.gdacs.org/report.aspx?eventtype=WF&eventid=1029220
EONET_20895,Wildfire in Angola 1029232,Wildfires,2026-06-22T19:00:00Z,18.014656493451202,-9.367682433613815,https://www.gdacs.org/report.aspx?eventtype=WF&eventid=1029232
EONET_20923,Wildfire in The Democratic Republic of Congo 1029249,Wildfires,2026-06-22T19:00:00Z,28.682528719727348,-8.207813369477028,https://www.gdacs.org/report.aspx?eventtype=WF&eventid=1029249
EONET_20956,Wildfire in The Democratic Republic of Congo 1029279,Wildfires,2026-06-22T19:00:00Z,23.460795542743515,-3.6072493747174446,https://www.gdacs.org/report.aspx?eventtype=WF&eventid=1029279
EONET_20978,Wildfire in Angola 1029309,Wildfires,2026-06-22T19:00:00Z,18.262556226573842,-8.942163795412958,https://www.gdacs.org/report.aspx?eventtype=WF&eventid=1029309
EONET_21025,"Wildfire Cottonwood, Beaver, Utah",Wildfires,2026-06-22T18:49:00Z,-112.550767,38.26975,https://irwin.doi.gov/observer/incidents/2026-UTFIF-260198
EONET_21091,"Wildfire LYTLE, Malheur, Oregon",Wildfires,2026-06-22T17:01:00Z,-117.178802,43.908947,https://irwin.doi.gov/observer/incidents/2026-ORVAD-260105
EONET_21028,"Wildfire Sacaton, Catron, New Mexico",Wildfires,2026-06-22T11:22:00Z,-108.6735,33.274833,https://irwin.doi.gov/observer/incidents/2026-NMGNF-000354
EONET_21092,"Wildfire Buffalo, Southeast Fairbanks, Alaska",Wildfires,2026-06-21T23:39:00Z,-146.008333,63.9195,https://irwin.doi.gov/observer/incidents/2026-AKMID-000263
EONET_21052,"Wildfire GARRED ROAD, Douglas, Washington",Wildfires,2026-06-21T22:09:00Z,-119.371668,47.6388,https://irwin.doi.gov/observer/incidents/2026-WAWFS-260260
EONET_20650,Flood in Hungary 1103967,Floods,2026-06-21T20:00:00Z,20.1946279,47.1753833,https://www.gdacs.org/report.aspx?eventtype=FL&eventid=1103967
EONET_20637,Wildfire in Australia 1029016,Wildfires,2026-06-21T19:00:00Z,142.53827387433876,-12.808622703213054,https://www.gdacs.org/report.aspx?eventtype=WF&eventid=1029016
EONET_20656,Wildfire in Australia 1029033,Wildfires,2026-06-21T19:00:00Z,133.16413507178746,-12.16207064547598,https://www.gdacs.org/report.aspx?eventtype=WF&eventid=1029033
EONET_20677,Wildfire in Australia 1029052,Wildfires,2026-06-21T19:00:00Z,134.96311774689838,-13.780189502750906,https://www.gdacs.org/report.aspx?eventtype=WF&eventid=1029052
EONET_20719,Wildfire in Canada 1029093,Wildfires,2026-06-21T19:00:00Z,-102.01147809772186,55.279195144915654,https://www.gdacs.org/report.aspx?eventtype=WF&eventid=1029093
EONET_20745,Wildfire in Angola 1029100,Wildfires,2026-06-21T19:00:00Z,20.301920064862443,-7.341491941529907,https://www.gdacs.org/report.aspx?eventtype=WF&eventid=1029100
EONET_20746,Wildfire in Russian Federation 1029117,Wildfires,2026-06-21T19:00:00Z,85.82225896568377,62.85061495722907,https://www.gdacs.org/report.aspx?eventtype=WF&eventid=1029117
EONET_20777,Wildfire in Angola 1029124,Wildfires,2026-06-21T19:00:00Z,22.226112884428993,-12.002485374740633,https://www.gdacs.org/report.aspx?eventtype=WF&eventid=1029124
EONET_20778,Wildfire in The Democratic Republic of Congo 1029125,Wildfires,2026-06-21T19:00:00Z,19.379841434432652,-7.31270807088035,https://www.gdacs.org/report.aspx?eventtype=WF&eventid=1029125
EONET_20816,Wildfire in Brazil 1029170,Wildfires,2026-06-21T19:00:00Z,-50.11831557037748,-10.398237268228177,https://www.gdacs.org/report.aspx?eventtype=WF&eventid=1029170
EONET_20817,Wildfire in Russian Federation 1029174,Wildfires,2026-06-21T19:00:00Z,131.06027010292016,54.85986727643824,https://www.gdacs.org/report.aspx?eventtype=WF&eventid=1029174
EONET_20850,Wildfire in The Democratic Republic of Congo 1029185,Wildfires,2026-06-21T19:00:00Z,26.464231952902438,-6.4803457661644295,https://www.gdacs.org/report.aspx?eventtype=WF&eventid=1029185
EONET_20851,Wildfire in The Democratic Republic of Congo 1029190,Wildfires,2026-06-21T19:00:00Z,18.625220941416817,-6.933384332796755,https://www.gdacs.org/report.aspx?eventtype=WF&eventid=1029190
EONET_20852,Wildfire in The Democratic Republic of Congo 1029189,Wildfires,2026-06-21T19:00:00Z,23.527159483062242,-3.391224368941448,https://www.gdacs.org/report.aspx?eventtype=WF&eventid=1029189
EONET_20874,Wildfire in The Democratic Republic of Congo 1029221,Wildfires,2026-06-21T19:00:00Z,23.20934681496528,-3.834833258684761,https://www.gdacs.org/report.aspx?eventtype=WF&eventid=1029221
EONET_20979,Wildfire in The Democratic Republic of Congo 1029310,Wildfires,2026-06-21T19:00:00Z,24.94879516652924,-5.300387611843379,https://www.gdacs.org/report.aspx?eventtype=WF&eventid=1029310
EONET_21031,"Wildfire Shingle Creek, Idaho, Idaho",Wildfires,2026-06-21T16:03:00Z,-116.397033,45.357167,https://irwin.doi.gov/observer/incidents/2026-IDCMS-000183
EONET_21047,"Wildfire White Tail, Gila, Arizona",Wildfires,2026-06-21T09:36:00Z,-110.226,33.551833,https://irwin.doi.gov/observer/incidents/2026-AZSCA-000894
EONET_21106,"Wildfire BASIN, Malheur, Oregon",Wildfires,2026-06-21T08:13:00Z,-117.689133,42.68965,https://irwin.doi.gov/observer/incidents/2026-ORVAD-260100
EONET_21244,"Wildfire Tatlanika, Denali, Alaska",Wildfires,2026-06-21T02:30:00Z,-148.351667,64.2705,https://irwin.doi.gov/observer/incidents/2026-AKFAS-611246
EONET_21073,"Wildfire Kathul, Southeast Fairbanks, Alaska",Wildfires,2026-06-20T22:42:00Z,-142.40666,65.364395,https://irwin.doi.gov/observer/incidents/2026-AKUYD-000233
EONET_21006,"Wildfire Starry, Denali, Alaska",Wildfires,2026-06-20T22:34:00Z,-149.1975,64.328883,https://irwin.doi.gov/observer/incidents/2026-AKFAS-611234
EONET_21090,"Wildfire Bonneville, Salt Lake, Utah",Wildfires,2026-06-20T20:22:00Z,-111.820933,40.7739,https://irwin.doi.gov/observer/incidents/2026-UTUWF-200287
EONET_20651,Flood in Romania 1103966,Floods,2026-06-20T20:00:00Z,22.3481728,47.3819953,https://www.gdacs.org/report.aspx?eventtype=FL&eventid=1103966
EONET_21004,"Wildfire Shaw, Southeast Fairbanks, Alaska",Wildfires,2026-06-20T19:42:00Z,-145.443333,64.37945,https://irwin.doi.gov/observer/incidents/2026-AKDAS-612226
EONET_20638,Wildfire in Australia 1029017,Wildfires,2026-06-20T19:00:00Z,138.78054098778668,-17.518805224529856,https://www.gdacs.org/report.aspx?eventtype=WF&eventid=1029017
EONET_20657,Wildfire in Australia 1029034,Wildfires,2026-06-20T19:00:00Z,132.82157683929367,-11.612775814397096,https://www.gdacs.org/report.aspx?eventtype=WF&eventid=1029034
EONET_20678,Wildfire in Dominican Republic 1029053,Wildfires,2026-06-20T19:00:00Z,-71.6049367725106,18.194207062582155,https://www.gdacs.org/report.aspx?eventtype=WF&eventid=1029053
EONET_20679,Wildfire in The Democratic Republic of Congo 1029039,Wildfires,2026-06-20T19:00:00Z,26.055908383264562,-5.382230470673559,https://www.gdacs.org/report.aspx?eventtype=WF&eventid=1029039
EONET_20680,Wildfire in Tanzania 1029042,Wildfires,2026-06-20T19:00:00Z,31.21102265099713,-4.329868786788594,https://www.gdacs.org/report.aspx?eventtype=WF&eventid=1029042
EONET_20696,Wildfire in The Democratic Republic of Congo 1029058,Wildfires,2026-06-20T19:00:00Z,22.957933512090875,-7.654893808289762,https://www.gdacs.org/report.aspx?eventtype=WF&eventid=1029058
EONET_20697,Wildfire in The Democratic Republic of Congo 1029057,Wildfires,2026-06-20T19:00:00Z,26.649285836250634,-6.077144448418399,https://www.gdacs.org/report.aspx?eventtype=WF&eventid=1029057
EONET_20720,Wildfire in Australia 1029078,Wildfires,2026-06-20T19:00:00Z,131.07454251455732,-13.170484212220883,https://www.gdacs.org/report.aspx?eventtype=WF&eventid=1029078
EONET_20721,Wildfire in Angola 1029082,Wildfires,2026-06-20T19:00:00Z,20.889624447143746,-8.283266937820283,https://www.gdacs.org/report.aspx?eventtype=WF&eventid=1029082
EONET_20722,Wildfire in The Democratic Republic of Congo 1029083,Wildfires,2026-06-20T19:00:00Z,27.11369725964036,-5.745409515841824,https://www.gdacs.org/report.aspx?eventtype=WF&eventid=1029083
EONET_20747,Wildfire in The Democratic Republic of Congo 1029101,Wildfires,2026-06-20T19:00:00Z,26.692125291188326,-8.90250293187425,https://www.gdacs.org/report.aspx?eventtype=WF&eventid=1029101
EONET_20748,Wildfire in The Democratic Republic of Congo 1029102,Wildfires,2026-06-20T19:00:00Z,23.973477921990114,-4.068795254714486,https://www.gdacs.org/report.aspx?eventtype=WF&eventid=1029102
EONET_20749,Wildfire in Angola 1029103,Wildfires,2026-06-20T19:00:00Z,21.23508410982283,-11.848826557800509,https://www.gdacs.org/report.aspx?eventtype=WF&eventid=1029103
EONET_20779,Wildfire in Angola 1029126,Wildfires,2026-06-20T19:00:00Z,20.723169841334666,-7.677190855288985,https://www.gdacs.org/report.aspx?eventtype=WF&eventid=1029126
EONET_20780,Wildfire in Russian Federation 1029127,Wildfires,2026-06-20T19:00:00Z,159.10304591582738,57.452660220511994,https://www.gdacs.org/report.aspx?eventtype=WF&eventid=1029127
EONET_20853,Wildfire in Angola 1029191,Wildfires,2026-06-20T19:00:00Z,18.375127523651855,-9.801034214674099,https://www.gdacs.org/report.aspx?eventtype=WF&eventid=1029191
EONET_20957,Wildfire in Angola 1029280,Wildfires,2026-06-20T19:00:00Z,17.96610775027261,-9.610527444737114,https://www.gdacs.org/report.aspx?eventtype=WF&eventid=1029280
EONET_21105,"Wildfire DRY CREEK, Malheur, Oregon",Wildfires,2026-06-20T18:57:00Z,-117.669485,42.709201,https://irwin.doi.gov/observer/incidents/2026-ORVAD-260099
EONET_21087,"Wildfire Hastings, Tooele, Utah",Wildfires,2026-06-20T16:49:00Z,-112.94745,40.7299,https://irwin.doi.gov/observer/incidents/2026-UTWDD-200282
EONET_21107,"Wildfire Shyster, Humboldt, Nevada",Wildfires,2026-06-20T16:39:00Z,-118.5754,41.85875,https://irwin.doi.gov/observer/incidents/2026-NVWID-020281
EONET_21077,"Wildfire MARY, Owyhee, Idaho",Wildfires,2026-06-20T16:33:00Z,-115.920833,42.227833,https://irwin.doi.gov/observer/incidents/2026-IDBOD-000530
EONET_21246,"Wildfire Hoholitna, Lake and Peninsula, Alaska",Wildfires,2026-06-20T14:04:00Z,-155.23,60.9,https://irwin.doi.gov/observer/incidents/2026-AKSWS-604220
EONET_21115,"Wildfire Searcy 149, Searcy, Arkansas",Wildfires,2026-06-20T12:10:00Z,-92.774577,35.866437,https://irwin.doi.gov/observer/incidents/2026-ARARS-300149
EONET_21116,"Wildfire Independence 163, Independence, Arkansas",Wildfires,2026-06-20T12:00:00Z,-91.64646,35.88585,https://irwin.doi.gov/observer/incidents/2026-ARARS-300163
EONET_21118,"Wildfire Fulton 225, Fulton, Arkansas",Wildfires,2026-06-20T08:23:00Z,-91.9525,36.4568,https://irwin.doi.gov/observer/incidents/2026-ARARS-300225
EONET_21049,"Wildfire Iron, Juab, Utah",Wildfires,2026-06-20T02:01:00Z,-112.19755,39.976283,https://irwin.doi.gov/observer/incidents/2026-UTSCS-260194
EONET_21119,"Wildfire Izard 201, Izard, Arkansas",Wildfires,2026-06-19T22:54:00Z,-91.87339,35.90866,https://irwin.doi.gov/observer/incidents/2026-ARARS-300201
EONET_21120,"Wildfire Searcy 189, Searcy, Arkansas",Wildfires,2026-06-19T22:23:00Z,-92.77191,35.87584,https://irwin.doi.gov/observer/incidents/2026-ARARS-300189
EONET_21011,"Wildfire Pocket, Yavapai, Arizona",Wildfires,2026-06-19T20:51:00Z,-111.787421,34.967212,https://irwin.doi.gov/observer/incidents/2026-AZCOF-000781
EONET_20635,Flood in Canada 1103963,Floods,2026-06-19T20:00:00Z,-73.8471749,45.4955083,https://www.gdacs.org/report.aspx?eventtype=FL&eventid=1103963
EONET_20636,Flood in Czech Republic 1103964,Floods,2026-06-19T20:00:00Z,14.0103663,49.6901444,https://www.gdacs.org/report.aspx?eventtype=FL&eventid=1103964
EONET_20652,Flood in Belgium 1103965,Floods,2026-06-19T20:00:00Z,4.841761,50.4613937,https://www.gdacs.org/report.aspx?eventtype=FL&eventid=1103965
EONET_20672,Flood in Honduras 1103969,Floods,2026-06-19T20:00:00Z,-88.4690631,14.6181139,https://www.gdacs.org/report.aspx?eventtype=FL&eventid=1103969
EONET_21109,"Wildfire STAR, Kern, California",Wildfires,2026-06-19T19:43:00Z,-118.7477778,35.2908333,https://irwin.doi.gov/observer/incidents/2026-CAKRN-025235
EONET_21089,"Wildfire Bear, Denali, Alaska",Wildfires,2026-06-19T19:34:00Z,-151.235,63.652,https://irwin.doi.gov/observer/incidents/2026-AKTAD-000212
EONET_20615,Wildfire in United States 1029002,Wildfires,2026-06-19T19:00:00Z,-112.14841171199507,40.00571730639354,https://www.gdacs.org/report.aspx?eventtype=WF&eventid=1029002
EONET_20639,Wildfire in Australia 1029018,Wildfires,2026-06-19T19:00:00Z,126.28496586867453,-16.343472405218904,https://www.gdacs.org/report.aspx?eventtype=WF&eventid=1029018
EONET_20658,Wildfire in Australia 1029027,Wildfires,2026-06-19T19:00:00Z,131.1526523742796,-12.685234747248431,https://www.gdacs.org/report.aspx?eventtype=WF&eventid=1029027
EONET_20659,Wildfire in Australia 1029028,Wildfires,2026-06-19T19:00:00Z,130.7245093846214,-12.846322931588139,https://www.gdacs.org/report.aspx?eventtype=WF&eventid=1029028
EONET_20660,Wildfire in Australia 1029029,Wildfires,2026-06-19T19:00:00Z,127.02245141727752,-15.071411336158231,https://www.gdacs.org/report.aspx?eventtype=WF&eventid=1029029
EONET_20661,Wildfire in Australia 1029035,Wildfires,2026-06-19T19:00:00Z,131.78071547071204,-15.598982136706523,https://www.gdacs.org/report.aspx?eventtype=WF&eventid=1029035
EONET_20681,Wildfire in Zambia 1029040,Wildfires,2026-06-19T19:00:00Z,25.907363751490482,-14.85981246317197,https://www.gdacs.org/report.aspx?eventtype=WF&eventid=1029040
EONET_20698,Wildfire in The Democratic Republic of Congo 1029059,Wildfires,2026-06-19T19:00:00Z,23.80107178362462,-3.6956363408330994,https://www.gdacs.org/report.aspx?eventtype=WF&eventid=1029059
EONET_20723,Wildfire in The Democratic Republic of Congo 1029084,Wildfires,2026-06-19T19:00:00Z,24.857550176046292,-5.256280969925036,https://www.gdacs.org/report.aspx?eventtype=WF&eventid=1029084
EONET_20724,Wildfire in Canada 1029079,Wildfires,2026-06-19T19:00:00Z,-75.11805740424411,53.97055764370818,https://www.gdacs.org/report.aspx?eventtype=WF&eventid=1029079
EONET_20725,Wildfire in Australia 1029094,Wildfires,2026-06-19T19:00:00Z,133.59756436501283,-12.09080321614189,https://www.gdacs.org/report.aspx?eventtype=WF&eventid=1029094
EONET_20726,Wildfire in Australia 1029095,Wildfires,2026-06-19T19:00:00Z,129.67748593460365,-14.069114063641479,https://www.gdacs.org/report.aspx?eventtype=WF&eventid=1029095
EONET_20750,Wildfire in Angola 1029105,Wildfires,2026-06-19T19:00:00Z,18.106419947264868,-9.312482466724084,https://www.gdacs.org/report.aspx?eventtype=WF&eventid=1029105
EONET_20751,Wildfire in Angola 1029104,Wildfires,2026-06-19T19:00:00Z,17.797955703496555,-9.233144279299662,https://www.gdacs.org/report.aspx?eventtype=WF&eventid=1029104
EONET_20781,Wildfire in Australia 1029152,Wildfires,2026-06-19T19:00:00Z,131.79339525172804,-15.680557337515701,https://www.gdacs.org/report.aspx?eventtype=WF&eventid=1029152
EONET_20782,Wildfire in The Democratic Republic of Congo 1029128,Wildfires,2026-06-19T19:00:00Z,24.31016540700198,-3.5514761975878724,https://www.gdacs.org/report.aspx?eventtype=WF&eventid=1029128
EONET_20818,Wildfire in United States 1029159,Wildfires,2026-06-19T19:00:00Z,-111.81949872658377,35.00483837584411,https://www.gdacs.org/report.aspx?eventtype=WF&eventid=1029159
EONET_20819,Wildfire in Canada 1029162,Wildfires,2026-06-19T19:00:00Z,-78.3803761834802,53.4655765092336,https://www.gdacs.org/report.aspx?eventtype=WF&eventid=1029162
EONET_20854,Wildfire in The Democratic Republic of Congo 1029192,Wildfires,2026-06-19T19:00:00Z,23.554758711289978,-3.265670795967609,https://www.gdacs.org/report.aspx?eventtype=WF&eventid=1029192
EONET_20875,Wildfire in The Democratic Republic of Congo 1029222,Wildfires,2026-06-19T19:00:00Z,27.09628928991749,-6.683183045315731,https://www.gdacs.org/report.aspx?eventtype=WF&eventid=1029222
EONET_20896,Wildfire in The Democratic Republic of Congo 1029240,Wildfires,2026-06-19T19:00:00Z,26.247485001640182,-5.549254945166767,https://www.gdacs.org/report.aspx?eventtype=WF&eventid=1029240
EONET_20606,Typhoon Mekkhala,Severe Storms,2026-06-19T12:00:00Z,140.0,13.7,https://www.metoc.navy.mil/jtwc/products/wp0726.tcw
EONET_20606,Typhoon Mekkhala,Severe Storms,2026-06-19T18:00:00Z,138.6,14.0,https://www.metoc.navy.mil/jtwc/products/wp0726.tcw
EONET_20606,Typhoon Mekkhala,Severe Storms,2026-06-20T00:00:00Z,137.8,14.1,https://www.metoc.navy.mil/jtwc/products/wp0726.tcw
EONET_20606,Typhoon Mekkhala,Severe Storms,2026-06-20T06:00:00Z,136.7,14.2,https://www.metoc.navy.mil/jtwc/products/wp0726.tcw
EONET_20606,Typhoon Mekkhala,Severe Storms,2026-06-20T12:00:00Z,135.4,14.3,https://www.metoc.navy.mil/jtwc/products/wp0726.tcw
EONET_20606,Typhoon Mekkhala,Severe Storms,2026-06-20T18:00:00Z,134.3,14.8,https://www.metoc.navy.mil/jtwc/products/wp0726.tcw
EONET_20606,Typhoon Mekkhala,Severe Storms,2026-06-21T00:00:00Z,133.0,15.4,https://www.metoc.navy.mil/jtwc/products/wp0726.tcw
EONET_20606,Typhoon Mekkhala,Severe Storms,2026-06-21T06:00:00Z,131.9,16.1,https://www.metoc.navy.mil/jtwc/products/wp0726.tcw
EONET_20606,Typhoon Mekkhala,Severe Storms,2026-06-21T12:00:00Z,130.6,16.5,https://www.metoc.navy.mil/jtwc/products/wp0726.tcw
EONET_20606,Typhoon Mekkhala,Severe Storms,2026-06-21T18:00:00Z,128.9,17.3,https://www.metoc.navy.mil/jtwc/products/wp0726.tcw
EONET_20606,Typhoon Mekkhala,Severe Storms,2026-06-22T00:00:00Z,127.8,17.5,https://www.metoc.navy.mil/jtwc/products/wp0726.tcw
EONET_20606,Typhoon Mekkhala,Severe Storms,2026-06-22T06:00:00Z,126.9,17.9,https://www.metoc.navy.mil/jtwc/products/wp0726.tcw
EONET_20606,Typhoon Mekkhala,Severe Storms,2026-06-22T12:00:00Z,126.1,18.1,https://www.metoc.navy.mil/jtwc/products/wp0726.tcw
EONET_20606,Typhoon Mekkhala,Severe Storms,2026-06-22T18:00:00Z,125.6,18.3,https://www.metoc.navy.mil/jtwc/products/wp0726.tcw
EONET_20606,Typhoon Mekkhala,Severe Storms,2026-06-23T00:00:00Z,125.2,18.9,https://www.metoc.navy.mil/jtwc/products/wp0726.tcw
EONET_20606,Typhoon Mekkhala,Severe Storms,2026-06-23T06:00:00Z,124.8,19.1,https://www.metoc.navy.mil/jtwc/products/wp0726.tcw
EONET_20606,Typhoon Mekkhala,Severe Storms,2026-06-23T12:00:00Z,124.7,19.6,https://www.metoc.navy.mil/jtwc/products/wp0726.tcw
EONET_20606,Typhoon Mekkhala,Severe Storms,2026-06-23T18:00:00Z,124.8,20.2,https://www.metoc.navy.mil/jtwc/products/wp0726.tcw
EONET_20606,Typhoon Mekkhala,Severe Storms,2026-06-24T00:00:00Z,124.6,21.0,https://www.metoc.navy.mil/jtwc/products/wp0726.tcw
EONET_20606,Typhoon Mekkhala,Severe Storms,2026-06-24T06:00:00Z,124.8,21.8,https://www.metoc.navy.mil/jtwc/products/wp0726.tcw
EONET_20606,Typhoon Mekkhala,Severe Storms,2026-06-24T12:00:00Z,124.8,22.1,https://www.metoc.navy.mil/jtwc/products/wp0726.tcw
EONET_20606,Typhoon Mekkhala,Severe Storms,2026-06-24T18:00:00Z,125.0,22.6,https://www.metoc.navy.mil/jtwc/products/wp0726.tcw
EONET_20606,Typhoon Mekkhala,Severe Storms,2026-06-25T00:00:00Z,125.3,23.7,https://www.metoc.navy.mil/jtwc/products/wp0726.tcw
EONET_20606,Typhoon Mekkhala,Severe Storms,2026-06-25T06:00:00Z,126.0,24.8,https://www.metoc.navy.mil/jtwc/products/wp0726.tcw
EONET_20606,Typhoon Mekkhala,Severe Storms,2026-06-25T12:00:00Z,126.2,25.5,https://www.metoc.navy.mil/jtwc/products/wp0726.tcw
EONET_20606,Typhoon Mekkhala,Severe Storms,2026-06-25T18:00:00Z,126.6,26.8,https://www.metoc.navy.mil/jtwc/products/wp0726.tcw
EONET_20606,Typhoon Mekkhala,Severe Storms,2026-06-26T00:00:00Z,127.0,27.5,https://www.metoc.navy.mil/jtwc/products/wp0726.tcw
EONET_20606,Typhoon Mekkhala,Severe Storms,2026-06-26T06:00:00Z,128.0,28.0,https://www.metoc.navy.mil/jtwc/products/wp0726.tcw
EONET_20606,Typhoon Mekkhala,Severe Storms,2026-06-26T12:00:00Z,129.3,28.5,https://www.metoc.navy.mil/jtwc/products/wp0726.tcw
EONET_20606,Typhoon Mekkhala,Severe Storms,2026-06-26T18:00:00Z,131.2,29.6,https://www.metoc.navy.mil/jtwc/products/wp0726.tcw
EONET_20606,Typhoon Mekkhala,Severe Storms,2026-06-27T00:00:00Z,133.2,31.6,https://www.metoc.navy.mil/jtwc/products/wp0726.tcw
EONET_20606,Typhoon Mekkhala,Severe Storms,2026-06-27T06:00:00Z,135.8,32.7,https://www.metoc.navy.mil/jtwc/products/wp0726.tcw
EONET_20606,Typhoon Mekkhala,Severe Storms,2026-06-27T12:00:00Z,141.4,35.5,https://www.metoc.navy.mil/jtwc/products/wp0726.tcw
EONET_20607,Flood in Ghana 1103954,Floods,2026-06-18T20:00:00Z,-1.2417103,5.1080932,https://www.gdacs.org/report.aspx?eventtype=FL&eventid=1103954
EONET_20608,Flood in Austria 1103957,Floods,2026-06-18T20:00:00Z,15.6723805,47.6053538,https://www.gdacs.org/report.aspx?eventtype=FL&eventid=1103957
EONET_20609,Flood in Germany 1103958,Floods,2026-06-18T20:00:00Z,14.2413131,53.2977629,https://www.gdacs.org/report.aspx?eventtype=FL&eventid=1103958
EONET_20610,Flood in South Korea 1103961,Floods,2026-06-18T20:00:00Z,127.0062576,36.7919981,https://www.gdacs.org/report.aspx?eventtype=FL&eventid=1103961
EONET_20673,Flood in Timor-Leste 1103968,Floods,2026-06-18T20:00:00Z,125.255502,-9.3148991,https://www.gdacs.org/report.aspx?eventtype=FL&eventid=1103968
EONET_20662,Wildfire in Australia 1029036,Wildfires,2026-06-18T19:00:00Z,131.93506608334306,-15.411339526715095,https://www.gdacs.org/report.aspx?eventtype=WF&eventid=1029036
EONET_20682,Wildfire in Australia 1029054,Wildfires,2026-06-18T19:00:00Z,133.48028567740857,-12.625996307620694,https://www.gdacs.org/report.aspx?eventtype=WF&eventid=1029054
EONET_20699,Wildfire in The Democratic Republic of Congo 1029060,Wildfires,2026-06-18T19:00:00Z,26.943859066531733,-8.817373220827246,https://www.gdacs.org/report.aspx?eventtype=WF&eventid=1029060
EONET_20700,Wildfire in The Democratic Republic of Congo 1029061,Wildfires,2026-06-18T19:00:00Z,23.92426144088532,-0.6294456270264785,https://www.gdacs.org/report.aspx?eventtype=WF&eventid=1029061
EONET_20701,Wildfire in Australia 1029071,Wildfires,2026-06-18T19:00:00Z,142.18477883871088,-12.683278898459884,https://www.gdacs.org/report.aspx?eventtype=WF&eventid=1029071
EONET_20702,Wildfire in Australia 1029069,Wildfires,2026-06-18T19:00:00Z,133.4865869235844,-12.63219269094247,https://www.gdacs.org/report.aspx?eventtype=WF&eventid=1029069
EONET_20727,Wildfire in Australia 1029080,Wildfires,2026-06-18T19:00:00Z,126.17382743652932,-14.976034208807798,https://www.gdacs.org/report.aspx?eventtype=WF&eventid=1029080
EONET_20728,Wildfire in The Democratic Republic of Congo 1029085,Wildfires,2026-06-18T19:00:00Z,25.02798429658874,-5.241924676405305,https://www.gdacs.org/report.aspx?eventtype=WF&eventid=1029085
EONET_20752,Wildfire in Canada 1029111,Wildfires,2026-06-18T19:00:00Z,-77.1758631249205,54.92102927944625,https://www.gdacs.org/report.aspx?eventtype=WF&eventid=1029111
EONET_20820,Wildfire in Australia 1029180,Wildfires,2026-06-18T19:00:00Z,134.6918410183108,-14.376820867385987,https://www.gdacs.org/report.aspx?eventtype=WF&eventid=1029180
EONET_20855,Wildfire in The Democratic Republic of Congo 1029193,Wildfires,2026-06-18T19:00:00Z,26.118403268402446,-8.511663712624616,https://www.gdacs.org/report.aspx?eventtype=WF&eventid=1029193
EONET_20856,Wildfire in The Democratic Republic of Congo 1029194,Wildfires,2026-06-18T19:00:00Z,23.812610716138824,-3.5266799410167784,https://www.gdacs.org/report.aspx?eventtype=WF&eventid=1029194
EONET_21099,"Wildfire LOST, Kern, California",Wildfires,2026-06-18T12:28:00Z,-119.755,35.4186111,https://irwin.doi.gov/observer/incidents/2026-CAKRN-025007
EONET_20593,Flood in Peru 1103951,Floods,2026-06-17T20:00:00Z,-74.5373433,-8.3907581,https://www.gdacs.org/report.aspx?eventtype=FL&eventid=1103951
EONET_20611,Flood in Poland 1103955,Floods,2026-06-17T20:00:00Z,14.5928676,53.4298114,https://www.gdacs.org/report.aspx?eventtype=FL&eventid=1103955
EONET_20612,Flood in France 1103956,Floods,2026-06-17T20:00:00Z,3.4973822,50.1851628,https://www.gdacs.org/report.aspx?eventtype=FL&eventid=1103956
EONET_20613,Flood in Kyrgyzstan 1103960,Floods,2026-06-17T20:00:00Z,69.5711653,39.9407091,https://www.gdacs.org/report.aspx?eventtype=FL&eventid=1103960
EONET_20596,Wildfire in Zambia 1028982,Wildfires,2026-06-17T19:00:00Z,26.1906523697792,-14.750986927316374,https://www.gdacs.org/report.aspx?eventtype=WF&eventid=1028982
EONET_20597,Wildfire in Australia 1028983,Wildfires,2026-06-17T19:00:00Z,122.60598297756637,-17.228552471207554,https://www.gdacs.org/report.aspx?eventtype=WF&eventid=1028983
EONET_20616,Wildfire in Australia 1029003,Wildfires,2026-06-17T19:00:00Z,142.1613807616356,-12.976175542366292,https://www.gdacs.org/report.aspx?eventtype=WF&eventid=1029003
EONET_20617,Wildfire in Namibia 1028989,Wildfires,2026-06-17T19:00:00Z,17.502759391796555,-19.311759505554054,https://www.gdacs.org/report.aspx?eventtype=WF&eventid=1028989
EONET_20640,Wildfire in The Democratic Republic of Congo 1029007,Wildfires,2026-06-17T19:00:00Z,24.219430305446465,-0.6499673044384144,https://www.gdacs.org/report.aspx?eventtype=WF&eventid=1029007
EONET_20641,Wildfire in Australia 1029013,Wildfires,2026-06-17T19:00:00Z,125.58374333359505,-17.261628507452027,https://www.gdacs.org/report.aspx?eventtype=WF&eventid=1029013
EONET_20663,Wildfire in The Democratic Republic of Congo 1029021,Wildfires,2026-06-17T19:00:00Z,25.12519946585595,-8.47254470396893,https://www.gdacs.org/report.aspx?eventtype=WF&eventid=1029021
EONET_20664,Wildfire in United States 1029037,Wildfires,2026-06-17T19:00:00Z,-114.68549414849474,37.37887286239014,https://www.gdacs.org/report.aspx?eventtype=WF&eventid=1029037
EONET_20665,Wildfire in Tanzania 1029022,Wildfires,2026-06-17T19:00:00Z,30.95228326714311,-4.758574138178614,https://www.gdacs.org/report.aspx?eventtype=WF&eventid=1029022
EONET_20683,Wildfire in The Democratic Republic of Congo 1029043,Wildfires,2026-06-17T19:00:00Z,28.028630834700703,-4.448489137491024,https://www.gdacs.org/report.aspx?eventtype=WF&eventid=1029043
EONET_20684,Wildfire in The Democratic Republic of Congo 1029050,Wildfires,2026-06-17T19:00:00Z,26.711109998997827,-5.650687811389487,https://www.gdacs.org/report.aspx?eventtype=WF&eventid=1029050
EONET_20703,Wildfire in Russian Federation 1029072,Wildfires,2026-06-17T19:00:00Z,170.76752797085783,63.61283819455551,https://www.gdacs.org/report.aspx?eventtype=WF&eventid=1029072
EONET_20704,Wildfire in The Democratic Republic of Congo 1029062,Wildfires,2026-06-17T19:00:00Z,25.393279255393352,-5.347325449031939,https://www.gdacs.org/report.aspx?eventtype=WF&eventid=1029062
EONET_20705,Wildfire in The Democratic Republic of Congo 1029063,Wildfires,2026-06-17T19:00:00Z,23.315608932609308,-3.2472337820385095,https://www.gdacs.org/report.aspx?eventtype=WF&eventid=1029063
EONET_20729,Wildfire in The Democratic Republic of Congo 1029086,Wildfires,2026-06-17T19:00:00Z,23.625281595822624,-3.7383496529445472,https://www.gdacs.org/report.aspx?eventtype=WF&eventid=1029086
EONET_20753,Wildfire in Australia 1029098,Wildfires,2026-06-17T19:00:00Z,142.39406009179825,-12.894247018582808,https://www.gdacs.org/report.aspx?eventtype=WF&eventid=1029098
EONET_20783,Wildfire in The Democratic Republic of Congo 1029118,Wildfires,2026-06-17T19:00:00Z,23.418034881971586,-3.824337092184267,https://www.gdacs.org/report.aspx?eventtype=WF&eventid=1029118
EONET_20784,Wildfire in The Democratic Republic of Congo 1029129,Wildfires,2026-06-17T19:00:00Z,27.797022334906345,-7.617213112898888,https://www.gdacs.org/report.aspx?eventtype=WF&eventid=1029129
EONET_20785,Wildfire in Angola 1029130,Wildfires,2026-06-17T19:00:00Z,18.13614213486807,-9.403615903739084,https://www.gdacs.org/report.aspx?eventtype=WF&eventid=1029130
EONET_20786,Wildfire in The Democratic Republic of Congo 1029131,Wildfires,2026-06-17T19:00:00Z,24.751582531799173,-4.015355859420057,https://www.gdacs.org/report.aspx?eventtype=WF&eventid=1029131
EONET_20787,Wildfire in The Democratic Republic of Congo 1029132,Wildfires,2026-06-17T19:00:00Z,24.23582238505878,-3.6347707397354725,https://www.gdacs.org/report.aspx?eventtype=WF&eventid=1029132
EONET_20788,Wildfire in The Democratic Republic of Congo 1029133,Wildfires,2026-06-17T19:00:00Z,23.827735305023644,-3.340258646723215,https://www.gdacs.org/report.aspx?eventtype=WF&eventid=1029133
EONET_20789,Wildfire in Angola 1029134,Wildfires,2026-06-17T19:00:00Z,20.81807557305656,-7.5580267156193335,https://www.gdacs.org/report.aspx?eventtype=WF&eventid=1029134
EONET_20790,Wildfire in Australia 1029153,Wildfires,2026-06-17T19:00:00Z,132.0264286168712,-18.323964405335353,https://www.gdacs.org/report.aspx?eventtype=WF&eventid=1029153
EONET_20791,Wildfire in Australia 1029154,Wildfires,2026-06-17T19:00:00Z,125.1422537842879,-16.97073005001154,https://www.gdacs.org/report.aspx?eventtype=WF&eventid=1029154
EONET_20876,Wildfire in The Democratic Republic of Congo 1029223,Wildfires,2026-06-17T19:00:00Z,23.84480076225788,-3.348703898315745,https://www.gdacs.org/report.aspx?eventtype=WF&eventid=1029223
EONET_21111,"Wildfire School Lands, Woods, Oklahoma",Wildfires,2026-06-17T18:41:00Z,-99.0227778,36.6627778,https://irwin.doi.gov/observer/incidents/2026-OKOKS-260760
EONET_21097,"Wildfire Coptic, Miami-Dade, Florida",Wildfires,2026-06-17T18:25:00Z,-80.561833,25.684,https://irwin.doi.gov/observer/incidents/2026-FLEVP-001936
EONET_21082,"Wildfire Cable Creek, Umatilla, Oregon",Wildfires,2026-06-17T18:09:00Z,-118.78471,45.12807,https://irwin.doi.gov/observer/incidents/2026-OR973S-000148
EONET_21114,"Prescribed Fire OCF Penner Pond Rx 0618, Marion, Florida",Wildfires,2026-06-17T16:26:00Z,-81.806,29.474,https://irwin.doi.gov/observer/incidents/2026-FLFNF-001934
EONET_21034,"Wildfire Kane Springs, Lincoln, Nevada",Wildfires,2026-06-17T14:56:00Z,-114.630351,37.284493,https://irwin.doi.gov/observer/incidents/2026-NVELD-040107
EONET_21020,"Wildfire Grapevine, Lincoln, Nevada",Wildfires,2026-06-17T14:28:00Z,-114.304702,37.380844,https://irwin.doi.gov/observer/incidents/2026-NVELD-040106
EONET_20558,"Median Wildfire, Gooding, Idaho",Wildfires,2026-06-17T13:57:00Z,-114.767567,42.805867,https://irwin.doi.gov/observer/incidents/5c3a9dc4-43ad-4b51-9110-554a2267d827
EONET_21095,"Wildfire Median, Gooding, Idaho",Wildfires,2026-06-17T13:57:00Z,-114.767567,42.805867,https://irwin.doi.gov/observer/incidents/2026-IDGOX-000081
EONET_20565,"TRAIL 13 (09) Wildfire, Citrus, Florida",Wildfires,2026-06-16T23:57:00Z,-82.4186111,28.7994444,https://irwin.doi.gov/observer/incidents/8d86b276-309e-484d-844e-2f2f6419be72
EONET_21121,"Wildfire TRAIL 13 (09), Citrus, Florida",Wildfires,2026-06-16T23:57:00Z,-82.4186111,28.7994444,https://irwin.doi.gov/observer/incidents/2026-FLFLS-261100459
EONET_20560,"Kartar Wildfire, Okanogan, Washington",Wildfires,2026-06-16T23:43:00Z,-119.390027,48.250361,https://irwin.doi.gov/observer/incidents/860ef78f-f819-411e-b109-ce167510fc50
EONET_21050,"Wildfire Kartar, Okanogan, Washington",Wildfires,2026-06-16T23:43:00Z,-119.390027,48.250361,https://irwin.doi.gov/observer/incidents/2026-WACOA-260106
EONET_20562,"Omak Lake Road Wildfire, Okanogan, Washington",Wildfires,2026-06-16T22:53:00Z,-119.410833,48.274722,https://irwin.doi.gov/observer/incidents/b109ff45-8c62-4301-aef9-77acc3736ac4
EONET_21123,"Wildfire Omak Lake Road, Okanogan, Washington",Wildfires,2026-06-16T22:53:00Z,-119.410833,48.274722,https://irwin.doi.gov/observer/incidents/2026-WACOA-260107
EONET_21039,"Wildfire ROZA, Kittitas, Washington",Wildfires,2026-06-16T22:24:00Z,-120.4575,46.7493,https://irwin.doi.gov/observer/incidents/2026-WASPD-260234
EONET_21024,"Wildfire WELL (13), Miami-Dade, Florida",Wildfires,2026-06-16T21:24:00Z,-80.4038889,25.8430556,https://irwin.doi.gov/observer/incidents/2026-FLFLS-261800093
EONET_21080,"Wildfire Tucannon Mutual Aid, Columbia, Washington",Wildfires,2026-06-16T20:53:00Z,-117.949575,46.489365,https://irwin.doi.gov/observer/incidents/2026-WAWFS-020144
EONET_20594,Flood in Colombia 1103952,Floods,2026-06-16T20:00:00Z,-74.6212148,7.2775955,https://www.gdacs.org/report.aspx?eventtype=FL&eventid=1103952
EONET_20595,Flood in Pakistan 1103953,Floods,2026-06-16T20:00:00Z,70.9090919,31.827527,https://www.gdacs.org/report.aspx?eventtype=FL&eventid=1103953
EONET_20614,Flood in Georgia 1103959,Floods,2026-06-16T20:00:00Z,44.6959371,42.0844709,https://www.gdacs.org/report.aspx?eventtype=FL&eventid=1103959
EONET_20598,Wildfire in Australia 1028984,Wildfires,2026-06-16T19:00:00Z,142.50272780485798,-12.889727879096824,https://www.gdacs.org/report.aspx?eventtype=WF&eventid=1028984
EONET_20618,Wildfire in Ethiopia 1028990,Wildfires,2026-06-16T19:00:00Z,33.94419721295479,8.17301890250419,https://www.gdacs.org/report.aspx?eventtype=WF&eventid=1028990
EONET_20619,Wildfire in Angola 1028991,Wildfires,2026-06-16T19:00:00Z,21.28237288720681,-9.153307000948603,https://www.gdacs.org/report.aspx?eventtype=WF&eventid=1028991
EONET_20620,Wildfire in United States 1029004,Wildfires,2026-06-16T19:00:00Z,-114.26240205437323,37.40256903492005,https://www.gdacs.org/report.aspx?eventtype=WF&eventid=1029004
EONET_20621,Wildfire in Australia 1029005,Wildfires,2026-06-16T19:00:00Z,142.666093938221,-13.036997358955011,https://www.gdacs.org/report.aspx?eventtype=WF&eventid=1029005
EONET_20642,Wildfire in Sudan 1029008,Wildfires,2026-06-16T19:00:00Z,32.55115912277139,8.787266349738575,https://www.gdacs.org/report.aspx?eventtype=WF&eventid=1029008
EONET_20643,Wildfire in Australia 1029019,Wildfires,2026-06-16T19:00:00Z,142.26354718162435,-12.87868427957591,https://www.gdacs.org/report.aspx?eventtype=WF&eventid=1029019
EONET_20666,Wildfire in The Democratic Republic of Congo 1029023,Wildfires,2026-06-16T19:00:00Z,26.547584777490304,-6.104760502486955,https://www.gdacs.org/report.aspx?eventtype=WF&eventid=1029023
EONET_20685,Wildfire in Russian Federation 1029055,Wildfires,2026-06-16T19:00:00Z,92.27775237133214,60.70782880369374,https://www.gdacs.org/report.aspx?eventtype=WF&eventid=1029055
EONET_20686,Wildfire in The Democratic Republic of Congo 1029044,Wildfires,2026-06-16T19:00:00Z,27.3102696552952,-5.901889115235594,https://www.gdacs.org/report.aspx?eventtype=WF&eventid=1029044
EONET_20730,Wildfire in The Democratic Republic of Congo 1029087,Wildfires,2026-06-16T19:00:00Z,20.230146522787244,-6.7610308592132835,https://www.gdacs.org/report.aspx?eventtype=WF&eventid=1029087
EONET_20792,Wildfire in Angola 1029135,Wildfires,2026-06-16T19:00:00Z,17.62171963987245,-9.288827913109987,https://www.gdacs.org/report.aspx?eventtype=WF&eventid=1029135
EONET_20924,Wildfire in Angola 1029250,Wildfires,2026-06-16T19:00:00Z,16.5712712417757,-9.542997591843545,https://www.gdacs.org/report.aspx?eventtype=WF&eventid=1029250
EONET_20559,"Old Emigrant Wildfire, Umatilla, Oregon",Wildfires,2026-06-16T16:43:00Z,-118.615417,45.616957,https://irwin.doi.gov/observer/incidents/7c9d552d-eb84-4cb3-8976-5873efb213a5
EONET_21083,"Wildfire Old Emigrant, Umatilla, Oregon",Wildfires,2026-06-16T16:43:00Z,-118.615417,45.616957,https://irwin.doi.gov/observer/incidents/2026-OR973S-000139
EONET_20561,"Sawmill Wildfire, Iron, Utah",Wildfires,2026-06-16T16:11:00Z,-113.70575,38.09192,https://irwin.doi.gov/observer/incidents/10c567ab-d92d-40ca-a142-d6a6f36c7865
EONET_21048,"Wildfire Sawmill, Iron, Utah",Wildfires,2026-06-16T16:11:00Z,-113.714044,38.086724,https://irwin.doi.gov/observer/incidents/2026-UTCPD-000225
EONET_20563,"LINCOLN Wildfire, Merced, California",Wildfires,2026-06-16T13:07:00Z,-120.725895,37.277012,https://irwin.doi.gov/observer/incidents/023a7052-d8c3-44c2-bdd6-88e163cc7d66
EONET_21065,"Wildfire LINCOLN, Merced, California",Wildfires,2026-06-16T13:07:00Z,-120.725895,37.277012,https://irwin.doi.gov/observer/incidents/2026-CAMMU-012074
EONET_20567,"QUARRY 2 (13) Wildfire, Miami-Dade, Florida",Wildfires,2026-06-15T22:51:00Z,-80.4233333,25.8116667,https://irwin.doi.gov/observer/incidents/68b107c6-f3de-4663-b19f-5e5de9243ace
EONET_21022,"Wildfire QUARRY 2 (13), Miami-Dade, Florida",Wildfires,2026-06-15T22:51:00Z,-80.4233333,25.8116667,https://irwin.doi.gov/observer/incidents/2026-FLFLS-261800092
EONET_20568,"CHALK Wildfire, Elmore, Idaho",Wildfires,2026-06-15T20:55:00Z,-115.531195,42.979816,https://irwin.doi.gov/observer/incidents/380e90a2-31a4-4bfc-81d2-32f300e90f86
EONET_21076,"Wildfire CHALK, Elmore, Idaho",Wildfires,2026-06-15T20:55:00Z,-115.531195,42.979816,https://irwin.doi.gov/observer/incidents/2026-IDBOD-000460
EONET_21018,"Wildfire Sycamore, Gila, Arizona",Wildfires,2026-06-15T20:37:00Z,-110.754833,33.624167,https://irwin.doi.gov/observer/incidents/2026-AZTNF-000839
EONET_20540,Flood in Spain 1103948,Floods,2026-06-15T20:00:00Z,-1.4860622,43.1653625,https://www.gdacs.org/report.aspx?eventtype=FL&eventid=1103948
EONET_20573,Wildfire in Botswana 1028958,Wildfires,2026-06-15T19:00:00Z,22.701468830992944,-20.498318994572664,https://www.gdacs.org/report.aspx?eventtype=WF&eventid=1028958
EONET_20586,Wildfire in Australia 1028975,Wildfires,2026-06-15T19:00:00Z,142.49166947583655,-13.187878925025368,https://www.gdacs.org/report.aspx?eventtype=WF&eventid=1028975
EONET_20599,Wildfire in Russian Federation 1028985,Wildfires,2026-06-15T19:00:00Z,84.96869862664218,59.48171950413898,https://www.gdacs.org/report.aspx?eventtype=WF&eventid=1028985
EONET_20622,Wildfire in Ethiopia 1028992,Wildfires,2026-06-15T19:00:00Z,33.827655584976874,8.082010231718773,https://www.gdacs.org/report.aspx?eventtype=WF&eventid=1028992
EONET_20687,Wildfire in Australia 1029056,Wildfires,2026-06-15T19:00:00Z,132.5475552356966,-13.019726871052464,https://www.gdacs.org/report.aspx?eventtype=WF&eventid=1029056
EONET_20706,Wildfire in The Democratic Republic of Congo 1029064,Wildfires,2026-06-15T19:00:00Z,23.40133997788168,-2.2376612751507214,https://www.gdacs.org/report.aspx?eventtype=WF&eventid=1029064
EONET_20707,Wildfire in The Democratic Republic of Congo 1029065,Wildfires,2026-06-15T19:00:00Z,23.398102493541003,-3.3653420244323815,https://www.gdacs.org/report.aspx?eventtype=WF&eventid=1029065
EONET_20754,Wildfire in The Democratic Republic of Congo 1029106,Wildfires,2026-06-15T19:00:00Z,23.75017886473509,-8.904755888175293,https://www.gdacs.org/report.aspx?eventtype=WF&eventid=1029106
EONET_20755,Wildfire in The Democratic Republic of Congo 1029107,Wildfires,2026-06-15T19:00:00Z,23.65027220697667,-3.839760678987939,https://www.gdacs.org/report.aspx?eventtype=WF&eventid=1029107
EONET_20756,Wildfire in The Democratic Republic of Congo 1029108,Wildfires,2026-06-15T19:00:00Z,23.626797274307332,-3.340591145345517,https://www.gdacs.org/report.aspx?eventtype=WF&eventid=1029108
EONET_20793,Wildfire in The Democratic Republic of Congo 1029119,Wildfires,2026-06-15T19:00:00Z,23.7478283856425,-3.230017021717498,https://www.gdacs.org/report.aspx?eventtype=WF&eventid=1029119
EONET_20794,Wildfire in Australia 1029155,Wildfires,2026-06-15T19:00:00Z,142.7496338534703,-14.20261479668398,https://www.gdacs.org/report.aspx?eventtype=WF&eventid=1029155
EONET_20821,Wildfire in The Democratic Republic of Congo 1029163,Wildfires,2026-06-15T19:00:00Z,26.672286802008326,-6.699741061186849,https://www.gdacs.org/report.aspx?eventtype=WF&eventid=1029163
EONET_20569,"Dellenbaugh Wildfire, Mohave, Arizona",Wildfires,2026-06-15T18:32:00Z,-113.535333,36.075,https://irwin.doi.gov/observer/incidents/d2a2e720-cb4f-4f98-a6c6-3417fa0ad791
EONET_21074,"Wildfire Dellenbaugh, Mohave, Arizona",Wildfires,2026-06-15T18:32:00Z,-113.535333,36.075,https://irwin.doi.gov/observer/incidents/2026-NVLAP-000211
EONET_20570,"APQ Area 5A RX 0615 Prescribed Fire, Polk, Florida",Wildfires,2026-06-15T18:30:00Z,-81.330714,27.720842,https://irwin.doi.gov/observer/incidents/2a3db5ce-77d5-4236-9b66-4e227dd2a974
EONET_21126,"Prescribed Fire APQ Area 5A RX 0615, Polk, Florida",Wildfires,2026-06-15T18:30:00Z,-81.330714,27.720842,https://irwin.doi.gov/observer/incidents/2026-FLAPQ-001911
EONET_20564,"SHORE Wildfire, Riverside, California",Wildfires,2026-06-15T18:24:00Z,-117.103582,33.976656,https://irwin.doi.gov/observer/incidents/03f662a5-8682-4222-802b-db472aa03c6a
EONET_21100,"Wildfire SHORE., Riverside, California",Wildfires,2026-06-15T18:24:00Z,-117.103582,33.976656,https://irwin.doi.gov/observer/incidents/2026-CARRU-096793
EONET_21113,"Wildfire MATEO, San Diego, California",Wildfires,2026-06-15T17:58:00Z,-117.487667,33.462444,https://irwin.doi.gov/observer/incidents/2026-CAPMQ-002208
EONET_20566,"Rock Canyon Wildfire, Coconino, Arizona",Wildfires,2026-06-15T17:00:00Z,-112.2032,36.9157,https://irwin.doi.gov/observer/incidents/132c618c-7786-4fbc-852a-23493bf028f9
EONET_21012,"Wildfire Rock Canyon, Coconino, Arizona",Wildfires,2026-06-15T17:00:00Z,-112.2032,36.9157,https://irwin.doi.gov/observer/incidents/2026-AZA1S-000208
EONET_20710,"Nevados del Chillan Volcano, Chile",Volcanoes,2026-06-15T00:00:00Z,-71.378,-36.868,https://volcano.si.edu/volcano.cfm?vn=357070
EONET_20541,Flood in Portugal 1103947,Floods,2026-06-14T20:00:00Z,-7.128034,40.7818172,https://www.gdacs.org/report.aspx?eventtype=FL&eventid=1103947
EONET_20542,Flood in Tunisia 1103945,Floods,2026-06-14T20:00:00Z,8.3547342,36.2220401,https://www.gdacs.org/report.aspx?eventtype=FL&eventid=1103945
EONET_20543,Flood in Bosnia &amp; Herzegovina 1103946,Floods,2026-06-14T20:00:00Z,18.4309501,43.8591032,https://www.gdacs.org/report.aspx?eventtype=FL&eventid=1103946
EONET_20572,Flood in Guatemala 1103949,Floods,2026-06-14T20:00:00Z,-91.5647814,14.3040004,https://www.gdacs.org/report.aspx?eventtype=FL&eventid=1103949
EONET_20585,Flood in Indonesia 1103950,Floods,2026-06-14T20:00:00Z,95.9715039,4.418877,https://www.gdacs.org/report.aspx?eventtype=FL&eventid=1103950
EONET_20520,"Green Gate (26) Wildfire, Hendry, Florida",Wildfires,2026-06-14T19:39:00Z,-81.1661111,26.3666667,https://irwin.doi.gov/observer/incidents/4938d3ea-e3f3-4275-bbdb-d6cd0251c8e2
EONET_20502,Wildfire in Australia 1028924,Wildfires,2026-06-14T19:00:00Z,142.4122203856778,-16.42474695553931,https://www.gdacs.org/report.aspx?eventtype=WF&eventid=1028924
EONET_20503,Wildfire in Australia 1028925,Wildfires,2026-06-14T19:00:00Z,142.11171560309728,-14.180763159781863,https://www.gdacs.org/report.aspx?eventtype=WF&eventid=1028925
EONET_20544,Wildfire in Russian Federation 1028945,Wildfires,2026-06-14T19:00:00Z,124.13665965620173,55.30943714180636,https://www.gdacs.org/report.aspx?eventtype=WF&eventid=1028945
EONET_20574,Wildfire in The Democratic Republic of Congo 1028962,Wildfires,2026-06-14T19:00:00Z,18.450912929468224,-6.45130603213751,https://www.gdacs.org/report.aspx?eventtype=WF&eventid=1028962
EONET_20575,Wildfire in United States 1028966,Wildfires,2026-06-14T19:00:00Z,-80.45082944340456,25.846417396054804,https://www.gdacs.org/report.aspx?eventtype=WF&eventid=1028966
EONET_20600,Wildfire in Russian Federation 1028986,Wildfires,2026-06-14T19:00:00Z,84.10133965754613,62.60644180644274,https://www.gdacs.org/report.aspx?eventtype=WF&eventid=1028986
EONET_20623,Wildfire in Russian Federation 1028987,Wildfires,2026-06-14T19:00:00Z,87.74306584160698,61.96475783411119,https://www.gdacs.org/report.aspx?eventtype=WF&eventid=1028987
EONET_20644,Wildfire in The Democratic Republic of Congo 1029009,Wildfires,2026-06-14T19:00:00Z,27.82944431859159,-4.499010417757006,https://www.gdacs.org/report.aspx?eventtype=WF&eventid=1029009
EONET_20667,Wildfire in The Democratic Republic of Congo 1029024,Wildfires,2026-06-14T19:00:00Z,20.08874607944617,-6.644427977902156,https://www.gdacs.org/report.aspx?eventtype=WF&eventid=1029024
EONET_20688,Wildfire in The Democratic Republic of Congo 1029045,Wildfires,2026-06-14T19:00:00Z,25.661355342720743,-7.217288211863029,https://www.gdacs.org/report.aspx?eventtype=WF&eventid=1029045
EONET_20689,Wildfire in Australia 1029049,Wildfires,2026-06-14T19:00:00Z,142.10644030548994,-13.794804591262723,https://www.gdacs.org/report.aspx?eventtype=WF&eventid=1029049
EONET_20708,Wildfire in The Democratic Republic of Congo 1029066,Wildfires,2026-06-14T19:00:00Z,23.77714566080545,-3.8721477375559936,https://www.gdacs.org/report.aspx?eventtype=WF&eventid=1029066
EONET_20857,Wildfire in The Democratic Republic of Congo 1029195,Wildfires,2026-06-14T19:00:00Z,27.496208591549752,-7.29206059206568,https://www.gdacs.org/report.aspx?eventtype=WF&eventid=1029195
EONET_20523,"MIDNIGHT FIRE (53) Wildfire, Polk, Florida",Wildfires,2026-06-14T17:18:00Z,-81.9430556,27.7152778,https://irwin.doi.gov/observer/incidents/c61d92b4-87be-470d-ae01-0835c4bbfa08
EONET_21129,"Wildfire MIDNIGHT FIRE (53), Polk, Florida",Wildfires,2026-06-14T17:18:00Z,-81.9430556,27.7152778,https://irwin.doi.gov/observer/incidents/2026-FLFLS-261400311
EONET_21103,"Wildfire OIE, Benton, Washington",Wildfires,2026-06-14T16:42:00Z,-119.57664,46.27276,https://irwin.doi.gov/observer/incidents/2026-WABENN-260224
EONET_20516,"4170 Tule Rd Wildfire, Yakima, Washington",Wildfires,2026-06-14T16:30:00Z,-120.3144,46.27602,https://irwin.doi.gov/observer/incidents/508c8cf0-37e0-4de8-8135-3ecd306c7386
EONET_21072,"Wildfire 4170 Tule Rd, Yakima, Washington",Wildfires,2026-06-14T16:30:00Z,-120.3144,46.27602,https://irwin.doi.gov/observer/incidents/2026-WAYAA-000023
EONET_20514,"PV Wildfire, Ada, Idaho",Wildfires,2026-06-14T14:52:00Z,-116.220336,43.363867,https://irwin.doi.gov/observer/incidents/c8ced12a-10c8-4afb-a3a6-125e4eee44fa
EONET_21078,"Wildfire PV, Ada, Idaho",Wildfires,2026-06-14T14:52:00Z,-116.220336,43.363867,https://irwin.doi.gov/observer/incidents/2026-IDBOD-000452
EONET_20513,"Rookery Wildfire, Volusia, Florida",Wildfires,2026-06-14T10:57:00Z,-81.426633,29.07815,https://irwin.doi.gov/observer/incidents/6e1a283f-4803-4eb5-8b92-ad3f2431cc30
EONET_21042,"Wildfire Rookery, Volusia, Florida",Wildfires,2026-06-14T10:57:00Z,-81.426633,29.07815,https://irwin.doi.gov/observer/incidents/2026-FLLWR-001886
EONET_20571,"TWIN SISTERS Wildfire, Walla Walla, Washington",Wildfires,2026-06-14T10:26:00Z,-118.90997,46.05679,https://irwin.doi.gov/observer/incidents/40432b79-397f-4c30-8667-2dce4a76a6fe
EONET_21102,"Wildfire TWIN SISTERS, Walla Walla, Washington",Wildfires,2026-06-14T10:26:00Z,-118.90997,46.05679,https://irwin.doi.gov/observer/incidents/2026-WAWFS-260222
EONET_20517,"JUNIPER DUNES Wildfire, Franklin, Washington",Wildfires,2026-06-14T10:25:00Z,-118.896108,46.346137,https://irwin.doi.gov/observer/incidents/2bf2fcd4-a94b-4bc9-a0c2-32da863eeb9b
EONET_21041,"Wildfire JUNIPER DUNES, Franklin, Washington",Wildfires,2026-06-14T10:25:00Z,-118.896108,46.346137,https://irwin.doi.gov/observer/incidents/2026-WASPD-260221
EONET_20525,Flood in Mexico 1103944,Floods,2026-06-13T20:00:00Z,-100.5403411,28.6913408,https://www.gdacs.org/report.aspx?eventtype=FL&eventid=1103944
EONET_20504,Wildfire in Australia 1028926,Wildfires,2026-06-13T19:00:00Z,133.7543429063048,-13.384087398001604,https://www.gdacs.org/report.aspx?eventtype=WF&eventid=1028926
EONET_20545,Wildfire in Brazil 1028953,Wildfires,2026-06-13T19:00:00Z,-46.965508689198586,-8.960977424300507,https://www.gdacs.org/report.aspx?eventtype=WF&eventid=1028953
EONET_20587,Wildfire in Australia 1028976,Wildfires,2026-06-13T19:00:00Z,134.11192959313942,-13.173954249625826,https://www.gdacs.org/report.aspx?eventtype=WF&eventid=1028976
EONET_20601,Wildfire in The Democratic Republic of Congo 1028979,Wildfires,2026-06-13T19:00:00Z,26.70489596898491,-6.197986898893775,https://www.gdacs.org/report.aspx?eventtype=WF&eventid=1028979
EONET_20602,Wildfire in Russian Federation 1028977,Wildfires,2026-06-13T19:00:00Z,84.29235935069956,60.21142745927929,https://www.gdacs.org/report.aspx?eventtype=WF&eventid=1028977
EONET_20624,Wildfire in Russian Federation 1029000,Wildfires,2026-06-13T19:00:00Z,85.29215801248367,62.37002166829888,https://www.gdacs.org/report.aspx?eventtype=WF&eventid=1029000
EONET_20645,Wildfire in Australia 1029014,Wildfires,2026-06-13T19:00:00Z,127.46582178552953,-15.654768253135154,https://www.gdacs.org/report.aspx?eventtype=WF&eventid=1029014
EONET_20668,Wildfire in The Democratic Republic of Congo 1029025,Wildfires,2026-06-13T19:00:00Z,26.81981085009369,-6.250826995793532,https://www.gdacs.org/report.aspx?eventtype=WF&eventid=1029025
EONET_20690,Wildfire in The Democratic Republic of Congo 1029046,Wildfires,2026-06-13T19:00:00Z,19.88705364564587,-6.326262862073974,https://www.gdacs.org/report.aspx?eventtype=WF&eventid=1029046
EONET_20731,Wildfire in Russian Federation 1029081,Wildfires,2026-06-13T19:00:00Z,94.14619780744353,61.94273753838612,https://www.gdacs.org/report.aspx?eventtype=WF&eventid=1029081
EONET_20757,Wildfire in The Democratic Republic of Congo 1029109,Wildfires,2026-06-13T19:00:00Z,24.415310680933064,-3.4685724849698985,https://www.gdacs.org/report.aspx?eventtype=WF&eventid=1029109
EONET_20795,Wildfire in The Democratic Republic of Congo 1029136,Wildfires,2026-06-13T19:00:00Z,24.2835958751097,-3.052031060236759,https://www.gdacs.org/report.aspx?eventtype=WF&eventid=1029136
EONET_20519,"WYLY Wildfire, Kern, California",Wildfires,2026-06-13T17:54:00Z,-118.6341667,35.2638889,https://irwin.doi.gov/observer/incidents/8a228972-3098-42ab-9d28-5e402cd514bf
EONET_21125,"Wildfire WYLY, Kern, California",Wildfires,2026-06-13T17:54:00Z,-118.6341667,35.2638889,https://irwin.doi.gov/observer/incidents/2026-CAKRN-024220
EONET_20515,"26 Wildfire, Morton, Kansas",Wildfires,2026-06-13T15:16:00Z,-101.5906,37.1118,https://irwin.doi.gov/observer/incidents/79502bc1-5c23-420d-a637-83a37410215c
EONET_21128,"Wildfire 26, Morton, Kansas",Wildfires,2026-06-13T15:16:00Z,-101.5906,37.1118,https://irwin.doi.gov/observer/incidents/2026-KSMTX-000930
EONET_20518,"SNAKE RIVER Wildfire, Whitman, Washington",Wildfires,2026-06-13T10:37:00Z,-117.19118,46.4322,https://irwin.doi.gov/observer/incidents/6cdddfc2-32e2-4ed0-8e24-401809af71a3
EONET_21117,"Wildfire SNAKE RIVER, Whitman, Washington",Wildfires,2026-06-13T10:37:00Z,-117.19118,46.4322,https://irwin.doi.gov/observer/incidents/2026-WAWFS-001375
EONET_20499,Flood in Philippines 1103942,Floods,2026-06-12T20:00:00Z,124.8500742,5.8883557,https://www.gdacs.org/report.aspx?eventtype=FL&eventid=1103942
EONET_20500,Flood in Türkiye 1103943,Floods,2026-06-12T20:00:00Z,32.8087786,39.9661061,https://www.gdacs.org/report.aspx?eventtype=FL&eventid=1103943
EONET_20484,Wildfire in Zambia 1028904,Wildfires,2026-06-12T19:00:00Z,25.443081972078488,-15.346593303789502,https://www.gdacs.org/report.aspx?eventtype=WF&eventid=1028904
EONET_20526,Wildfire in The Democratic Republic of Congo 1028930,Wildfires,2026-06-12T19:00:00Z,18.623358436994593,-6.555369269013503,https://www.gdacs.org/report.aspx?eventtype=WF&eventid=1028930
EONET_20546,Wildfire in The Democratic Republic of Congo 1028946,Wildfires,2026-06-12T19:00:00Z,23.977568377255142,-4.056770052776474,https://www.gdacs.org/report.aspx?eventtype=WF&eventid=1028946
EONET_20547,Wildfire in The Democratic Republic of Congo 1028947,Wildfires,2026-06-12T19:00:00Z,17.85086225927886,-6.8836776933868995,https://www.gdacs.org/report.aspx?eventtype=WF&eventid=1028947
EONET_20548,Wildfire in Brazil 1028954,Wildfires,2026-06-12T19:00:00Z,-48.49549197652227,-6.153689443693378,https://www.gdacs.org/report.aspx?eventtype=WF&eventid=1028954
EONET_20576,Wildfire in Tanzania 1028959,Wildfires,2026-06-12T19:00:00Z,34.95961391380694,-1.658830674043192,https://www.gdacs.org/report.aspx?eventtype=WF&eventid=1028959
EONET_20588,Wildfire in Botswana 1028971,Wildfires,2026-06-12T19:00:00Z,22.694404223669373,-20.502798342804272,https://www.gdacs.org/report.aspx?eventtype=WF&eventid=1028971
EONET_20589,"Wildfire in Ethiopia, Sudan 1028970",Wildfires,2026-06-12T19:00:00Z,33.70464652764423,7.695250366361293,https://www.gdacs.org/report.aspx?eventtype=WF&eventid=1028970
EONET_20603,Wildfire in The Democratic Republic of Congo 1028980,Wildfires,2026-06-12T19:00:00Z,24.46378980795887,-3.310305267748899,https://www.gdacs.org/report.aspx?eventtype=WF&eventid=1028980
EONET_20691,Wildfire in The Democratic Republic of Congo 1029047,Wildfires,2026-06-12T19:00:00Z,23.790377908063736,-3.1486581410662087,https://www.gdacs.org/report.aspx?eventtype=WF&eventid=1029047
EONET_20732,Wildfire in The Democratic Republic of Congo 1029088,Wildfires,2026-06-12T19:00:00Z,24.104795094336218,-3.5746352362057805,https://www.gdacs.org/report.aspx?eventtype=WF&eventid=1029088
EONET_20733,Wildfire in The Democratic Republic of Congo 1029089,Wildfires,2026-06-12T19:00:00Z,24.556964190227195,-3.7019539698896273,https://www.gdacs.org/report.aspx?eventtype=WF&eventid=1029089
EONET_20522,"Kilolitna Wildfire, Yukon-Koyukuk, Alaska",Wildfires,2026-06-12T12:12:00Z,-151.805649,66.047957,https://irwin.doi.gov/observer/incidents/2b964609-cd9a-49ca-9cfd-7f619752086e
EONET_21112,"Wildfire Kilolitna, Yukon-Koyukuk, Alaska",Wildfires,2026-06-12T12:12:00Z,-151.805649,66.047957,https://irwin.doi.gov/observer/incidents/2026-AKTAD-000177
EONET_20524,"Unit 16/20 Rx Prescribed Fire, Bibb, Alabama",Wildfires,2026-06-12T11:08:00Z,-87.047567,33.062922,https://irwin.doi.gov/observer/incidents/c12a7126-d9c6-4bf7-be0f-2b05fe17d037
EONET_21130,"Prescribed Fire Unit 16/20 Rx, Bibb, Alabama",Wildfires,2026-06-12T11:08:00Z,-87.047567,33.062922,https://irwin.doi.gov/observer/incidents/2026-ALCRR-000346
EONET_21066,"Wildfire Canyon, Yukon-Koyukuk, Alaska",Wildfires,2026-06-11T21:35:00Z,-150.813113,65.449075,https://irwin.doi.gov/observer/incidents/2026-AKTAD-000174
EONET_20450,Wildfire in Australia 1028879,Wildfires,2026-06-11T19:00:00Z,142.5443337537059,-12.589260915633671,https://www.gdacs.org/report.aspx?eventtype=WF&eventid=1028879
EONET_20466,Wildfire in The Democratic Republic of Congo 1028886,Wildfires,2026-06-11T19:00:00Z,19.31206592998262,-6.637666471031358,https://www.gdacs.org/report.aspx?eventtype=WF&eventid=1028886
EONET_20467,Wildfire in Brazil 1028897,Wildfires,2026-06-11T19:00:00Z,-46.69050869237126,-11.235138379626322,https://www.gdacs.org/report.aspx?eventtype=WF&eventid=1028897
EONET_20468,Wildfire in Australia 1028898,Wildfires,2026-06-11T19:00:00Z,131.50193435101338,-13.51797962948999,https://www.gdacs.org/report.aspx?eventtype=WF&eventid=1028898
EONET_20485,Wildfire in Australia 1028905,Wildfires,2026-06-11T19:00:00Z,133.57779815647447,-14.058115110567558,https://www.gdacs.org/report.aspx?eventtype=WF&eventid=1028905
EONET_20486,Wildfire in Australia 1028916,Wildfires,2026-06-11T19:00:00Z,131.54984883415122,-13.525345177490214,https://www.gdacs.org/report.aspx?eventtype=WF&eventid=1028916
EONET_20487,Wildfire in Australia 1028917,Wildfires,2026-06-11T19:00:00Z,123.90413525809804,-16.73887624222877,https://www.gdacs.org/report.aspx?eventtype=WF&eventid=1028917
EONET_20527,Wildfire in The Democratic Republic of Congo 1028931,Wildfires,2026-06-11T19:00:00Z,26.654605406979535,-6.432781445978022,https://www.gdacs.org/report.aspx?eventtype=WF&eventid=1028931
EONET_20549,Wildfire in Russian Federation 1028955,Wildfires,2026-06-11T19:00:00Z,90.59795115567998,59.10097386058258,https://www.gdacs.org/report.aspx?eventtype=WF&eventid=1028955
EONET_20550,Wildfire in Russian Federation 1028956,Wildfires,2026-06-11T19:00:00Z,90.30910946477005,59.43320857144882,https://www.gdacs.org/report.aspx?eventtype=WF&eventid=1028956
EONET_20577,Wildfire in Russian Federation 1028967,Wildfires,2026-06-11T19:00:00Z,89.73283093991624,59.32636467487234,https://www.gdacs.org/report.aspx?eventtype=WF&eventid=1028967
EONET_20578,Wildfire in Russian Federation 1028960,Wildfires,2026-06-11T19:00:00Z,90.46594449141688,59.81861323323651,https://www.gdacs.org/report.aspx?eventtype=WF&eventid=1028960
EONET_20579,Wildfire in The Democratic Republic of Congo 1028963,Wildfires,2026-06-11T19:00:00Z,20.23125169468678,-6.518747404072268,https://www.gdacs.org/report.aspx?eventtype=WF&eventid=1028963
EONET_20625,Wildfire in The Democratic Republic of Congo 1029001,Wildfires,2026-06-11T19:00:00Z,26.68866959949124,-6.278085488862925,https://www.gdacs.org/report.aspx?eventtype=WF&eventid=1029001
EONET_20626,Wildfire in The Democratic Republic of Congo 1028994,Wildfires,2026-06-11T19:00:00Z,23.271813481311348,-3.138934208336005,https://www.gdacs.org/report.aspx?eventtype=WF&eventid=1028994
EONET_20627,Wildfire in Russian Federation 1028993,Wildfires,2026-06-11T19:00:00Z,90.8916699258175,59.08953351363435,https://www.gdacs.org/report.aspx?eventtype=WF&eventid=1028993
EONET_20646,Wildfire in The Democratic Republic of Congo 1029010,Wildfires,2026-06-11T19:00:00Z,29.08837926046672,-4.493932549299573,https://www.gdacs.org/report.aspx?eventtype=WF&eventid=1029010
EONET_20692,Wildfire in The Democratic Republic of Congo 1029041,Wildfires,2026-06-11T19:00:00Z,24.366046589050217,-3.1960516062593283,https://www.gdacs.org/report.aspx?eventtype=WF&eventid=1029041
EONET_20734,Wildfire in The Democratic Republic of Congo 1029090,Wildfires,2026-06-11T19:00:00Z,23.86021890179692,-2.921777812636492,https://www.gdacs.org/report.aspx?eventtype=WF&eventid=1029090
EONET_20735,Wildfire in The Democratic Republic of Congo 1029091,Wildfires,2026-06-11T19:00:00Z,24.007631852229157,-3.3034219456846543,https://www.gdacs.org/report.aspx?eventtype=WF&eventid=1029091
EONET_20758,Wildfire in Russian Federation 1029099,Wildfires,2026-06-11T19:00:00Z,90.54392198988677,59.94051406709327,https://www.gdacs.org/report.aspx?eventtype=WF&eventid=1029099
EONET_20796,Wildfire in The Democratic Republic of Congo 1029137,Wildfires,2026-06-11T19:00:00Z,28.22153387806352,-6.92710723563813,https://www.gdacs.org/report.aspx?eventtype=WF&eventid=1029137
EONET_20465,Flood in Malaysia 1103939,Floods,2026-06-10T20:00:00Z,113.0472803,3.1874261,https://www.gdacs.org/report.aspx?eventtype=FL&eventid=1103939
EONET_20501,Flood in Brazil 1103940,Floods,2026-06-10T20:00:00Z,-51.8148872,-24.4842187,https://www.gdacs.org/report.aspx?eventtype=FL&eventid=1103940
EONET_20469,Wildfire in Australia 1028899,Wildfires,2026-06-10T19:00:00Z,134.70337611487264,-12.825820366179915,https://www.gdacs.org/report.aspx?eventtype=WF&eventid=1028899
EONET_20470,Wildfire in Australia 1028900,Wildfires,2026-06-10T19:00:00Z,131.06509261805598,-13.401184701168486,https://www.gdacs.org/report.aspx?eventtype=WF&eventid=1028900
EONET_20488,Wildfire in Angola 1028906,Wildfires,2026-06-10T19:00:00Z,21.485915841357635,-12.900538969682545,https://www.gdacs.org/report.aspx?eventtype=WF&eventid=1028906
EONET_20489,Wildfire in Australia 1028918,Wildfires,2026-06-10T19:00:00Z,134.0722774186489,-13.071537368803869,https://www.gdacs.org/report.aspx?eventtype=WF&eventid=1028918
EONET_20505,Wildfire in Tanzania 1028919,Wildfires,2026-06-10T19:00:00Z,31.044582825023248,-4.808194809466016,https://www.gdacs.org/report.aspx?eventtype=WF&eventid=1028919
EONET_20528,Wildfire in The Democratic Republic of Congo 1028932,Wildfires,2026-06-10T19:00:00Z,26.961049660862546,-9.048126851549338,https://www.gdacs.org/report.aspx?eventtype=WF&eventid=1028932
EONET_20529,Wildfire in Australia 1028942,Wildfires,2026-06-10T19:00:00Z,125.12547101184913,-15.215824890028825,https://www.gdacs.org/report.aspx?eventtype=WF&eventid=1028942
EONET_20551,Wildfire in The Democratic Republic of Congo 1028949,Wildfires,2026-06-10T19:00:00Z,23.9553298513203,-3.2119000108911697,https://www.gdacs.org/report.aspx?eventtype=WF&eventid=1028949
EONET_20552,Wildfire in Russian Federation 1028944,Wildfires,2026-06-10T19:00:00Z,90.25356240066354,59.53666449529018,https://www.gdacs.org/report.aspx?eventtype=WF&eventid=1028944
EONET_20553,Wildfire in The Democratic Republic of Congo 1028948,Wildfires,2026-06-10T19:00:00Z,24.008266238539104,-3.5286935901511143,https://www.gdacs.org/report.aspx?eventtype=WF&eventid=1028948
EONET_20580,Wildfire in Russian Federation 1028968,Wildfires,2026-06-10T19:00:00Z,90.79069651383392,59.486333004601875,https://www.gdacs.org/report.aspx?eventtype=WF&eventid=1028968
EONET_20590,Wildfire in Australia 1028973,Wildfires,2026-06-10T19:00:00Z,141.80261052925601,-13.305037312166528,https://www.gdacs.org/report.aspx?eventtype=WF&eventid=1028973
EONET_20628,Wildfire in The Democratic Republic of Congo 1028995,Wildfires,2026-06-10T19:00:00Z,24.413296725382992,-3.3252019820138274,https://www.gdacs.org/report.aspx?eventtype=WF&eventid=1028995
EONET_20647,Wildfire in The Democratic Republic of Congo 1029011,Wildfires,2026-06-10T19:00:00Z,27.220687475091363,-9.324576792725999,https://www.gdacs.org/report.aspx?eventtype=WF&eventid=1029011
EONET_20669,Wildfire in Russian Federation 1029020,Wildfires,2026-06-10T19:00:00Z,88.95192673535956,60.80062652115256,https://www.gdacs.org/report.aspx?eventtype=WF&eventid=1029020
EONET_20670,Wildfire in The Democratic Republic of Congo 1029026,Wildfires,2026-06-10T19:00:00Z,24.48948354755528,-3.931595500695285,https://www.gdacs.org/report.aspx?eventtype=WF&eventid=1029026
EONET_20446,"Little Schloss RX Prescribed Fire, Shenandoah, Virginia",Wildfires,2026-06-10T14:51:00Z,-78.636,38.925944,https://irwin.doi.gov/observer/incidents/f066e958-c756-47ce-bfc2-434cea024aec
EONET_21132,"Prescribed Fire Little Schloss RX, Shenandoah, Virginia",Wildfires,2026-06-10T14:51:00Z,-78.636,38.925944,https://irwin.doi.gov/observer/incidents/2026-VAVAF-260053
EONET_20445,"CR X and CR 2 Wildfire, Prowers, Colorado",Wildfires,2026-06-09T21:20:00Z,-102.726028,37.966389,https://irwin.doi.gov/observer/incidents/9732982a-81ab-48e6-8e0f-47cefbe60ac2
EONET_21124,"Wildfire CR X and CR 2, Prowers, Colorado",Wildfires,2026-06-09T21:20:00Z,-102.726028,37.966389,https://irwin.doi.gov/observer/incidents/2026-COPWX-000894
EONET_20442,"South Fork Wildfire, Sioux, Nebraska",Wildfires,2026-06-09T20:08:00Z,-103.638333,42.659167,https://irwin.doi.gov/observer/incidents/979b5387-72fa-480b-bd4f-cde2c4fe9ed3
EONET_21098,"Wildfire South Fork, Sioux, Nebraska",Wildfires,2026-06-09T20:08:00Z,-103.638333,42.659167,https://irwin.doi.gov/observer/incidents/2026-NENBF-260530
EONET_20425,Wildfire in United States 1028867,Wildfires,2026-06-09T19:00:00Z,-103.57346060509505,42.67068758222755,https://www.gdacs.org/report.aspx?eventtype=WF&eventid=1028867
EONET_20426,Wildfire in Australia 1028855,Wildfires,2026-06-09T19:00:00Z,130.92042005514722,-13.339263985718068,https://www.gdacs.org/report.aspx?eventtype=WF&eventid=1028855
EONET_20451,Wildfire in Australia 1028880,Wildfires,2026-06-09T19:00:00Z,131.0001419093015,-13.282113678366679,https://www.gdacs.org/report.aspx?eventtype=WF&eventid=1028880
EONET_20452,Wildfire in Australia 1028881,Wildfires,2026-06-09T19:00:00Z,127.73374021630556,-14.901558728921803,https://www.gdacs.org/report.aspx?eventtype=WF&eventid=1028881
EONET_20490,Wildfire in The Democratic Republic of Congo 1028907,Wildfires,2026-06-09T19:00:00Z,15.95080548856075,-5.304109958783614,https://www.gdacs.org/report.aspx?eventtype=WF&eventid=1028907
EONET_20506,Wildfire in Australia 1028927,Wildfires,2026-06-09T19:00:00Z,131.0466955323972,-13.08989511599587,https://www.gdacs.org/report.aspx?eventtype=WF&eventid=1028927
EONET_20507,Wildfire in Australia 1028928,Wildfires,2026-06-09T19:00:00Z,131.59066998927796,-13.957595703289067,https://www.gdacs.org/report.aspx?eventtype=WF&eventid=1028928
EONET_20530,Wildfire in Tanzania 1028933,Wildfires,2026-06-09T19:00:00Z,31.286400291297326,-3.8894758089700363,https://www.gdacs.org/report.aspx?eventtype=WF&eventid=1028933
EONET_20554,Wildfire in Australia 1028957,Wildfires,2026-06-09T19:00:00Z,123.09911450100296,-17.144721182388462,https://www.gdacs.org/report.aspx?eventtype=WF&eventid=1028957
EONET_20581,Wildfire in Russian Federation 1028969,Wildfires,2026-06-09T19:00:00Z,88.30098705677521,59.62540210468415,https://www.gdacs.org/report.aspx?eventtype=WF&eventid=1028969
EONET_20604,Wildfire in Russian Federation 1028978,Wildfires,2026-06-09T19:00:00Z,85.29216592504676,62.21969301944234,https://www.gdacs.org/report.aspx?eventtype=WF&eventid=1028978
EONET_20648,Wildfire in Russian Federation 1029015,Wildfires,2026-06-09T19:00:00Z,91.19038577857631,58.977176278462586,https://www.gdacs.org/report.aspx?eventtype=WF&eventid=1029015
EONET_20521,"Bear Wildfire, Catron, New Mexico",Wildfires,2026-06-09T17:45:00Z,-108.292667,34.0465,https://irwin.doi.gov/observer/incidents/389ca949-636f-434b-b4be-25dd2d36fad6
EONET_21108,"Wildfire Bear, Catron, New Mexico",Wildfires,2026-06-09T17:45:00Z,-108.292667,34.0465,https://irwin.doi.gov/observer/incidents/2026-NMGNF-000307
EONET_20447,"APQ Area 11 Scrub RX 0608 Prescribed Fire, Highlands, Florida",Wildfires,2026-06-09T11:20:00Z,-81.2536,27.59925,https://irwin.doi.gov/observer/incidents/512a4063-032a-45bb-8320-a330d8e02edf
EONET_21133,"Prescribed Fire APQ Area 11 Scrub RX 0608, Highlands, Florida",Wildfires,2026-06-09T11:20:00Z,-81.2536,27.59925,https://irwin.doi.gov/observer/incidents/2026-FLAPQ-001831
EONET_20444,"South Mountain Wildfire, Tooele, Utah",Wildfires,2026-06-09T00:15:00Z,-112.410167,40.460017,https://irwin.doi.gov/observer/incidents/e295504e-c30f-4258-a0f8-5ada4100b3cf
EONET_21122,"Wildfire South Mountain, Tooele, Utah",Wildfires,2026-06-09T00:15:00Z,-112.410167,40.460017,https://irwin.doi.gov/observer/incidents/2026-UTNWS-200220
EONET_20396,Wildfire in Australia 1028846,Wildfires,2026-06-08T19:00:00Z,134.52512083084767,-12.542958938543743,https://www.gdacs.org/report.aspx?eventtype=WF&eventid=1028846
EONET_20453,Wildfire in Australia 1028882,Wildfires,2026-06-08T19:00:00Z,129.8112225366034,-13.888573956719096,https://www.gdacs.org/report.aspx?eventtype=WF&eventid=1028882
EONET_20454,Wildfire in Australia 1028883,Wildfires,2026-06-08T19:00:00Z,142.8457865512442,-13.615694282655037,https://www.gdacs.org/report.aspx?eventtype=WF&eventid=1028883
EONET_20471,Wildfire in The Democratic Republic of Congo 1028887,Wildfires,2026-06-08T19:00:00Z,20.38943562447794,-6.387627825728528,https://www.gdacs.org/report.aspx?eventtype=WF&eventid=1028887
EONET_20472,"Wildfire in Angola, The Democratic Republic of Congo 1028888",Wildfires,2026-06-08T19:00:00Z,20.360990955119014,-6.915516552869673,https://www.gdacs.org/report.aspx?eventtype=WF&eventid=1028888
EONET_20473,Wildfire in The Democratic Republic of Congo 1028889,Wildfires,2026-06-08T19:00:00Z,17.72810626261972,-6.08684790077856,https://www.gdacs.org/report.aspx?eventtype=WF&eventid=1028889
EONET_20474,Wildfire in Australia 1028901,Wildfires,2026-06-08T19:00:00Z,134.16175226267382,-12.912163939077049,https://www.gdacs.org/report.aspx?eventtype=WF&eventid=1028901
EONET_20475,Wildfire in The Democratic Republic of Congo 1028902,Wildfires,2026-06-08T19:00:00Z,26.748040007922615,-6.616513217103062,https://www.gdacs.org/report.aspx?eventtype=WF&eventid=1028902
EONET_20491,Wildfire in The Democratic Republic of Congo 1028908,Wildfires,2026-06-08T19:00:00Z,20.273912097443365,-6.243600754602707,https://www.gdacs.org/report.aspx?eventtype=WF&eventid=1028908
EONET_20508,Wildfire in The Democratic Republic of Congo 1028921,Wildfires,2026-06-08T19:00:00Z,20.058802697900994,-6.757730775713989,https://www.gdacs.org/report.aspx?eventtype=WF&eventid=1028921
EONET_20509,Wildfire in Angola 1028920,Wildfires,2026-06-08T19:00:00Z,17.885014714342724,-9.688364956030982,https://www.gdacs.org/report.aspx?eventtype=WF&eventid=1028920
EONET_20531,Wildfire in The Democratic Republic of Congo 1028934,Wildfires,2026-06-08T19:00:00Z,20.30299778067809,-6.4335020244352865,https://www.gdacs.org/report.aspx?eventtype=WF&eventid=1028934
EONET_20555,Wildfire in The Democratic Republic of Congo 1028950,Wildfires,2026-06-08T19:00:00Z,24.466705274578647,-3.698337997130901,https://www.gdacs.org/report.aspx?eventtype=WF&eventid=1028950
EONET_20605,Wildfire in The Democratic Republic of Congo 1028981,Wildfires,2026-06-08T19:00:00Z,24.167111032816877,-3.3948850800233923,https://www.gdacs.org/report.aspx?eventtype=WF&eventid=1028981
EONET_20629,Wildfire in The Democratic Republic of Congo 1028996,Wildfires,2026-06-08T19:00:00Z,24.554609415031827,-3.3301607527422243,https://www.gdacs.org/report.aspx?eventtype=WF&eventid=1028996
EONET_20630,Wildfire in The Democratic Republic of Congo 1028997,Wildfires,2026-06-08T19:00:00Z,27.619937232926002,-7.553084722508263,https://www.gdacs.org/report.aspx?eventtype=WF&eventid=1028997
EONET_20631,Wildfire in The Democratic Republic of Congo 1028998,Wildfires,2026-06-08T19:00:00Z,23.99425946736836,-3.0097623683026753,https://www.gdacs.org/report.aspx?eventtype=WF&eventid=1028998
EONET_20709,Wildfire in The Democratic Republic of Congo 1029067,Wildfires,2026-06-08T19:00:00Z,27.55379494228082,-7.3506777887187225,https://www.gdacs.org/report.aspx?eventtype=WF&eventid=1029067
EONET_20443,"PUTAH Wildfire, Yolo, California",Wildfires,2026-06-08T14:35:00Z,-122.0754,38.5148,https://irwin.doi.gov/observer/incidents/b6995205-eebc-4dae-ba37-4d10ca04a0dd
EONET_21110,"Wildfire PUTAH, Yolo, California",Wildfires,2026-06-08T14:35:00Z,-122.0754,38.5148,https://irwin.doi.gov/observer/incidents/2026-CALNU-009543
EONET_20412,Tropical Storm Cristina,Severe Storms,2026-06-08T12:00:00Z,-87.6,11.4,https://www.metoc.navy.mil/jtwc/products/ep0326.tcw
EONET_20412,Tropical Storm Cristina,Severe Storms,2026-06-08T18:00:00Z,-87.7,11.9,https://www.metoc.navy.mil/jtwc/products/ep0326.tcw
EONET_20412,Tropical Storm Cristina,Severe Storms,2026-06-09T00:00:00Z,-87.7,12.4,https://www.metoc.navy.mil/jtwc/products/ep0326.tcw
EONET_20412,Tropical Storm Cristina,Severe Storms,2026-06-09T06:00:00Z,-87.5,12.6,https://www.metoc.navy.mil/jtwc/products/ep0326.tcw
EONET_20412,Tropical Storm Cristina,Severe Storms,2026-06-09T12:00:00Z,-87.5,12.5,https://www.metoc.navy.mil/jtwc/products/ep0326.tcw
EONET_20412,Tropical Storm Cristina,Severe Storms,2026-06-09T18:00:00Z,-87.7,12.7,https://www.metoc.navy.mil/jtwc/products/ep0326.tcw
EONET_20412,Tropical Storm Cristina,Severe Storms,2026-06-10T00:00:00Z,-88.0,12.5,https://www.metoc.navy.mil/jtwc/products/ep0326.tcw
EONET_20412,Tropical Storm Cristina,Severe Storms,2026-06-10T06:00:00Z,-88.4,12.4,https://www.metoc.navy.mil/jtwc/products/ep0326.tcw
EONET_20412,Tropical Storm Cristina,Severe Storms,2026-06-10T12:00:00Z,-88.7,12.4,https://www.metoc.navy.mil/jtwc/products/ep0326.tcw
EONET_20412,Tropical Storm Cristina,Severe Storms,2026-06-10T18:00:00Z,-88.8,12.5,https://www.metoc.navy.mil/jtwc/products/ep0326.tcw
EONET_20412,Tropical Storm Cristina,Severe Storms,2026-06-11T00:00:00Z,-89.1,12.8,https://www.metoc.navy.mil/jtwc/products/ep0326.tcw
EONET_20382,Tropical Storm Boris,Severe Storms,2026-06-08T06:00:00Z,-99.3,15.7,https://www.metoc.navy.mil/jtwc/products/ep0226.tcw
EONET_20382,Tropical Storm Boris,Severe Storms,2026-06-08T12:00:00Z,-99.2,15.9,https://www.metoc.navy.mil/jtwc/products/ep0226.tcw
EONET_20382,Tropical Storm Boris,Severe Storms,2026-06-08T18:00:00Z,-99.1,15.4,https://www.metoc.navy.mil/jtwc/products/ep0226.tcw
EONET_20382,Tropical Storm Boris,Severe Storms,2026-06-09T00:00:00Z,-98.3,15.8,https://www.metoc.navy.mil/jtwc/products/ep0226.tcw
EONET_20382,Tropical Storm Boris,Severe Storms,2026-06-09T06:00:00Z,-98.3,16.2,https://www.metoc.navy.mil/jtwc/products/ep0226.tcw
EONET_20382,Tropical Storm Boris,Severe Storms,2026-06-09T12:00:00Z,-98.6,16.7,https://www.metoc.navy.mil/jtwc/products/ep0226.tcw
EONET_20423,Flood in Ukraine 1103936,Floods,2026-06-07T20:00:00Z,28.445337,50.5959845,https://www.gdacs.org/report.aspx?eventtype=FL&eventid=1103936
EONET_20449,Flood in Nicaragua 1103938,Floods,2026-06-07T20:00:00Z,-85.3037739,13.0626733,https://www.gdacs.org/report.aspx?eventtype=FL&eventid=1103938
EONET_20397,Wildfire in Spain 1028845,Wildfires,2026-06-07T19:00:00Z,-7.050197518402303,37.4455641363333,https://www.gdacs.org/report.aspx?eventtype=WF&eventid=1028845
EONET_20427,Wildfire in Australia 1028868,Wildfires,2026-06-07T19:00:00Z,134.5264655967462,-12.510625469873531,https://www.gdacs.org/report.aspx?eventtype=WF&eventid=1028868
EONET_20455,Wildfire in Australia 1028884,Wildfires,2026-06-07T19:00:00Z,142.99817854527078,-13.702764785320312,https://www.gdacs.org/report.aspx?eventtype=WF&eventid=1028884
EONET_20476,Wildfire in The Democratic Republic of Congo 1028890,Wildfires,2026-06-07T19:00:00Z,17.85124180008635,-7.012596191900525,https://www.gdacs.org/report.aspx?eventtype=WF&eventid=1028890
EONET_20510,"Wildfire in The Democratic Republic of Congo, Angola 1028922",Wildfires,2026-06-07T19:00:00Z,20.27717354472836,-6.9794019174329165,https://www.gdacs.org/report.aspx?eventtype=WF&eventid=1028922
EONET_20511,Wildfire in Russian Federation 1028929,Wildfires,2026-06-07T19:00:00Z,89.94938407443736,59.86394130089189,https://www.gdacs.org/report.aspx?eventtype=WF&eventid=1028929
EONET_20532,Wildfire in The Democratic Republic of Congo 1028935,Wildfires,2026-06-07T19:00:00Z,18.98141121283332,-6.867323730357275,https://www.gdacs.org/report.aspx?eventtype=WF&eventid=1028935
EONET_20533,Wildfire in The Democratic Republic of Congo 1028936,Wildfires,2026-06-07T19:00:00Z,17.16498017277447,-6.608834165292774,https://www.gdacs.org/report.aspx?eventtype=WF&eventid=1028936
EONET_20556,Wildfire in Russian Federation 1028952,Wildfires,2026-06-07T19:00:00Z,90.14197265738294,59.755405102594736,https://www.gdacs.org/report.aspx?eventtype=WF&eventid=1028952
EONET_20557,Wildfire in The Democratic Republic of Congo 1028951,Wildfires,2026-06-07T19:00:00Z,18.995930886146013,-6.8793276591890455,https://www.gdacs.org/report.aspx?eventtype=WF&eventid=1028951
EONET_20582,Wildfire in Angola 1028964,Wildfires,2026-06-07T19:00:00Z,16.15270728313501,-12.637299373764256,https://www.gdacs.org/report.aspx?eventtype=WF&eventid=1028964
EONET_20632,Wildfire in Russian Federation 1029006,Wildfires,2026-06-07T19:00:00Z,93.54159321971866,60.308394420988755,https://www.gdacs.org/report.aspx?eventtype=WF&eventid=1029006
EONET_20649,Wildfire in The Democratic Republic of Congo 1029012,Wildfires,2026-06-07T19:00:00Z,26.71051026614928,-6.554232491983758,https://www.gdacs.org/report.aspx?eventtype=WF&eventid=1029012
EONET_20387,"Tower Wildfire, Millard, Utah",Wildfires,2026-06-07T15:24:00Z,-112.164042,39.205895,https://irwin.doi.gov/observer/incidents/6f3a4603-8a05-428a-b65c-16b6e2d33ab3
EONET_21014,"Wildfire Tower, Millard, Utah",Wildfires,2026-06-07T15:24:00Z,-112.164042,39.205895,https://irwin.doi.gov/observer/incidents/2026-UTWDD-260151
EONET_20448,"LXR Lower Third RX 0609 Prescribed Fire, Palm Beach, Florida",Wildfires,2026-06-07T14:01:00Z,-80.42115,26.509333,https://irwin.doi.gov/observer/incidents/4a32a7fc-9973-4e74-9a22-1319091ef683
EONET_21135,"Prescribed Fire LXR Lower Third RX 0609, Palm Beach, Florida",Wildfires,2026-06-07T14:01:00Z,-80.42115,26.509333,https://irwin.doi.gov/observer/incidents/2026-FLLXR-001817
EONET_20383,"FRONTAGE Wildfire, Baker, Oregon",Wildfires,2026-06-07T00:59:00Z,-117.251244,44.327451,https://irwin.doi.gov/observer/incidents/519f195a-83d8-4465-b494-a44555a2a9e6
EONET_21096,"Wildfire FRONTAGE, Baker, Oregon",Wildfires,2026-06-07T00:59:00Z,-117.251244,44.327451,https://irwin.doi.gov/observer/incidents/2026-ORVAD-260066
EONET_20388,"Raven Creek Wildfire, Weston, Wyoming",Wildfires,2026-06-06T20:44:00Z,-105.04695,44.084633,https://irwin.doi.gov/observer/incidents/7c1335d1-37d1-436f-9f42-05f089f964b5
EONET_21127,"Wildfire Raven Creek, Weston, Wyoming",Wildfires,2026-06-06T20:44:00Z,-105.04695,44.084633,https://irwin.doi.gov/observer/incidents/2026-WYWEX-000139
EONET_20393,Flood in Algeria 1103932,Floods,2026-06-06T20:00:00Z,1.921502,34.9651795,https://www.gdacs.org/report.aspx?eventtype=FL&eventid=1103932
EONET_20398,Wildfire in Russian Federation 1028847,Wildfires,2026-06-06T19:00:00Z,91.03382905965425,58.714792770153835,https://www.gdacs.org/report.aspx?eventtype=WF&eventid=1028847
EONET_20416,Wildfire in Canada 1028852,Wildfires,2026-06-06T19:00:00Z,-91.34815398001051,51.82447471374202,https://www.gdacs.org/report.aspx?eventtype=WF&eventid=1028852
EONET_20456,Wildfire in Russian Federation 1028878,Wildfires,2026-06-06T19:00:00Z,103.19569675128051,57.41749120808395,https://www.gdacs.org/report.aspx?eventtype=WF&eventid=1028878
EONET_20457,Wildfire in The Democratic Republic of Congo 1028871,Wildfires,2026-06-06T19:00:00Z,17.706779132708295,-6.465633401345252,https://www.gdacs.org/report.aspx?eventtype=WF&eventid=1028871
EONET_20492,Wildfire in The Democratic Republic of Congo 1028909,Wildfires,2026-06-06T19:00:00Z,19.26769975675213,-6.412817095889735,https://www.gdacs.org/report.aspx?eventtype=WF&eventid=1028909
EONET_20493,Wildfire in The Democratic Republic of Congo 1028910,Wildfires,2026-06-06T19:00:00Z,20.705772992848562,-7.118314869125766,https://www.gdacs.org/report.aspx?eventtype=WF&eventid=1028910
EONET_20583,Wildfire in Russian Federation 1028961,Wildfires,2026-06-06T19:00:00Z,90.91589231683544,58.95845141087042,https://www.gdacs.org/report.aspx?eventtype=WF&eventid=1028961
EONET_20591,Wildfire in Zambia 1028972,Wildfires,2026-06-06T19:00:00Z,30.520341923154728,-11.915302142711344,https://www.gdacs.org/report.aspx?eventtype=WF&eventid=1028972
EONET_20592,Wildfire in Russian Federation 1028974,Wildfires,2026-06-06T19:00:00Z,90.09915969222966,59.73009210274871,https://www.gdacs.org/report.aspx?eventtype=WF&eventid=1028974
EONET_20633,Wildfire in The Democratic Republic of Congo 1028988,Wildfires,2026-06-06T19:00:00Z,29.22588768058091,-1.4161272262384024,https://www.gdacs.org/report.aspx?eventtype=WF&eventid=1028988
EONET_20389,"CHESTNUT Wildfire, Chelan, Washington",Wildfires,2026-06-06T14:14:00Z,-120.018153,47.793631,https://irwin.doi.gov/observer/incidents/61b0da7b-ab05-43d3-a817-7087246a7765
EONET_21131,"Wildfire CHESTNUT, Chelan, Washington",Wildfires,2026-06-06T14:14:00Z,-120.018153,47.793631,https://irwin.doi.gov/observer/incidents/2026-WASES-260190
EONET_20394,Flood in China 1103933,Floods,2026-06-05T20:00:00Z,106.0346469,27.0272531,https://www.gdacs.org/report.aspx?eventtype=FL&eventid=1103933
EONET_20414,Flood in Canada 1103935,Floods,2026-06-05T20:00:00Z,-101.2326802,52.1230486,https://www.gdacs.org/report.aspx?eventtype=FL&eventid=1103935
EONET_20361,Wildfire in Australia 1028814,Wildfires,2026-06-05T19:00:00Z,129.9542304340048,-15.054523565320501,https://www.gdacs.org/report.aspx?eventtype=WF&eventid=1028814
EONET_20399,Wildfire in Angola 1028835,Wildfires,2026-06-05T19:00:00Z,17.361258948043318,-9.352536489914506,https://www.gdacs.org/report.aspx?eventtype=WF&eventid=1028835
EONET_20400,Wildfire in Zambia 1028836,Wildfires,2026-06-05T19:00:00Z,26.040131540209263,-14.6789700987744,https://www.gdacs.org/report.aspx?eventtype=WF&eventid=1028836
EONET_20428,Wildfire in Angola 1028857,Wildfires,2026-06-05T19:00:00Z,20.62517647967417,-8.092475335787862,https://www.gdacs.org/report.aspx?eventtype=WF&eventid=1028857
EONET_20458,Wildfire in The Democratic Republic of Congo 1028872,Wildfires,2026-06-05T19:00:00Z,22.156394046551377,-7.811117988856636,https://www.gdacs.org/report.aspx?eventtype=WF&eventid=1028872
EONET_20459,Wildfire in Angola 1028873,Wildfires,2026-06-05T19:00:00Z,20.993617540967715,-7.385729102316211,https://www.gdacs.org/report.aspx?eventtype=WF&eventid=1028873
EONET_20460,Wildfire in The Democratic Republic of Congo 1028874,Wildfires,2026-06-05T19:00:00Z,17.6033706133616,-6.05452153507025,https://www.gdacs.org/report.aspx?eventtype=WF&eventid=1028874
EONET_20461,Wildfire in Australia 1028885,Wildfires,2026-06-05T19:00:00Z,126.95857256412299,-16.34978047236985,https://www.gdacs.org/report.aspx?eventtype=WF&eventid=1028885
EONET_20477,Wildfire in The Democratic Republic of Congo 1028891,Wildfires,2026-06-05T19:00:00Z,17.992982050839316,-6.826744876586077,https://www.gdacs.org/report.aspx?eventtype=WF&eventid=1028891
EONET_20478,Wildfire in Angola 1028892,Wildfires,2026-06-05T19:00:00Z,15.836452406860555,-11.114399805730676,https://www.gdacs.org/report.aspx?eventtype=WF&eventid=1028892
EONET_20479,Wildfire in The Democratic Republic of Congo 1028893,Wildfires,2026-06-05T19:00:00Z,17.701012126565196,-6.453347716427264,https://www.gdacs.org/report.aspx?eventtype=WF&eventid=1028893
EONET_20494,Wildfire in The Democratic Republic of Congo 1028911,Wildfires,2026-06-05T19:00:00Z,26.97841656688816,-9.78563210072899,https://www.gdacs.org/report.aspx?eventtype=WF&eventid=1028911
EONET_20495,Wildfire in Angola 1028912,Wildfires,2026-06-05T19:00:00Z,17.589177905568746,-9.011674616485738,https://www.gdacs.org/report.aspx?eventtype=WF&eventid=1028912
EONET_20496,Wildfire in Angola 1028913,Wildfires,2026-06-05T19:00:00Z,17.78327340717629,-9.301619667068021,https://www.gdacs.org/report.aspx?eventtype=WF&eventid=1028913
EONET_20497,Wildfire in Angola 1028914,Wildfires,2026-06-05T19:00:00Z,17.60181725068843,-9.571962395449582,https://www.gdacs.org/report.aspx?eventtype=WF&eventid=1028914
EONET_20534,Wildfire in The Democratic Republic of Congo 1028937,Wildfires,2026-06-05T19:00:00Z,26.771307340301803,-4.468010687138443,https://www.gdacs.org/report.aspx?eventtype=WF&eventid=1028937
EONET_20535,"Wildfire in The Democratic Republic of Congo, Angola 1028938",Wildfires,2026-06-05T19:00:00Z,20.010564195236253,-6.956712100691025,https://www.gdacs.org/report.aspx?eventtype=WF&eventid=1028938
EONET_20536,Wildfire in Angola 1028939,Wildfires,2026-06-05T19:00:00Z,15.173861420214875,-12.462942846424143,https://www.gdacs.org/report.aspx?eventtype=WF&eventid=1028939
EONET_20390,"Blue Ridge Wildfire, Owyhee, Idaho",Wildfires,2026-06-05T16:53:00Z,-115.0889,42.65048,https://irwin.doi.gov/observer/incidents/b2e32f87-8162-42b9-b400-447489ff9be0
EONET_21094,"Wildfire Blue Ridge, Owyhee, Idaho",Wildfires,2026-06-05T16:53:00Z,-115.0889,42.65048,https://irwin.doi.gov/observer/incidents/2026-IDTFD-000071
EONET_20385,"WALTZ Wildfire, Mariposa, California",Wildfires,2026-06-05T15:51:00Z,-120.245512,37.378149,https://irwin.doi.gov/observer/incidents/b8f6d725-b08f-43a6-a286-4fa1e4686926
EONET_21134,"Wildfire WALTZ, Mariposa, California",Wildfires,2026-06-05T15:51:00Z,-120.245512,37.378149,https://irwin.doi.gov/observer/incidents/2026-CAMMU-011236
EONET_20384,"Michaud Creek Wildfire, Power, Idaho",Wildfires,2026-06-05T14:23:00Z,-112.58265,42.890667,https://irwin.doi.gov/observer/incidents/9ffaaba5-828a-472b-a394-d309d9846b70
EONET_21055,"Wildfire Michaud Creek, Power, Idaho",Wildfires,2026-06-05T14:23:00Z,-112.58265,42.890667,https://irwin.doi.gov/observer/incidents/2026-IDFHA-000047
EONET_20359,Flood in El Salvador 1103930,Floods,2026-06-04T20:00:00Z,-89.5678141,14.1145585,https://www.gdacs.org/report.aspx?eventtype=FL&eventid=1103930
EONET_20415,Flood in Moldova 1103934,Floods,2026-06-04T20:00:00Z,27.8212536,48.0307914,https://www.gdacs.org/report.aspx?eventtype=FL&eventid=1103934
EONET_20424,Flood in Myanmar 1103937,Floods,2026-06-04T20:00:00Z,94.4210021,16.3432538,https://www.gdacs.org/report.aspx?eventtype=FL&eventid=1103937
EONET_20362,Wildfire in Australia 1028815,Wildfires,2026-06-04T19:00:00Z,143.02994586650624,-15.219564006765175,https://www.gdacs.org/report.aspx?eventtype=WF&eventid=1028815
EONET_20363,Wildfire in Australia 1028816,Wildfires,2026-06-04T19:00:00Z,130.1968885344918,-13.021694904045637,https://www.gdacs.org/report.aspx?eventtype=WF&eventid=1028816
EONET_20364,Wildfire in Australia 1028817,Wildfires,2026-06-04T19:00:00Z,130.2707522451241,-14.23550621205031,https://www.gdacs.org/report.aspx?eventtype=WF&eventid=1028817
EONET_20365,Wildfire in Australia 1028818,Wildfires,2026-06-04T19:00:00Z,144.2140308454872,-16.307214439949465,https://www.gdacs.org/report.aspx?eventtype=WF&eventid=1028818
EONET_20366,Wildfire in Australia 1028819,Wildfires,2026-06-04T19:00:00Z,130.131363544844,-14.294966659654877,https://www.gdacs.org/report.aspx?eventtype=WF&eventid=1028819
EONET_20367,Wildfire in Australia 1028820,Wildfires,2026-06-04T19:00:00Z,133.18376036096967,-13.45764799050963,https://www.gdacs.org/report.aspx?eventtype=WF&eventid=1028820
EONET_20368,Wildfire in Australia 1028821,Wildfires,2026-06-04T19:00:00Z,123.67991926466246,-16.673935819579757,https://www.gdacs.org/report.aspx?eventtype=WF&eventid=1028821
EONET_20401,Wildfire in Zambia 1028837,Wildfires,2026-06-04T19:00:00Z,26.11366235213465,-14.820858760611284,https://www.gdacs.org/report.aspx?eventtype=WF&eventid=1028837
EONET_20417,Wildfire in Australia 1028853,Wildfires,2026-06-04T19:00:00Z,133.31707327391308,-13.5755719116473,https://www.gdacs.org/report.aspx?eventtype=WF&eventid=1028853
EONET_20429,Wildfire in Australia 1028858,Wildfires,2026-06-04T19:00:00Z,143.17343993764936,-15.414973916225495,https://www.gdacs.org/report.aspx?eventtype=WF&eventid=1028858
EONET_20430,Wildfire in The Democratic Republic of Congo 1028859,Wildfires,2026-06-04T19:00:00Z,17.569077922390193,-6.452711330545597,https://www.gdacs.org/report.aspx?eventtype=WF&eventid=1028859
EONET_20431,Wildfire in Angola 1028860,Wildfires,2026-06-04T19:00:00Z,15.529083992829834,-8.746477168652278,https://www.gdacs.org/report.aspx?eventtype=WF&eventid=1028860
EONET_20432,Wildfire in The Democratic Republic of Congo 1028862,Wildfires,2026-06-04T19:00:00Z,27.39778205813461,-10.517759349800487,https://www.gdacs.org/report.aspx?eventtype=WF&eventid=1028862
EONET_20433,Wildfire in The Democratic Republic of Congo 1028863,Wildfires,2026-06-04T19:00:00Z,19.506482954804692,-6.013761457474938,https://www.gdacs.org/report.aspx?eventtype=WF&eventid=1028863
EONET_20434,Wildfire in Australia 1028856,Wildfires,2026-06-04T19:00:00Z,131.0241337950745,-11.752225208422207,https://www.gdacs.org/report.aspx?eventtype=WF&eventid=1028856
EONET_20435,Wildfire in The Democratic Republic of Congo 1028861,Wildfires,2026-06-04T19:00:00Z,22.902466626393952,-7.433940326857716,https://www.gdacs.org/report.aspx?eventtype=WF&eventid=1028861
EONET_20436,Wildfire in Australia 1028869,Wildfires,2026-06-04T19:00:00Z,129.46927418264738,-14.326811160943622,https://www.gdacs.org/report.aspx?eventtype=WF&eventid=1028869
EONET_20480,Wildfire in The Democratic Republic of Congo 1028894,Wildfires,2026-06-04T19:00:00Z,20.832256387775164,-6.9130528893794025,https://www.gdacs.org/report.aspx?eventtype=WF&eventid=1028894
EONET_20498,Wildfire in The Democratic Republic of Congo 1028915,Wildfires,2026-06-04T19:00:00Z,27.118619454317518,-8.177629368540392,https://www.gdacs.org/report.aspx?eventtype=WF&eventid=1028915
EONET_20537,Wildfire in Australia 1028943,Wildfires,2026-06-04T19:00:00Z,130.83243670955906,-11.752064717660964,https://www.gdacs.org/report.aspx?eventtype=WF&eventid=1028943
EONET_20634,Wildfire in The Democratic Republic of Congo 1028999,Wildfires,2026-06-04T19:00:00Z,24.19291686894958,-3.403476081165128,https://www.gdacs.org/report.aspx?eventtype=WF&eventid=1028999
EONET_20386,"Kopshesut Wildfire, Northwest Arctic, Alaska",Wildfires,2026-06-04T18:04:00Z,189.0,7.0,https://irwin.doi.gov/observer/incidents/c798dd94-3c60-41ad-912b-157b8e4f5d90
EONET_21054,"Wildfire Kopshesut, Northwest Arctic, Alaska",Wildfires,2026-06-04T18:04:00Z,-157.932883,67.0921,https://irwin.doi.gov/observer/incidents/2026-AKGAD-000137
EONET_20391,"MOXEE ORCHARD Wildfire, Yakima, Washington",Wildfires,2026-06-04T17:25:00Z,1.0,3.0,https://irwin.doi.gov/observer/incidents/48e1a724-9dc5-44cf-918c-cf541b1cd180
EONET_21040,"Wildfire MOXEE ORCHARD, Yakima, Washington",Wildfires,2026-06-04T17:25:00Z,-120.077137,46.52368,https://irwin.doi.gov/observer/incidents/2026-WASPD-260182
EONET_20307,Wildfire in Australia 1028796,Wildfires,2026-06-03T19:00:00Z,132.7523038289055,-17.369367859861384,https://www.gdacs.org/report.aspx?eventtype=WF&eventid=1028796
EONET_20308,Wildfire in Australia 1028797,Wildfires,2026-06-03T19:00:00Z,142.15273242776942,-13.895211211711127,https://www.gdacs.org/report.aspx?eventtype=WF&eventid=1028797
EONET_20309,Wildfire in Australia 1028798,Wildfires,2026-06-03T19:00:00Z,124.07613498652385,-16.50588801142647,https://www.gdacs.org/report.aspx?eventtype=WF&eventid=1028798
EONET_20310,Wildfire in Australia 1028799,Wildfires,2026-06-03T19:00:00Z,132.56226838918568,-17.51524713200459,https://www.gdacs.org/report.aspx?eventtype=WF&eventid=1028799
EONET_20311,Wildfire in Australia 1028800,Wildfires,2026-06-03T19:00:00Z,141.9949505232911,-13.797714544311868,https://www.gdacs.org/report.aspx?eventtype=WF&eventid=1028800
EONET_20312,Wildfire in Australia 1028801,Wildfires,2026-06-03T19:00:00Z,132.55364512208183,-17.41487124498152,https://www.gdacs.org/report.aspx?eventtype=WF&eventid=1028801
EONET_20313,Wildfire in Australia 1028802,Wildfires,2026-06-03T19:00:00Z,142.07113010471645,-13.973929142991677,https://www.gdacs.org/report.aspx?eventtype=WF&eventid=1028802
EONET_20369,Wildfire in Australia 1028822,Wildfires,2026-06-03T19:00:00Z,132.05394049493174,-11.375264540592182,https://www.gdacs.org/report.aspx?eventtype=WF&eventid=1028822
EONET_20370,Wildfire in Australia 1028823,Wildfires,2026-06-03T19:00:00Z,132.23052937793645,-11.2777529980323,https://www.gdacs.org/report.aspx?eventtype=WF&eventid=1028823
EONET_20371,Wildfire in Australia 1028824,Wildfires,2026-06-03T19:00:00Z,126.25146525477895,-16.034401509191184,https://www.gdacs.org/report.aspx?eventtype=WF&eventid=1028824
EONET_20372,Wildfire in Australia 1028825,Wildfires,2026-06-03T19:00:00Z,143.5927322163538,-16.049504579424887,https://www.gdacs.org/report.aspx?eventtype=WF&eventid=1028825
EONET_20373,Wildfire in Australia 1028826,Wildfires,2026-06-03T19:00:00Z,143.20210889059328,-15.123444223299503,https://www.gdacs.org/report.aspx?eventtype=WF&eventid=1028826
EONET_20374,Wildfire in Australia 1028827,Wildfires,2026-06-03T19:00:00Z,124.29170563603878,-16.60382455651507,https://www.gdacs.org/report.aspx?eventtype=WF&eventid=1028827
EONET_20375,Wildfire in Australia 1028828,Wildfires,2026-06-03T19:00:00Z,132.3198697796752,-13.759872387490944,https://www.gdacs.org/report.aspx?eventtype=WF&eventid=1028828
EONET_20402,Wildfire in Angola 1028839,Wildfires,2026-06-03T19:00:00Z,17.456064022371894,-9.110235252629199,https://www.gdacs.org/report.aspx?eventtype=WF&eventid=1028839
EONET_20403,Wildfire in Australia 1028843,Wildfires,2026-06-03T19:00:00Z,143.8935485977655,-16.040853054437452,https://www.gdacs.org/report.aspx?eventtype=WF&eventid=1028843
EONET_20404,Wildfire in Australia 1028844,Wildfires,2026-06-03T19:00:00Z,130.26062853193358,-14.469095949130937,https://www.gdacs.org/report.aspx?eventtype=WF&eventid=1028844
EONET_20405,Wildfire in The Democratic Republic of Congo 1028838,Wildfires,2026-06-03T19:00:00Z,18.569772009237028,-6.891303769360591,https://www.gdacs.org/report.aspx?eventtype=WF&eventid=1028838
EONET_20406,Wildfire in The Democratic Republic of Congo 1028840,Wildfires,2026-06-03T19:00:00Z,18.38642852187685,-6.7813572714056285,https://www.gdacs.org/report.aspx?eventtype=WF&eventid=1028840
EONET_20418,Wildfire in Australia 1028854,Wildfires,2026-06-03T19:00:00Z,130.1614077980302,-14.512338712273545,https://www.gdacs.org/report.aspx?eventtype=WF&eventid=1028854
EONET_20419,Wildfire in The Democratic Republic of Congo 1028848,Wildfires,2026-06-03T19:00:00Z,17.662098082238508,-6.193491403449282,https://www.gdacs.org/report.aspx?eventtype=WF&eventid=1028848
EONET_20437,Wildfire in Australia 1028870,Wildfires,2026-06-03T19:00:00Z,126.16850796557334,-14.22572657354444,https://www.gdacs.org/report.aspx?eventtype=WF&eventid=1028870
EONET_20438,Wildfire in The Democratic Republic of Congo 1028864,Wildfires,2026-06-03T19:00:00Z,17.640980048862392,-6.5216864903808505,https://www.gdacs.org/report.aspx?eventtype=WF&eventid=1028864
EONET_20462,Wildfire in Angola 1028875,Wildfires,2026-06-03T19:00:00Z,17.367372226198555,-9.37102147761233,https://www.gdacs.org/report.aspx?eventtype=WF&eventid=1028875
EONET_20463,Wildfire in Angola 1028876,Wildfires,2026-06-03T19:00:00Z,17.682050975572384,-9.205245724284271,https://www.gdacs.org/report.aspx?eventtype=WF&eventid=1028876
EONET_20464,Wildfire in Angola 1028877,Wildfires,2026-06-03T19:00:00Z,16.67529531061703,-12.400162402726387,https://www.gdacs.org/report.aspx?eventtype=WF&eventid=1028877
EONET_20481,Wildfire in Australia 1028903,Wildfires,2026-06-03T19:00:00Z,131.1273628635092,-11.384492716745807,https://www.gdacs.org/report.aspx?eventtype=WF&eventid=1028903
EONET_20482,Wildfire in The Democratic Republic of Congo 1028895,Wildfires,2026-06-03T19:00:00Z,17.623182560637478,-6.264576908180467,https://www.gdacs.org/report.aspx?eventtype=WF&eventid=1028895
EONET_20483,Wildfire in The Democratic Republic of Congo 1028896,Wildfires,2026-06-03T19:00:00Z,17.99994601778303,-6.677760427288557,https://www.gdacs.org/report.aspx?eventtype=WF&eventid=1028896
EONET_20512,Wildfire in Angola 1028923,Wildfires,2026-06-03T19:00:00Z,17.913144380515106,-9.254566574480705,https://www.gdacs.org/report.aspx?eventtype=WF&eventid=1028923
EONET_20538,Wildfire in Angola 1028940,Wildfires,2026-06-03T19:00:00Z,17.581232331103273,-9.559420458491225,https://www.gdacs.org/report.aspx?eventtype=WF&eventid=1028940
EONET_20584,Wildfire in The Democratic Republic of Congo 1028965,Wildfires,2026-06-03T19:00:00Z,17.793573706931713,-6.825099686363638,https://www.gdacs.org/report.aspx?eventtype=WF&eventid=1028965
EONET_20441,"ROSE BAY CANAL Wildfire, Hyde, North Carolina",Wildfires,2026-06-03T16:39:00Z,-76.34346667,35.482,https://irwin.doi.gov/observer/incidents/a8745041-570a-46a2-a359-bb3eb960f82f
EONET_21062,"Wildfire ROSE BAY CANAL, Hyde, North Carolina",Wildfires,2026-06-03T16:39:00Z,-76.34346667,35.482,https://irwin.doi.gov/observer/incidents/2026-NCNCS-260058
EONET_20299,Tropical Storm Amanda,Severe Storms,2026-06-03T12:00:00Z,-127.9,10.4,https://www.metoc.navy.mil/jtwc/products/ep0126.tcw
EONET_20299,Tropical Storm Amanda,Severe Storms,2026-06-03T18:00:00Z,-128.6,10.5,https://www.metoc.navy.mil/jtwc/products/ep0126.tcw
EONET_20299,Tropical Storm Amanda,Severe Storms,2026-06-04T00:00:00Z,-128.9,11.2,https://www.metoc.navy.mil/jtwc/products/ep0126.tcw
EONET_20299,Tropical Storm Amanda,Severe Storms,2026-06-04T06:00:00Z,-129.4,11.9,https://www.metoc.navy.mil/jtwc/products/ep0126.tcw
EONET_20299,Tropical Storm Amanda,Severe Storms,2026-06-04T12:00:00Z,-130.2,12.3,https://www.metoc.navy.mil/jtwc/products/ep0126.tcw
EONET_20299,Tropical Storm Amanda,Severe Storms,2026-06-04T18:00:00Z,-130.8,12.6,https://www.metoc.navy.mil/jtwc/products/ep0126.tcw
EONET_20299,Tropical Storm Amanda,Severe Storms,2026-06-05T00:00:00Z,-131.7,13.2,https://www.metoc.navy.mil/jtwc/products/ep0126.tcw
EONET_20299,Tropical Storm Amanda,Severe Storms,2026-06-05T06:00:00Z,-132.4,13.4,https://www.metoc.navy.mil/jtwc/products/ep0126.tcw
EONET_20299,Tropical Storm Amanda,Severe Storms,2026-06-05T12:00:00Z,-133.4,13.3,https://www.metoc.navy.mil/jtwc/products/ep0126.tcw
EONET_20299,Tropical Storm Amanda,Severe Storms,2026-06-05T18:00:00Z,-133.8,13.2,https://www.metoc.navy.mil/jtwc/products/ep0126.tcw
EONET_20299,Tropical Storm Amanda,Severe Storms,2026-06-06T00:00:00Z,-134.2,13.0,https://www.metoc.navy.mil/jtwc/products/ep0126.tcw
EONET_20299,Tropical Storm Amanda,Severe Storms,2026-06-06T06:00:00Z,-134.6,12.8,https://www.metoc.navy.mil/jtwc/products/ep0126.tcw
EONET_20299,Tropical Storm Amanda,Severe Storms,2026-06-06T12:00:00Z,-134.7,12.6,https://www.metoc.navy.mil/jtwc/products/ep0126.tcw
EONET_20299,Tropical Storm Amanda,Severe Storms,2026-06-06T18:00:00Z,-134.6,12.4,https://www.metoc.navy.mil/jtwc/products/ep0126.tcw
EONET_20299,Tropical Storm Amanda,Severe Storms,2026-06-07T00:00:00Z,-134.8,12.2,https://www.metoc.navy.mil/jtwc/products/ep0126.tcw
EONET_20299,Tropical Storm Amanda,Severe Storms,2026-06-07T06:00:00Z,-135.0,11.9,https://www.metoc.navy.mil/jtwc/products/ep0126.tcw
EONET_20299,Tropical Storm Amanda,Severe Storms,2026-06-07T12:00:00Z,-135.2,11.6,https://www.metoc.navy.mil/jtwc/products/ep0126.tcw
EONET_20299,Tropical Storm Amanda,Severe Storms,2026-06-07T18:00:00Z,-135.5,11.4,https://www.metoc.navy.mil/jtwc/products/ep0126.tcw
EONET_20299,Tropical Storm Amanda,Severe Storms,2026-06-08T00:00:00Z,-136.0,11.3,https://www.metoc.navy.mil/jtwc/products/ep0126.tcw
EONET_20302,Flood in Croatia 1103925,Floods,2026-06-02T20:00:00Z,16.4399659,43.5116383,https://www.gdacs.org/report.aspx?eventtype=FL&eventid=1103925
EONET_20303,Flood in Poland 1103926,Floods,2026-06-02T20:00:00Z,18.5941478,50.0661004,https://www.gdacs.org/report.aspx?eventtype=FL&eventid=1103926
EONET_20304,Flood in Slovenia 1103927,Floods,2026-06-02T20:00:00Z,16.1312973,46.5221445,https://www.gdacs.org/report.aspx?eventtype=FL&eventid=1103927
EONET_20305,Flood in South Africa 1103929,Floods,2026-06-02T20:00:00Z,24.849839,-33.912907,https://www.gdacs.org/report.aspx?eventtype=FL&eventid=1103929
EONET_20360,Flood in Russia 1103931,Floods,2026-06-02T20:00:00Z,37.896802,44.9624541,https://www.gdacs.org/report.aspx?eventtype=FL&eventid=1103931
EONET_20314,Wildfire in Australia 1028741,Wildfires,2026-06-02T19:00:00Z,132.0370484453872,-11.362833028414553,https://www.gdacs.org/report.aspx?eventtype=WF&eventid=1028741
EONET_20315,Wildfire in Australia 1028803,Wildfires,2026-06-02T19:00:00Z,124.65104835100455,-16.83983952738409,https://www.gdacs.org/report.aspx?eventtype=WF&eventid=1028803
EONET_20316,Wildfire in Australia 1028804,Wildfires,2026-06-02T19:00:00Z,125.74059478473441,-15.596883166085508,https://www.gdacs.org/report.aspx?eventtype=WF&eventid=1028804
EONET_20376,Wildfire in Australia 1028829,Wildfires,2026-06-02T19:00:00Z,124.52540258609132,-16.6364566542346,https://www.gdacs.org/report.aspx?eventtype=WF&eventid=1028829
EONET_20439,Wildfire in The Democratic Republic of Congo 1028865,Wildfires,2026-06-02T19:00:00Z,17.514425866184368,-6.168891048835783,https://www.gdacs.org/report.aspx?eventtype=WF&eventid=1028865
EONET_20300,"BORDER 6 Wildfire, San Diego, California",Wildfires,2026-06-01T21:10:00Z,-116.76388,32.56692,https://irwin.doi.gov/observer/incidents/bff9f3bf-cefe-437c-9b82-231526500ef1
EONET_20294,Flood in Italy 1103923,Floods,2026-06-01T20:00:00Z,9.7732524,45.5703694,https://www.gdacs.org/report.aspx?eventtype=FL&eventid=1103923
EONET_20306,Flood in Honduras 1103928,Floods,2026-06-01T20:00:00Z,-88.007767,15.4936387,https://www.gdacs.org/report.aspx?eventtype=FL&eventid=1103928
EONET_20317,Wildfire in Australia 1028805,Wildfires,2026-06-01T19:00:00Z,131.26705462663213,-11.60008280391735,https://www.gdacs.org/report.aspx?eventtype=WF&eventid=1028805
EONET_20318,Wildfire in Australia 1028806,Wildfires,2026-06-01T19:00:00Z,132.3755848758743,-11.352401957027949,https://www.gdacs.org/report.aspx?eventtype=WF&eventid=1028806
EONET_20407,Wildfire in The Democratic Republic of Congo 1028841,Wildfires,2026-06-01T19:00:00Z,18.19285483336016,-6.638978547297458,https://www.gdacs.org/report.aspx?eventtype=WF&eventid=1028841
EONET_20295,Flood in Colombia 1103924,Floods,2026-05-31T20:00:00Z,-75.7878384,5.2295674,https://www.gdacs.org/report.aspx?eventtype=FL&eventid=1103924
EONET_20377,Wildfire in The Democratic Republic of Congo 1028831,Wildfires,2026-05-31T19:00:00Z,18.017013271488697,-6.573190436881871,https://www.gdacs.org/report.aspx?eventtype=WF&eventid=1028831
EONET_20378,Wildfire in India 1028830,Wildfires,2026-05-31T19:00:00Z,82.67436957186071,21.84448418414697,https://www.gdacs.org/report.aspx?eventtype=WF&eventid=1028830
EONET_20420,Wildfire in Angola 1028849,Wildfires,2026-05-31T19:00:00Z,17.635598076074903,-9.463057296670613,https://www.gdacs.org/report.aspx?eventtype=WF&eventid=1028849
EONET_20421,Wildfire in The Democratic Republic of Congo 1028850,Wildfires,2026-05-31T19:00:00Z,18.470361532527782,-6.58601300093102,https://www.gdacs.org/report.aspx?eventtype=WF&eventid=1028850
EONET_20440,Wildfire in The Democratic Republic of Congo 1028866,Wildfires,2026-05-31T19:00:00Z,17.660808317698052,-7.515051860566954,https://www.gdacs.org/report.aspx?eventtype=WF&eventid=1028866
EONET_20287,"HAYSTACK BUTTE Wildfire, Klickitat, Washington",Wildfires,2026-05-30T20:21:00Z,-120.930004,45.665397,https://irwin.doi.gov/observer/incidents/24e697c7-e671-47f2-9ec9-4c76a15af8be
EONET_20293,Flood in Austria 1103921,Floods,2026-05-30T20:00:00Z,16.4166666,47.5000001,https://www.gdacs.org/report.aspx?eventtype=FL&eventid=1103921
EONET_20296,Flood in New Zealand 1103922,Floods,2026-05-30T20:00:00Z,173.1065596,-41.3748768,https://www.gdacs.org/report.aspx?eventtype=FL&eventid=1103922
EONET_20319,Wildfire in Australia 1028742,Wildfires,2026-05-30T19:00:00Z,131.09765011007448,-12.33534047580761,https://www.gdacs.org/report.aspx?eventtype=WF&eventid=1028742
EONET_20320,Wildfire in Canada 1028807,Wildfires,2026-05-30T19:00:00Z,-89.82858524857066,50.272118507706104,https://www.gdacs.org/report.aspx?eventtype=WF&eventid=1028807
EONET_20321,Wildfire in Australia 1028808,Wildfires,2026-05-30T19:00:00Z,130.71229362188674,-13.548575242765597,https://www.gdacs.org/report.aspx?eventtype=WF&eventid=1028808
EONET_20539,Wildfire in Angola 1028941,Wildfires,2026-05-30T19:00:00Z,17.960292611390344,-9.474445666242504,https://www.gdacs.org/report.aspx?eventtype=WF&eventid=1028941
EONET_20286,"BRANTLEY 2 Wildfire, Eddy, New Mexico",Wildfires,2026-05-30T12:20:00Z,-104.3555,32.611733,https://irwin.doi.gov/observer/incidents/d11f3073-cd5d-4c79-bd04-94b39d094049
EONET_20409,"Telica Volcano, Nicaragua",Volcanoes,2026-05-30T00:00:00Z,-86.84,12.606,https://volcano.si.edu/volcano.cfm?vn=344040
EONET_20280,Flood in Belgium 1103918,Floods,2026-05-29T20:00:00Z,4.5762789,50.4025053,https://www.gdacs.org/report.aspx?eventtype=FL&eventid=1103918
EONET_20322,Wildfire in Australia 1028743,Wildfires,2026-05-29T19:00:00Z,142.62256046321673,-13.268664367243337,https://www.gdacs.org/report.aspx?eventtype=WF&eventid=1028743
EONET_20422,Wildfire in The Democratic Republic of Congo 1028851,Wildfires,2026-05-29T19:00:00Z,18.093616365957658,-6.459269267668596,https://www.gdacs.org/report.aspx?eventtype=WF&eventid=1028851
EONET_20392,"Ivao Group Volcano, Russia",Volcanoes,2026-05-29T00:00:00Z,149.6762,45.7593,https://volcano.si.edu/volcano.cfm?vn=290111
EONET_20281,Flood in Germany 1103919,Floods,2026-05-28T20:00:00Z,6.959974,50.938361,https://www.gdacs.org/report.aspx?eventtype=FL&eventid=1103919
EONET_20323,Wildfire in Australia 1028809,Wildfires,2026-05-28T19:00:00Z,142.84633841496867,-14.750755885148862,https://www.gdacs.org/report.aspx?eventtype=WF&eventid=1028809
EONET_20324,Wildfire in Australia 1028745,Wildfires,2026-05-28T19:00:00Z,125.40811554464233,-21.981517029101013,https://www.gdacs.org/report.aspx?eventtype=WF&eventid=1028745
EONET_20325,Wildfire in The Democratic Republic of Congo 1028746,Wildfires,2026-05-28T19:00:00Z,16.173416744012727,-5.086980570352907,https://www.gdacs.org/report.aspx?eventtype=WF&eventid=1028746
EONET_20326,Wildfire in Australia 1028744,Wildfires,2026-05-28T19:00:00Z,125.0188221770998,-21.747679296817974,https://www.gdacs.org/report.aspx?eventtype=WF&eventid=1028744
EONET_20285,"Anticline Wildfire, Wibaux, Montana",Wildfires,2026-05-28T16:23:00Z,-104.567317,46.748483,https://irwin.doi.gov/observer/incidents/3e0c3009-bc85-4467-abfc-01ce166716e0
EONET_20290,"KALKASKA-RX 61150021 Fletcher Unit 2 Prescribed Fire, Kalkaska, Michigan",Wildfires,2026-05-28T15:33:00Z,-84.92062679,44.51933255,https://irwin.doi.gov/observer/incidents/2a7c3979-fc28-4d09-b15f-1cdc98be57e1
EONET_20279,Typhoon Jangmi,Severe Storms,2026-05-28T06:00:00Z,135.9,13.1,https://science.nasa.gov/earth/earth-observatory/typhoon-jangmi/
EONET_20279,Typhoon Jangmi,Severe Storms,2026-05-28T12:00:00Z,135.4,13.9,https://science.nasa.gov/earth/earth-observatory/typhoon-jangmi/
EONET_20279,Typhoon Jangmi,Severe Storms,2026-05-28T18:00:00Z,134.5,14.6,https://science.nasa.gov/earth/earth-observatory/typhoon-jangmi/
EONET_20279,Typhoon Jangmi,Severe Storms,2026-05-29T00:00:00Z,133.7,15.4,https://science.nasa.gov/earth/earth-observatory/typhoon-jangmi/
EONET_20279,Typhoon Jangmi,Severe Storms,2026-05-29T06:00:00Z,132.8,15.9,https://science.nasa.gov/earth/earth-observatory/typhoon-jangmi/
EONET_20279,Typhoon Jangmi,Severe Storms,2026-05-29T12:00:00Z,131.7,16.5,https://science.nasa.gov/earth/earth-observatory/typhoon-jangmi/
EONET_20279,Typhoon Jangmi,Severe Storms,2026-05-29T18:00:00Z,130.8,16.7,https://science.nasa.gov/earth/earth-observatory/typhoon-jangmi/
EONET_20279,Typhoon Jangmi,Severe Storms,2026-05-30T00:00:00Z,130.1,17.5,https://science.nasa.gov/earth/earth-observatory/typhoon-jangmi/
EONET_20279,Typhoon Jangmi,Severe Storms,2026-05-30T06:00:00Z,129.6,18.3,https://science.nasa.gov/earth/earth-observatory/typhoon-jangmi/
EONET_20279,Typhoon Jangmi,Severe Storms,2026-05-30T12:00:00Z,129.0,19.3,https://science.nasa.gov/earth/earth-observatory/typhoon-jangmi/
EONET_20279,Typhoon Jangmi,Severe Storms,2026-05-30T18:00:00Z,128.5,20.1,https://science.nasa.gov/earth/earth-observatory/typhoon-jangmi/
EONET_20279,Typhoon Jangmi,Severe Storms,2026-05-31T00:00:00Z,128.1,20.9,https://science.nasa.gov/earth/earth-observatory/typhoon-jangmi/
EONET_20279,Typhoon Jangmi,Severe Storms,2026-05-31T06:00:00Z,127.8,21.8,https://science.nasa.gov/earth/earth-observatory/typhoon-jangmi/
EONET_20279,Typhoon Jangmi,Severe Storms,2026-05-31T12:00:00Z,127.7,22.8,https://science.nasa.gov/earth/earth-observatory/typhoon-jangmi/
EONET_20279,Typhoon Jangmi,Severe Storms,2026-05-31T18:00:00Z,127.4,23.6,https://science.nasa.gov/earth/earth-observatory/typhoon-jangmi/
EONET_20279,Typhoon Jangmi,Severe Storms,2026-06-01T00:00:00Z,127.3,24.5,https://science.nasa.gov/earth/earth-observatory/typhoon-jangmi/
EONET_20279,Typhoon Jangmi,Severe Storms,2026-06-01T06:00:00Z,127.4,25.6,https://science.nasa.gov/earth/earth-observatory/typhoon-jangmi/
EONET_20279,Typhoon Jangmi,Severe Storms,2026-06-01T12:00:00Z,127.5,26.7,https://science.nasa.gov/earth/earth-observatory/typhoon-jangmi/
EONET_20279,Typhoon Jangmi,Severe Storms,2026-06-01T18:00:00Z,127.3,27.9,https://science.nasa.gov/earth/earth-observatory/typhoon-jangmi/
EONET_20279,Typhoon Jangmi,Severe Storms,2026-06-02T00:00:00Z,128.5,29.1,https://science.nasa.gov/earth/earth-observatory/typhoon-jangmi/
EONET_20279,Typhoon Jangmi,Severe Storms,2026-06-02T06:00:00Z,130.7,30.7,https://science.nasa.gov/earth/earth-observatory/typhoon-jangmi/
EONET_20279,Typhoon Jangmi,Severe Storms,2026-06-02T12:00:00Z,133.1,32.2,https://science.nasa.gov/earth/earth-observatory/typhoon-jangmi/
EONET_20279,Typhoon Jangmi,Severe Storms,2026-06-02T18:00:00Z,135.0,33.3,https://science.nasa.gov/earth/earth-observatory/typhoon-jangmi/
EONET_20279,Typhoon Jangmi,Severe Storms,2026-06-03T00:00:00Z,137.8,34.2,https://science.nasa.gov/earth/earth-observatory/typhoon-jangmi/
EONET_20279,Typhoon Jangmi,Severe Storms,2026-06-03T06:00:00Z,141.4,34.9,https://science.nasa.gov/earth/earth-observatory/typhoon-jangmi/
EONET_20395,"Titan Ridge Volcano, Papua New Guinea",Volcanoes,2026-05-28T00:00:00Z,147.78,-3.03,https://science.nasa.gov/earth/earth-observatory/new-eruption-in-the-bismarck-sea/
EONET_20282,Flood in India 1103917,Floods,2026-05-27T20:00:00Z,77.5040646,29.9856799,https://www.gdacs.org/report.aspx?eventtype=FL&eventid=1103917
EONET_20327,Wildfire in Australia 1028751,Wildfires,2026-05-27T19:00:00Z,133.73542173529714,-13.885231911986239,https://www.gdacs.org/report.aspx?eventtype=WF&eventid=1028751
EONET_20328,Wildfire in Australia 1028752,Wildfires,2026-05-27T19:00:00Z,130.57400120238384,-14.15624194065917,https://www.gdacs.org/report.aspx?eventtype=WF&eventid=1028752
EONET_20329,Wildfire in Australia 1028753,Wildfires,2026-05-27T19:00:00Z,130.74625490944638,-13.221480963964952,https://www.gdacs.org/report.aspx?eventtype=WF&eventid=1028753
EONET_20330,Wildfire in The Democratic Republic of Congo 1028747,Wildfires,2026-05-27T19:00:00Z,17.97331965486655,-6.213663770244057,https://www.gdacs.org/report.aspx?eventtype=WF&eventid=1028747
EONET_20331,Wildfire in Bolivia 1028755,Wildfires,2026-05-27T19:00:00Z,-59.76501381727981,-16.71105895831123,https://www.gdacs.org/report.aspx?eventtype=WF&eventid=1028755
EONET_20379,Wildfire in The Democratic Republic of Congo 1028832,Wildfires,2026-05-27T19:00:00Z,19.399001522803818,-6.201648870222201,https://www.gdacs.org/report.aspx?eventtype=WF&eventid=1028832
EONET_20301,"Bradshaw Wildfire, Powder River, Montana",Wildfires,2026-05-26T23:30:00Z,-105.96236,45.0612,https://irwin.doi.gov/observer/incidents/083f5cbb-4d42-4371-acfc-c39bc4e2a545
EONET_20288,"RA 1 ELMORE CO Wildfire, Elmore, Idaho",Wildfires,2026-05-26T23:06:00Z,-115.717052,43.105174,https://irwin.doi.gov/observer/incidents/c0d66fd1-d127-41e2-9b94-a6a5e84155ab
EONET_20283,Flood in Mexico 1103911,Floods,2026-05-26T20:00:00Z,-89.6237402,20.9670759,https://www.gdacs.org/report.aspx?eventtype=FL&eventid=1103911
EONET_20332,Wildfire in Australia 1028756,Wildfires,2026-05-26T19:00:00Z,130.777907946716,-13.059656417159022,https://www.gdacs.org/report.aspx?eventtype=WF&eventid=1028756
EONET_20333,Wildfire in Australia 1028759,Wildfires,2026-05-26T19:00:00Z,122.50806645508709,-17.26240024718232,https://www.gdacs.org/report.aspx?eventtype=WF&eventid=1028759
EONET_20334,Wildfire in Australia 1028760,Wildfires,2026-05-26T19:00:00Z,130.8025232259915,-12.659510116197815,https://www.gdacs.org/report.aspx?eventtype=WF&eventid=1028760
EONET_20335,Wildfire in The Democratic Republic of Congo 1028810,Wildfires,2026-05-26T19:00:00Z,17.773837968438894,-5.517046713973583,https://www.gdacs.org/report.aspx?eventtype=WF&eventid=1028810
EONET_20380,Wildfire in Angola 1028833,Wildfires,2026-05-26T19:00:00Z,17.654605569768226,-9.640864811763691,https://www.gdacs.org/report.aspx?eventtype=WF&eventid=1028833
EONET_20291,"WOODY MULTIPLE Wildfire, Roosevelt, New Mexico",Wildfires,2026-05-26T17:19:00Z,-103.829045,34.096027,https://irwin.doi.gov/observer/incidents/6bfefaed-626c-4000-9468-df52835f9325
EONET_20254,"Black Ridge Wildfire, Lincoln, Idaho",Wildfires,2026-05-25T20:50:00Z,-113.935667,43.050333,https://irwin.doi.gov/observer/incidents/ed35c822-3212-4d00-af01-d65afe675168
EONET_20251,"Dewoff Wildfire, Blaine, Idaho",Wildfires,2026-05-25T20:35:00Z,-113.248133,42.67045,https://irwin.doi.gov/observer/incidents/63e275b2-99b7-4e33-8a38-cd6b677f2132
EONET_20284,Flood in Libya 1103916,Floods,2026-05-25T20:00:00Z,15.2592288,24.5351182,https://www.gdacs.org/report.aspx?eventtype=FL&eventid=1103916
EONET_20252,"0231 ZEN Wildfire, Wasco, Oregon",Wildfires,2026-05-25T19:11:00Z,-120.43789,44.85563,https://irwin.doi.gov/observer/incidents/fda49146-327e-4651-835c-75b7f568a941
EONET_20336,Wildfire in Canada 1028765,Wildfires,2026-05-25T19:00:00Z,-113.26521064736005,60.44014545060089,https://www.gdacs.org/report.aspx?eventtype=WF&eventid=1028765
EONET_20337,Wildfire in The Democratic Republic of Congo 1028772,Wildfires,2026-05-25T19:00:00Z,18.101266365649817,-5.125393202537397,https://www.gdacs.org/report.aspx?eventtype=WF&eventid=1028772
EONET_20338,Wildfire in Brazil 1028767,Wildfires,2026-05-25T19:00:00Z,-46.92486506527449,-10.793254902945947,https://www.gdacs.org/report.aspx?eventtype=WF&eventid=1028767
EONET_20339,Wildfire in Canada 1028771,Wildfires,2026-05-25T19:00:00Z,-102.87012616355274,53.21863502340539,https://www.gdacs.org/report.aspx?eventtype=WF&eventid=1028771
EONET_20340,Wildfire in Australia 1028762,Wildfires,2026-05-25T19:00:00Z,142.7645150920568,-12.959616506862735,https://www.gdacs.org/report.aspx?eventtype=WF&eventid=1028762
EONET_20341,Wildfire in The Democratic Republic of Congo 1028770,Wildfires,2026-05-25T19:00:00Z,18.990546323334932,-5.714818623225173,https://www.gdacs.org/report.aspx?eventtype=WF&eventid=1028770
EONET_20257,"Egberts Wildfire, Elko, Nevada",Wildfires,2026-05-25T17:55:00Z,-115.0565,40.9655,https://irwin.doi.gov/observer/incidents/00055252-6610-421f-aa91-24bda42481bc
EONET_20250,"Summit Creek Wildfire, Cassia, Idaho",Wildfires,2026-05-25T16:59:00Z,-113.73075,42.17555,https://irwin.doi.gov/observer/incidents/6b1c6eb1-30f7-4613-9c58-4801dc8fd822
EONET_20258,"Kinyon Springs Wildfire, Owyhee, Idaho",Wildfires,2026-05-25T16:44:00Z,-115.244683,42.734717,https://irwin.doi.gov/observer/incidents/80bc9926-a857-4a29-beaa-1fac54720463
EONET_20297,Flood in South Korea 1103910,Floods,2026-05-24T20:00:00Z,126.6907475,33.3076683,https://www.gdacs.org/report.aspx?eventtype=FL&eventid=1103910
EONET_20268,Wildfire in The Democratic Republic of Congo 1028728,Wildfires,2026-05-24T19:00:00Z,17.81524438581159,-5.373714140865309,https://www.gdacs.org/report.aspx?eventtype=WF&eventid=1028728
EONET_20342,Wildfire in The Democratic Republic of Congo 1028775,Wildfires,2026-05-24T19:00:00Z,17.738467343430962,-5.681953290028032,https://www.gdacs.org/report.aspx?eventtype=WF&eventid=1028775
EONET_20343,Wildfire in Australia 1028779,Wildfires,2026-05-24T19:00:00Z,143.28247889358354,-15.015645604102765,https://www.gdacs.org/report.aspx?eventtype=WF&eventid=1028779
EONET_20344,Wildfire in Australia 1028773,Wildfires,2026-05-24T19:00:00Z,131.18609089546234,-14.277282525360853,https://www.gdacs.org/report.aspx?eventtype=WF&eventid=1028773
EONET_20345,Wildfire in The Democratic Republic of Congo 1028774,Wildfires,2026-05-24T19:00:00Z,17.63905956892807,-5.64179820850962,https://www.gdacs.org/report.aspx?eventtype=WF&eventid=1028774
EONET_20346,Wildfire in The Democratic Republic of Congo 1028777,Wildfires,2026-05-24T19:00:00Z,17.57980978391949,-5.429179232807133,https://www.gdacs.org/report.aspx?eventtype=WF&eventid=1028777
EONET_20347,Wildfire in The Democratic Republic of Congo 1028811,Wildfires,2026-05-24T19:00:00Z,17.721871489533445,-5.688081034513141,https://www.gdacs.org/report.aspx?eventtype=WF&eventid=1028811
EONET_20348,Wildfire in The Democratic Republic of Congo 1028812,Wildfires,2026-05-24T19:00:00Z,17.4846174491078,-7.46471601583368,https://www.gdacs.org/report.aspx?eventtype=WF&eventid=1028812
EONET_20349,Wildfire in The Democratic Republic of Congo 1028813,Wildfires,2026-05-24T19:00:00Z,23.920488233235368,-3.9677065628467463,https://www.gdacs.org/report.aspx?eventtype=WF&eventid=1028813
EONET_20381,Wildfire in The Democratic Republic of Congo 1028834,Wildfires,2026-05-24T19:00:00Z,17.55889807823435,-7.563009620651489,https://www.gdacs.org/report.aspx?eventtype=WF&eventid=1028834
EONET_20408,Wildfire in Angola 1028842,Wildfires,2026-05-24T19:00:00Z,17.83230838177842,-9.674556803342067,https://www.gdacs.org/report.aspx?eventtype=WF&eventid=1028842
EONET_20259,"MILE MARKER 44 FIRE - BROWARD Wildfire, Broward, Florida",Wildfires,2026-05-23T21:26:00Z,-80.7791667,26.0994444,https://irwin.doi.gov/observer/incidents/29b8daf8-f1fc-462d-9b1f-dfe897a65f69
EONET_20277,Flood in Georgia 1103909,Floods,2026-05-23T20:00:00Z,44.8422377,41.6875091,https://www.gdacs.org/report.aspx?eventtype=FL&eventid=1103909
EONET_20350,Wildfire in The Democratic Republic of Congo 1028783,Wildfires,2026-05-23T19:00:00Z,18.16747539287398,-5.6881222704973835,https://www.gdacs.org/report.aspx?eventtype=WF&eventid=1028783
EONET_20351,Wildfire in Bolivia 1028785,Wildfires,2026-05-23T19:00:00Z,-59.63085377248564,-16.662397230043233,https://www.gdacs.org/report.aspx?eventtype=WF&eventid=1028785
EONET_20352,Wildfire in Angola 1028784,Wildfires,2026-05-23T19:00:00Z,17.683978809052334,-9.33579349194863,https://www.gdacs.org/report.aspx?eventtype=WF&eventid=1028784
EONET_20353,Wildfire in The Democratic Republic of Congo 1028782,Wildfires,2026-05-23T19:00:00Z,20.327924772030773,-5.967294781807939,https://www.gdacs.org/report.aspx?eventtype=WF&eventid=1028782
EONET_20247,"MOORE Wildfire, Ada, Idaho",Wildfires,2026-05-23T18:43:00Z,-116.388095,43.297695,https://irwin.doi.gov/observer/incidents/c6a7466a-7edb-40a1-8156-a9434774467a
EONET_20253,"COUNTRY MEADOW Wildfire, Benton, Washington",Wildfires,2026-05-23T17:39:00Z,-119.33745,46.16526,https://irwin.doi.gov/observer/incidents/63870bd1-8655-43b9-b5e7-9566f1fbec82
EONET_20263,"340 Wildfire, Wakulla, Florida",Wildfires,2026-05-23T16:29:00Z,-84.565664,30.053136,https://irwin.doi.gov/observer/incidents/886edffc-e672-45db-aee1-631d4326f3e5
EONET_20249,"Mile Marker 44 Wildfire, Broward, Florida",Wildfires,2026-05-23T15:44:00Z,-80.766667,26.15,https://irwin.doi.gov/observer/incidents/09e8c44f-679e-4e3a-9c34-334266a0595c
EONET_20260,"Quartz Wildfire, Pershing, Nevada",Wildfires,2026-05-23T15:06:00Z,-118.014333,40.709867,https://irwin.doi.gov/observer/incidents/79662f7e-8c61-42ed-83ef-137d631e54c9
EONET_20262,"Thousand Wildfire, Northwest Arctic, Alaska",Wildfires,2026-05-23T11:59:00Z,-159.286667,66.435,https://irwin.doi.gov/observer/incidents/5dea170e-b7ea-40a2-a21f-4c4ebe0e28b6
EONET_20256,"WaWa 2 Wildfire, Highlands, Florida",Wildfires,2026-05-23T09:28:00Z,-81.2598,27.644633,https://irwin.doi.gov/observer/incidents/626355b6-3088-4310-aa72-ec6546672e34
EONET_20266,Flood in Vietnam 1103896,Floods,2026-05-22T20:00:00Z,108.1335279,11.6614957,https://www.gdacs.org/report.aspx?eventtype=FL&eventid=1103896
EONET_20298,Flood in Brazil 1103912,Floods,2026-05-22T20:00:00Z,-41.6798294,-21.1351354,https://www.gdacs.org/report.aspx?eventtype=FL&eventid=1103912
EONET_20269,Wildfire in The Democratic Republic of Congo 1028729,Wildfires,2026-05-22T19:00:00Z,18.23897483971346,-5.330567210357869,https://www.gdacs.org/report.aspx?eventtype=WF&eventid=1028729
EONET_20270,Wildfire in The Democratic Republic of Congo 1028730,Wildfires,2026-05-22T19:00:00Z,25.505444617185287,-6.5399609338671505,https://www.gdacs.org/report.aspx?eventtype=WF&eventid=1028730
EONET_20271,Wildfire in Canada 1028731,Wildfires,2026-05-22T19:00:00Z,-113.01827207233447,60.38368129177281,https://www.gdacs.org/report.aspx?eventtype=WF&eventid=1028731
EONET_20354,Wildfire in The Democratic Republic of Congo 1028788,Wildfires,2026-05-22T19:00:00Z,29.05375513545092,-6.307069603165492,https://www.gdacs.org/report.aspx?eventtype=WF&eventid=1028788
EONET_20355,Wildfire in The Democratic Republic of Congo 1028787,Wildfires,2026-05-22T19:00:00Z,23.97917845319516,-3.4506784802319133,https://www.gdacs.org/report.aspx?eventtype=WF&eventid=1028787
EONET_20356,Wildfire in The Democratic Republic of Congo 1028789,Wildfires,2026-05-22T19:00:00Z,17.49243412191907,-7.359283690719712,https://www.gdacs.org/report.aspx?eventtype=WF&eventid=1028789
EONET_20357,Wildfire in Australia 1028790,Wildfires,2026-05-22T19:00:00Z,142.89387777846727,-13.153248534203144,https://www.gdacs.org/report.aspx?eventtype=WF&eventid=1028790
EONET_20264,"Shell Wildfire, Lake, Florida",Wildfires,2026-05-22T10:24:00Z,-81.507167,29.073833,https://irwin.doi.gov/observer/incidents/660f8e64-f1eb-41ab-aa04-7e11f89fdc6c
EONET_20261,"Trigg Wildfire, San Miguel, New Mexico",Wildfires,2026-05-21T23:07:00Z,-103.948693,35.53034,https://irwin.doi.gov/observer/incidents/e7cb92a2-60e4-4c15-bffd-9ae0a5523b56
EONET_20246,Flood in Bulgaria 1103894,Floods,2026-05-21T20:00:00Z,24.9073116,42.8155165,https://www.gdacs.org/report.aspx?eventtype=FL&eventid=1103894
EONET_20267,Flood in Kyrgyzstan 1103895,Floods,2026-05-21T20:00:00Z,72.8799131,40.7068689,https://www.gdacs.org/report.aspx?eventtype=FL&eventid=1103895
EONET_20278,Flood in Romania 1103908,Floods,2026-05-21T20:00:00Z,23.683459,44.69891,https://www.gdacs.org/report.aspx?eventtype=FL&eventid=1103908
EONET_20243,Flood in Moldova 1103891,Floods,2026-05-20T20:00:00Z,28.2215511,47.3269772,https://www.gdacs.org/report.aspx?eventtype=FL&eventid=1103891
EONET_20244,Flood in Peru 1103892,Floods,2026-05-20T20:00:00Z,-76.5421611,-10.4868888,https://www.gdacs.org/report.aspx?eventtype=FL&eventid=1103892
EONET_20222,Wildfire in Australia 1028722,Wildfires,2026-05-20T19:00:00Z,127.08583841737595,-14.079938543695741,https://www.gdacs.org/report.aspx?eventtype=WF&eventid=1028722
EONET_20223,Wildfire in Australia 1028723,Wildfires,2026-05-20T19:00:00Z,130.85516217326855,-13.432791549240818,https://www.gdacs.org/report.aspx?eventtype=WF&eventid=1028723
EONET_20272,Wildfire in Australia 1028734,Wildfires,2026-05-20T19:00:00Z,127.28871376473819,-14.395079151721243,https://www.gdacs.org/report.aspx?eventtype=WF&eventid=1028734
EONET_20273,Wildfire in Australia 1028732,Wildfires,2026-05-20T19:00:00Z,130.29750869749816,-13.996061003364874,https://www.gdacs.org/report.aspx?eventtype=WF&eventid=1028732
EONET_20358,Wildfire in Australia 1028795,Wildfires,2026-05-20T19:00:00Z,132.22948110788172,-13.747335715837423,https://www.gdacs.org/report.aspx?eventtype=WF&eventid=1028795
EONET_20230,"DeSoto BB 8374 S RX Prescribed Fire, Harrison, Mississippi",Wildfires,2026-05-20T11:12:00Z,-89.035278,30.673333,https://irwin.doi.gov/observer/incidents/0aa79001-67d5-4ffb-aa44-82feeb972f29
EONET_20229,"Chickasawhay CPT 451 452 RX Prescribed Fire, Greene, Mississippi",Wildfires,2026-05-20T09:22:00Z,-88.6597,31.4154,https://irwin.doi.gov/observer/incidents/29128400-a817-4d78-a1a7-3a5bb5b597fd
EONET_20231,"CADDUGGEN Wildfire, Carteret, North Carolina",Wildfires,2026-05-20T07:59:00Z,-76.385286,34.926008,https://irwin.doi.gov/observer/incidents/7dafe704-220a-4c5e-a9e6-d883cb9a7c35
EONET_20236,"Rifle Range Rd Wildfire, Collier, Florida",Wildfires,2026-05-19T22:10:00Z,-81.6369444,26.1155556,https://irwin.doi.gov/observer/incidents/66bfa6ae-29e9-4cde-b0e0-27aa4ec8cee0
EONET_20245,Flood in Afghanistan 1103890,Floods,2026-05-19T20:00:00Z,71.367658,36.8040254,https://www.gdacs.org/report.aspx?eventtype=FL&eventid=1103890
EONET_20232,"Foothill Wildfire, Santa Barbara, California",Wildfires,2026-05-19T19:16:00Z,-119.6036111,34.8297222,https://irwin.doi.gov/observer/incidents/fe13eac3-abc4-49be-87bf-1cc7b095ec74
EONET_20274,Wildfire in Australia 1028735,Wildfires,2026-05-19T19:00:00Z,146.04159820700096,-19.197877222629973,https://www.gdacs.org/report.aspx?eventtype=WF&eventid=1028735
EONET_20238,"MTZ/SDU/TUSIL Wildfire, San Diego, California",Wildfires,2026-05-19T16:17:00Z,-116.362754,32.732894,https://irwin.doi.gov/observer/incidents/86678603-6464-406f-bd21-065bbb15a368
EONET_20235,"TUSIL Wildfire, San Diego, California",Wildfires,2026-05-19T16:01:00Z,50.0,2.0,https://irwin.doi.gov/observer/incidents/1839e996-cb85-4d68-845a-fa8367df7dd8
EONET_20234,"VERONA Wildfire, Riverside, California",Wildfires,2026-05-19T15:21:00Z,-117.08441,33.76272,https://irwin.doi.gov/observer/incidents/5fa51a06-a7d8-4926-84cb-c4a1f2bbb6a8
EONET_20233,"BAIN Wildfire, Riverside, California",Wildfires,2026-05-19T15:16:00Z,-117.505889,33.975363,https://irwin.doi.gov/observer/incidents/a7c6f956-f17f-4a90-9fe7-011addde290c
EONET_20289,"Sunfish Rx Prescribed Fire, Cook, Minnesota",Wildfires,2026-05-19T12:05:00Z,-90.152327,47.989121,https://irwin.doi.gov/observer/incidents/3c911c5e-4cb7-4ca1-9905-6acf4b529813
EONET_20241,"DeSoto BB 7310 S RX Prescribed Fire, Perry, Mississippi",Wildfires,2026-05-19T10:02:00Z,-88.857778,31.024444,https://irwin.doi.gov/observer/incidents/5eb5f2f6-8d24-41e3-a185-60f921e3fad4
EONET_20240,"Chickasawhay CPT 366 RX Prescribed Fire, Wayne, Mississippi",Wildfires,2026-05-19T09:35:00Z,-88.9338,31.4618,https://irwin.doi.gov/observer/incidents/44e802a8-6362-4483-911b-0e60f6a2824c
EONET_20242,"RX WINN BU  24 Prescribed Fire, Winn, Louisiana",Wildfires,2026-05-19T08:51:00Z,-92.841389,32.056667,https://irwin.doi.gov/observer/incidents/fa5d7760-1c86-47cc-a58b-469caf22ed53
EONET_20218,Flood in United States 1103888,Floods,2026-05-18T20:00:00Z,-85.387185,39.0750538,https://www.gdacs.org/report.aspx?eventtype=FL&eventid=1103888
EONET_20219,Flood in Russia 1103889,Floods,2026-05-18T20:00:00Z,41.0263622,44.8930113,https://www.gdacs.org/report.aspx?eventtype=FL&eventid=1103889
EONET_20153,"Kress Wildfire, Swisher, Texas",Wildfires,2026-05-18T19:06:00Z,-101.7812159,34.38652018,https://irwin.doi.gov/observer/incidents/9b17d10e-20c4-4177-9b18-236dfae9d57d
EONET_20208,Wildfire in Australia 1028712,Wildfires,2026-05-18T19:00:00Z,130.44587190269715,-13.344203293002213,https://www.gdacs.org/report.aspx?eventtype=WF&eventid=1028712
EONET_20224,Wildfire in Russian Federation 1028720,Wildfires,2026-05-18T19:00:00Z,130.29075617711356,51.1427156261384,https://www.gdacs.org/report.aspx?eventtype=WF&eventid=1028720
EONET_20275,Wildfire in Russian Federation 1028737,Wildfires,2026-05-18T19:00:00Z,134.83438172334533,51.37012913280218,https://www.gdacs.org/report.aspx?eventtype=WF&eventid=1028737
EONET_20158,"Sailor Cap Wildfire, Owyhee, Idaho",Wildfires,2026-05-18T17:49:00Z,-115.531217,42.734486,https://irwin.doi.gov/observer/incidents/73708b7d-cc4d-42d2-b139-74bfd89018f3
EONET_20157,"SANDY Wildfire, Ventura, California",Wildfires,2026-05-18T13:21:00Z,-118.743684,34.250088,https://irwin.doi.gov/observer/incidents/a4eb258a-f5d1-46c3-9560-8fbc8042d9c3
EONET_20159,"RIVER Wildfire, Kern, California",Wildfires,2026-05-18T12:05:00Z,-118.7891667,35.4458333,https://irwin.doi.gov/observer/incidents/91c7775a-98f7-45b3-a8c1-3433796360ca
EONET_20239,"Chickasawhay CPT 400 RX Prescribed Fire, Wayne, Mississippi",Wildfires,2026-05-18T09:55:00Z,-88.8018,31.5193,https://irwin.doi.gov/observer/incidents/d271309e-154d-4b76-83e4-71e83869b4b6
EONET_20172,"RX WINN BU 114 Prescribed Fire, Grant, Louisiana",Wildfires,2026-05-18T08:58:00Z,-92.483333,31.749722,https://irwin.doi.gov/observer/incidents/971f49d7-75c2-43c7-9db0-05c7d006565c
EONET_20185,"RANGE Wildfire, Roosevelt, New Mexico",Wildfires,2026-05-17T21:18:00Z,-103.91635,34.32746,https://irwin.doi.gov/observer/incidents/8a809d3e-710d-48c8-83ce-9b84f042dd17
EONET_20207,Flood in Australia 1103887,Floods,2026-05-17T20:00:00Z,152.7069221,-28.277991,https://www.gdacs.org/report.aspx?eventtype=FL&eventid=1103887
EONET_20148,Wildfire in Russian Federation 1028709,Wildfires,2026-05-17T19:00:00Z,128.12530081097609,53.2390541766539,https://www.gdacs.org/report.aspx?eventtype=WF&eventid=1028709
EONET_20209,Wildfire in Russian Federation 1028714,Wildfires,2026-05-17T19:00:00Z,129.18103920743823,51.730029977416294,https://www.gdacs.org/report.aspx?eventtype=WF&eventid=1028714
EONET_20210,Wildfire in Zambia 1028710,Wildfires,2026-05-17T19:00:00Z,26.262433963080674,-14.285040452712572,https://www.gdacs.org/report.aspx?eventtype=WF&eventid=1028710
EONET_20211,Wildfire in Zambia 1028711,Wildfires,2026-05-17T19:00:00Z,26.268116686699088,-14.413189025132388,https://www.gdacs.org/report.aspx?eventtype=WF&eventid=1028711
EONET_20225,Wildfire in Australia 1028721,Wildfires,2026-05-17T19:00:00Z,144.7779983177372,-17.2198755463267,https://www.gdacs.org/report.aspx?eventtype=WF&eventid=1028721
EONET_20152,"Stinky Wildfire, Potter, Texas",Wildfires,2026-05-17T18:24:00Z,-102.0169,35.225011,https://irwin.doi.gov/observer/incidents/fcccb1cd-f00f-484f-beeb-43874cb5fd86
EONET_20160,"Blue Diamond Wildfire, Oldham, Texas",Wildfires,2026-05-17T18:04:00Z,3.0,5.0,https://irwin.doi.gov/observer/incidents/e59f6f78-f9cb-4a68-b73f-b8f76ddddc97
EONET_20154,"AIR FORCE Wildfire, Elmore, Idaho",Wildfires,2026-05-17T16:35:00Z,-115.875225,43.08601,https://irwin.doi.gov/observer/incidents/a9536f1a-0b13-40c2-b65a-cc6942341c00
EONET_20162,"Sharpe Wildfire, Baca, Colorado",Wildfires,2026-05-17T15:37:00Z,203.0,3.0,https://irwin.doi.gov/observer/incidents/59686f08-125a-4dc7-91e9-af37f0968ccd
EONET_20167,"Proffitt Lake Wildfire, Meade, Kansas",Wildfires,2026-05-17T15:00:00Z,-100.1141,37.2162,https://irwin.doi.gov/observer/incidents/474cb867-2af9-4bab-828f-a1ec34db0425
EONET_20151,"Axtell Anceney Rd and Cottontail Rd Wildfire, Gallatin, Montana",Wildfires,2026-05-17T14:05:00Z,-111.283273,45.602087,https://irwin.doi.gov/observer/incidents/928cddcb-c14e-4b63-85f7-774058e51acb
EONET_20194,"APQ Area 13 RX 0516 Prescribed Fire, Highlands, Florida",Wildfires,2026-05-17T09:52:00Z,-81.327217,27.621983,https://irwin.doi.gov/observer/incidents/b251045d-a6d9-416d-a1a8-c832ddf89cf5
EONET_20411,"Kikai Volcano, Japan",Volcanoes,2026-05-17T00:00:00Z,130.305,30.793,https://volcano.si.edu/volcano.cfm?vn=282060
EONET_20163,"Sharpe Wildfire, Cimarron, Oklahoma",Wildfires,2026-05-16T20:54:00Z,-102.6666667,36.8933333,https://irwin.doi.gov/observer/incidents/6122eacf-706c-45a8-91b4-4f9eccf25098
EONET_20149,Wildfire in Mexico 1028708,Wildfires,2026-05-16T19:00:00Z,-91.6768392436938,18.395251541969007,https://www.gdacs.org/report.aspx?eventtype=WF&eventid=1028708
EONET_20212,Wildfire in Russian Federation 1028716,Wildfires,2026-05-16T19:00:00Z,126.8825917998332,53.126181892840805,https://www.gdacs.org/report.aspx?eventtype=WF&eventid=1028716
EONET_20192,"Ballard Wildfire, Baca, Colorado",Wildfires,2026-05-16T16:32:00Z,-102.318569,37.01868,https://irwin.doi.gov/observer/incidents/d12309e1-0771-4e08-8891-904f8770056c
EONET_20161,"Flanders Wildfire, Crow Wing, Minnesota",Wildfires,2026-05-16T14:45:00Z,-94.081924,46.598218,https://irwin.doi.gov/observer/incidents/ec401d4a-7195-4dff-9b6e-c72f2e15594e
EONET_20183,"DeSoto BB 8366 2 RX Prescribed Fire, Harrison, Mississippi",Wildfires,2026-05-16T11:04:00Z,-88.995,30.671667,https://irwin.doi.gov/observer/incidents/257458bd-c716-4ba4-b76b-5f0ae3cacf51
EONET_20165,"Tex-OK Wildfire, Cimarron, Oklahoma",Wildfires,2026-05-16T09:28:00Z,-102.4322222,36.6363889,https://irwin.doi.gov/observer/incidents/e27ccb2e-b913-4916-a414-3bfe748138c7
EONET_20197,"Chickasawhay CPT 441 RX Prescribed Fire, Wayne, Mississippi",Wildfires,2026-05-16T09:19:00Z,-88.6589,31.4806,https://irwin.doi.gov/observer/incidents/3188e40e-94b5-4173-b061-4f32aba3ea05
EONET_20410,"Bezymianny Volcano, Russia",Volcanoes,2026-05-16T00:00:00Z,160.595,55.972,https://volcano.si.edu/volcano.cfm?vn=300250
EONET_20168,"Comanche Wildfire, Motley, Texas",Wildfires,2026-05-15T23:00:00Z,-100.52482,34.298988,https://irwin.doi.gov/observer/incidents/cf5b566d-8cf3-4d05-bcc3-08ee33f276db
EONET_20170,"Wolf Canyon OK Wildfire, Beaver, Oklahoma",Wildfires,2026-05-15T22:09:00Z,-100.6252778,36.9980556,https://irwin.doi.gov/observer/incidents/071159fa-329d-469c-afa8-f24935ddfaa5
EONET_20173,"Meade Lake Wildfire, Meade, Kansas",Wildfires,2026-05-15T22:04:00Z,50.0,60.0,https://irwin.doi.gov/observer/incidents/3d41f0af-3ede-4394-a814-27c839544715
EONET_20169,"Cadilac Wildfire, Beaver, Oklahoma",Wildfires,2026-05-15T21:57:00Z,-100.5897222,36.94,https://irwin.doi.gov/observer/incidents/08840e8b-f884-4cd8-8a63-9fdac27ad726
EONET_20195,"RITA BLANCA UNIT 32 Wildfire, Dallam, Texas",Wildfires,2026-05-15T21:33:00Z,-102.692407,36.372305,https://irwin.doi.gov/observer/incidents/7dddd0ea-90ca-453b-b6b3-9ac651cc42e7
EONET_20130,Flood in Malaysia 1103884,Floods,2026-05-15T20:00:00Z,103.4352428,1.6220942,https://www.gdacs.org/report.aspx?eventtype=FL&eventid=1103884
EONET_20201,"Mustache Wildfire, Haskell, Texas",Wildfires,2026-05-15T19:05:00Z,-99.98472222,33.32611111,https://irwin.doi.gov/observer/incidents/d8e74dfa-9e39-48e0-99be-133decffd4e1
EONET_20120,Wildfire in Australia 1028685,Wildfires,2026-05-15T19:00:00Z,123.43446484057527,-19.751295418428242,https://www.gdacs.org/report.aspx?eventtype=WF&eventid=1028685
EONET_20144,Wildfire in Russian Federation 1028704,Wildfires,2026-05-15T19:00:00Z,130.098891477159,51.07718504675828,https://www.gdacs.org/report.aspx?eventtype=WF&eventid=1028704
EONET_20213,Wildfire in Russian Federation 1028717,Wildfires,2026-05-15T19:00:00Z,127.24899341187633,53.52457101279437,https://www.gdacs.org/report.aspx?eventtype=WF&eventid=1028717
EONET_20214,Wildfire in Russian Federation 1028718,Wildfires,2026-05-15T19:00:00Z,128.10589128228332,53.25027332001921,https://www.gdacs.org/report.aspx?eventtype=WF&eventid=1028718
EONET_20215,Wildfire in Russian Federation 1028715,Wildfires,2026-05-15T19:00:00Z,130.5321449676253,52.46473641000432,https://www.gdacs.org/report.aspx?eventtype=WF&eventid=1028715
EONET_20226,Wildfire in Australia 1028724,Wildfires,2026-05-15T19:00:00Z,131.64761669904883,-13.813198491723643,https://www.gdacs.org/report.aspx?eventtype=WF&eventid=1028724
EONET_20181,"Ox Bow Wildfire, Hall, Texas",Wildfires,2026-05-15T18:51:00Z,-100.78035,34.500099,https://irwin.doi.gov/observer/incidents/7c019209-3819-4e99-9fea-ed62233dcdd1
EONET_20193,"Western Wildfire, Randall, Texas",Wildfires,2026-05-15T17:56:00Z,-101.9380031,34.88270125,https://irwin.doi.gov/observer/incidents/8972805f-c7dc-4499-b9fe-d93f8cd06587
EONET_20164,"Ballard Wildfire, Cimarron, Oklahoma",Wildfires,2026-05-15T17:32:00Z,-102.3725,36.9572222,https://irwin.doi.gov/observer/incidents/21470b85-a0a9-4dc0-bfb4-6723802bff2e
EONET_20171,"Herman Ranch Wildfire, Clark, Kansas",Wildfires,2026-05-15T17:31:00Z,15.0,30.0,https://irwin.doi.gov/observer/incidents/7be00d9c-ee6d-4100-88fd-f6e95203f0c9
EONET_20196,"County Rd 51 Wildfire, Baca, Colorado",Wildfires,2026-05-15T16:24:00Z,-102.129333,37.371833,https://irwin.doi.gov/observer/incidents/e0b7f98b-c48f-48ef-81c4-91183dad5ee1
EONET_20179,"Cherokee Wildfire, Briscoe, Texas",Wildfires,2026-05-15T14:37:00Z,-101.0180556,34.60333333,https://irwin.doi.gov/observer/incidents/e50ce200-aedd-48c1-bbcc-d0a2a7cbf845
EONET_20175,"Chocolate Chip Wildfire, Randall, Texas",Wildfires,2026-05-15T14:21:00Z,-102.0996833,34.78675,https://irwin.doi.gov/observer/incidents/98df07f2-9e35-4e74-a4f2-3d8d4899d694
EONET_20182,"Chainey Mountain Wildfire, Hall, Texas",Wildfires,2026-05-15T13:55:00Z,-100.5130556,34.39444444,https://irwin.doi.gov/observer/incidents/7dabf2c6-d00c-47b0-8fc8-9390f207e958
EONET_20150,"Santa Rosa Island Wildfire, Santa Barbara, California",Wildfires,2026-05-15T12:25:00Z,-120.086061,33.917233,https://irwin.doi.gov/observer/incidents/c0ca08f2-e210-4fdf-a312-420a581ece3a
EONET_20180,"River Wildfire, Morton, Kansas",Wildfires,2026-05-15T08:56:00Z,-101.626533,37.220033,https://irwin.doi.gov/observer/incidents/5ae4ee1f-9c00-43ca-b8cf-985afce3934b
EONET_20178,"Windmill Wildfire, Morton, Kansas",Wildfires,2026-05-15T08:55:00Z,-101.5922,37.219417,https://irwin.doi.gov/observer/incidents/9910c36a-8258-4892-836e-30f7c76aea9d
EONET_20200,"Crooked Cook Wildfire, Motley, Texas",Wildfires,2026-05-15T02:01:00Z,-100.8350875,34.011822,https://irwin.doi.gov/observer/incidents/0c2508d8-cb18-4d6e-8275-4eeccfb5ab9f
EONET_20174,"Line Wildfire, Oldham, Texas",Wildfires,2026-05-15T01:52:00Z,-103.040997,35.607533,https://irwin.doi.gov/observer/incidents/7fc23d22-592b-4191-a235-2d1cca369585
EONET_20198,"Roman Wildfire, Hartley, Texas",Wildfires,2026-05-15T00:15:00Z,-102.86812,35.71846,https://irwin.doi.gov/observer/incidents/3365b0cf-31b1-43cc-9f8b-d0fead8ba2c4
EONET_12618,Iceberg A84,Sea and Lake Ice,2025-01-31T00:00:00Z,-75.8,-72.69,https://usicecenter.gov/pub/Iceberg_Tabular.csv
EONET_12618,Iceberg A84,Sea and Lake Ice,2025-02-06T00:00:00Z,-77.85,-72.19,https://usicecenter.gov/pub/Iceberg_Tabular.csv
EONET_12618,Iceberg A84,Sea and Lake Ice,2025-02-14T00:00:00Z,-79.81,-72.06,https://usicecenter.gov/pub/Iceberg_Tabular.csv
EONET_12618,Iceberg A84,Sea and Lake Ice,2025-02-28T00:00:00Z,-81.03,-72.88,https://usicecenter.gov/pub/Iceberg_Tabular.csv
EONET_12618,Iceberg A84,Sea and Lake Ice,2025-03-13T00:00:00Z,-82.43,-73.6,https://usicecenter.gov/pub/Iceberg_Tabular.csv
EONET_12618,Iceberg A84,Sea and Lake Ice,2025-03-21T00:00:00Z,-84.35,-73.44,https://usicecenter.gov/pub/Iceberg_Tabular.csv
EONET_12618,Iceberg A84,Sea and Lake Ice,2025-04-04T00:00:00Z,-86.23,-72.86,https://usicecenter.gov/pub/Iceberg_Tabular.csv
EONET_12618,Iceberg A84,Sea and Lake Ice,2025-04-11T00:00:00Z,-87.79,-72.71,https://usicecenter.gov/pub/Iceberg_Tabular.csv
EONET_12618,Iceberg A84,Sea and Lake Ice,2025-04-18T00:00:00Z,-90.64,-72.11,https://usicecenter.gov/pub/Iceberg_Tabular.csv
EONET_12618,Iceberg A84,Sea and Lake Ice,2025-04-24T00:00:00Z,-91.86,-72.4,https://usicecenter.gov/pub/Iceberg_Tabular.csv
EONET_12618,Iceberg A84,Sea and Lake Ice,2025-05-09T00:00:00Z,-93.89,-72.42,https://usicecenter.gov/pub/Iceberg_Tabular.csv
EONET_12618,Iceberg A84,Sea and Lake Ice,2025-05-16T00:00:00Z,-94.85,-72.04,https://usicecenter.gov/pub/Iceberg_Tabular.csv
EONET_12618,Iceberg A84,Sea and Lake Ice,2026-01-02T00:00:00Z,-96.27,-71.64,https://usicecenter.gov/pub/Iceberg_Tabular.csv
EONET_12618,Iceberg A84,Sea and Lake Ice,2026-01-30T00:00:00Z,-100.25,-71.61,https://usicecenter.gov/pub/Iceberg_Tabular.csv
EONET_12618,Iceberg A84,Sea and Lake Ice,2026-02-26T00:00:00Z,-103.78,-72.35,https://usicecenter.gov/pub/Iceberg_Tabular.csv
EONET_12618,Iceberg A84,Sea and Lake Ice,2026-03-26T00:00:00Z,-103.89,-73.1,https://usicecenter.gov/pub/Iceberg_Tabular.csv
EONET_12618,Iceberg A84,Sea and Lake Ice,2026-04-10T00:00:00Z,-104.89,-73.86,https://usicecenter.gov/pub/Iceberg_Tabular.csv
EONET_12618,Iceberg A84,Sea and Lake Ice,2026-04-24T00:00:00Z,-106.83,-73.24,https://usicecenter.gov/pub/Iceberg_Tabular.csv
EONET_12618,Iceberg A84,Sea and Lake Ice,2026-05-15T00:00:00Z,-107.18,-72.78,https://usicecenter.gov/pub/Iceberg_Tabular.csv
EONET_12618,Iceberg A84,Sea and Lake Ice,2026-05-21T00:00:00Z,-108.28,-72.44,https://usicecenter.gov/pub/Iceberg_Tabular.csv
EONET_12618,Iceberg A84,Sea and Lake Ice,2026-07-17T00:00:00Z,-107.7,-72.02,https://usicecenter.gov/pub/Iceberg_Tabular.csv
EONET_12618,Iceberg A84,Sea and Lake Ice,2026-07-23T00:00:00Z,-105.76,-71.59,https://usicecenter.gov/pub/Iceberg_Tabular.csv
EONET_20220,Iceberg B51,Sea and Lake Ice,2026-05-15T00:00:00Z,-130.63,-74.22,https://usicecenter.gov/pub/Iceberg_Tabular.csv
EONET_20221,Iceberg D15D,Sea and Lake Ice,2026-05-15T00:00:00Z,79.31,-67.28,https://usicecenter.gov/pub/Iceberg_Tabular.csv
EONET_20190,"McBride Wildfire, Carson, Texas",Wildfires,2026-05-14T21:33:00Z,-101.508259,35.514808,https://irwin.doi.gov/observer/incidents/b168e9ab-44b1-4b83-9d20-2088593538c6
EONET_20191,"State Line Wildfire, Baca, Colorado",Wildfires,2026-05-14T21:22:00Z,-102.369778,37.010118,https://irwin.doi.gov/observer/incidents/535a8652-1269-4dda-8a1d-65458bcbfa10
EONET_20199,"Shifty Wildfire, Potter, Texas",Wildfires,2026-05-14T21:16:00Z,-101.952543,35.47352,https://irwin.doi.gov/observer/incidents/788ebbc9-1adf-4745-9ac8-aec77f2a5c72
EONET_20187,"Line Wildfire, Quay, New Mexico",Wildfires,2026-05-14T20:17:00Z,-103.1274,35.4584,https://irwin.doi.gov/observer/incidents/bc32a0d5-e4e8-4553-b174-837c26c6e1ff
EONET_20131,Flood in China 1103883,Floods,2026-05-14T20:00:00Z,121.4249152,23.6677535,https://www.gdacs.org/report.aspx?eventtype=FL&eventid=1103883
EONET_20143,Flood in Austria 1103885,Floods,2026-05-14T20:00:00Z,13.3316861,47.2305949,https://www.gdacs.org/report.aspx?eventtype=FL&eventid=1103885
EONET_20166,"Hunggate Wildfire, Randall, Texas",Wildfires,2026-05-14T19:40:00Z,-101.9550667,34.94155,https://irwin.doi.gov/observer/incidents/96284682-5c28-4886-b9ea-d5db03e2a243
EONET_20105,Wildfire in United States 1028672,Wildfires,2026-05-14T19:00:00Z,-100.38334532167714,37.197671995410765,https://www.gdacs.org/report.aspx?eventtype=WF&eventid=1028672
EONET_20121,Wildfire in United States 1028683,Wildfires,2026-05-14T19:00:00Z,-102.01086858034392,34.808158559859805,https://www.gdacs.org/report.aspx?eventtype=WF&eventid=1028683
EONET_20122,Wildfire in Australia 1028686,Wildfires,2026-05-14T19:00:00Z,131.8691580061589,-13.69126062764022,https://www.gdacs.org/report.aspx?eventtype=WF&eventid=1028686
EONET_20123,Wildfire in Russian Federation 1028687,Wildfires,2026-05-14T19:00:00Z,127.99719995276007,51.64208007928278,https://www.gdacs.org/report.aspx?eventtype=WF&eventid=1028687
EONET_20124,Wildfire in Australia 1028688,Wildfires,2026-05-14T19:00:00Z,122.94931244479291,-20.04220316929763,https://www.gdacs.org/report.aspx?eventtype=WF&eventid=1028688
EONET_20132,Wildfire in Russian Federation 1028693,Wildfires,2026-05-14T19:00:00Z,130.06241299339536,50.59027367609757,https://www.gdacs.org/report.aspx?eventtype=WF&eventid=1028693
EONET_20133,Wildfire in Russian Federation 1028694,Wildfires,2026-05-14T19:00:00Z,129.77651446490114,51.12721594752604,https://www.gdacs.org/report.aspx?eventtype=WF&eventid=1028694
EONET_20134,Wildfire in Russian Federation 1028698,Wildfires,2026-05-14T19:00:00Z,127.46169578032473,52.3677017870064,https://www.gdacs.org/report.aspx?eventtype=WF&eventid=1028698
EONET_20135,Wildfire in Russian Federation 1028699,Wildfires,2026-05-14T19:00:00Z,126.71509082251842,53.16625542566782,https://www.gdacs.org/report.aspx?eventtype=WF&eventid=1028699
EONET_20227,Wildfire in Russian Federation 1028725,Wildfires,2026-05-14T19:00:00Z,126.18992870670553,53.11318280958348,https://www.gdacs.org/report.aspx?eventtype=WF&eventid=1028725
EONET_20228,Wildfire in Russian Federation 1028726,Wildfires,2026-05-14T19:00:00Z,127.11482436252628,53.57330046008464,https://www.gdacs.org/report.aspx?eventtype=WF&eventid=1028726
EONET_20202,"RANGE Wildfire, Monterey, California",Wildfires,2026-05-14T18:19:00Z,-120.811504,35.829565,https://irwin.doi.gov/observer/incidents/3acb48ed-c3a5-49da-bb7f-22b201fb7ebe
EONET_20155,"51 Wildfire, Morton, Kansas",Wildfires,2026-05-14T18:17:00Z,-101.655228,37.18058,https://irwin.doi.gov/observer/incidents/c2dcb1c7-e144-4031-9c3b-0d9d3438ab58
EONET_20186,"Mimms Wildfire, Quay, New Mexico",Wildfires,2026-05-14T18:06:00Z,-103.934566,34.818397,https://irwin.doi.gov/observer/incidents/df424a1d-f6d6-4095-8786-dd329a7fb229
EONET_20098,"Eagle Lake Fire Wildfire, Hancock, Iowa",Wildfires,2026-05-14T11:04:00Z,-93.72348843,43.11279415,https://irwin.doi.gov/observer/incidents/c283aec9-aab3-4720-addc-47bb6a433a32
EONET_20204,"DeSoto BB 8366 RX Prescribed Fire, Harrison, Mississippi",Wildfires,2026-05-14T09:54:00Z,-88.9959,30.673,https://irwin.doi.gov/observer/incidents/a026bf75-f984-41cf-b2ea-7b9037ca667f
EONET_20206,"Chickasawhay CPT 439 441 RX Prescribed Fire, Wayne, Mississippi",Wildfires,2026-05-14T09:35:00Z,-88.6767,31.4818,https://irwin.doi.gov/observer/incidents/e91c33ef-bfa1-4a69-971e-3c8c4a4689e0
EONET_20156,"SEVEN CABINS Wildfire, Lincoln, New Mexico",Wildfires,2026-05-14T07:42:00Z,14.0,200.0,https://irwin.doi.gov/observer/incidents/cee6fe44-48eb-42fa-b351-5f3d8dfe5a2f
EONET_20095,"Ash Pole Wildfire, Dawes, Nebraska",Wildfires,2026-05-14T03:26:00Z,-103.2415,42.626352,https://irwin.doi.gov/observer/incidents/67b9dde7-df9f-4ade-84b2-d397e8662e48
EONET_20189,"Rochelle 2 Wildfire, Converse, Wyoming",Wildfires,2026-05-13T22:52:00Z,-105.2177,43.49225,https://irwin.doi.gov/observer/incidents/01aac875-e26e-49e4-9db0-80b5965a7b9f
EONET_20094,"NEURALIA Wildfire, Kern, California",Wildfires,2026-05-13T20:02:00Z,-117.98596,35.235788,https://irwin.doi.gov/observer/incidents/5be7b8cc-2c09-4f31-bf3b-5f1d26d5adcd
EONET_20093,"Pasadena Valley Wildfire, Elmore, Idaho",Wildfires,2026-05-13T19:45:00Z,-115.260567,42.9622,https://irwin.doi.gov/observer/incidents/a504b060-c0a6-4c43-a281-19e1886c9aa0
EONET_20177,"Jericho Creek Wildfire, Powell, Montana",Wildfires,2026-05-13T19:12:00Z,-112.340167,46.477333,https://irwin.doi.gov/observer/incidents/1c840397-b333-46fc-9191-1cdbb82ce4f8
EONET_20086,Wildfire in Australia 1028667,Wildfires,2026-05-13T19:00:00Z,131.79236738189468,-13.456114038889064,https://www.gdacs.org/report.aspx?eventtype=WF&eventid=1028667
EONET_20106,Wildfire in Australia 1028673,Wildfires,2026-05-13T19:00:00Z,121.92913504786449,-18.96981762255115,https://www.gdacs.org/report.aspx?eventtype=WF&eventid=1028673
EONET_20107,Wildfire in Australia 1028674,Wildfires,2026-05-13T19:00:00Z,130.53677188297763,-13.875708913432849,https://www.gdacs.org/report.aspx?eventtype=WF&eventid=1028674
EONET_20108,Wildfire in Australia 1028675,Wildfires,2026-05-13T19:00:00Z,130.30444207482282,-13.817645727177345,https://www.gdacs.org/report.aspx?eventtype=WF&eventid=1028675
EONET_20125,Wildfire in Australia 1028689,Wildfires,2026-05-13T19:00:00Z,130.25845324881533,-14.985855734913807,https://www.gdacs.org/report.aspx?eventtype=WF&eventid=1028689
EONET_20126,Wildfire in Russian Federation 1028690,Wildfires,2026-05-13T19:00:00Z,126.63118756606825,53.10412386698627,https://www.gdacs.org/report.aspx?eventtype=WF&eventid=1028690
EONET_20136,Wildfire in Russian Federation 1028700,Wildfires,2026-05-13T19:00:00Z,127.26342187929095,53.23450441177846,https://www.gdacs.org/report.aspx?eventtype=WF&eventid=1028700
EONET_20137,Wildfire in United States 1028701,Wildfires,2026-05-13T19:00:00Z,-105.32614451177328,33.62704563689134,https://www.gdacs.org/report.aspx?eventtype=WF&eventid=1028701
EONET_20138,Wildfire in Australia 1028702,Wildfires,2026-05-13T19:00:00Z,131.6562650276136,-13.430320746975607,https://www.gdacs.org/report.aspx?eventtype=WF&eventid=1028702
EONET_20139,Wildfire in Russian Federation 1028703,Wildfires,2026-05-13T19:00:00Z,126.61684631041277,53.10899693454384,https://www.gdacs.org/report.aspx?eventtype=WF&eventid=1028703
EONET_20145,"Wildfire in Russian Federation, China 1028706",Wildfires,2026-05-13T19:00:00Z,124.8397974964825,53.177187965477316,https://www.gdacs.org/report.aspx?eventtype=WF&eventid=1028706
EONET_20146,Wildfire in Russian Federation 1028707,Wildfires,2026-05-13T19:00:00Z,126.87957635049635,53.37462266696996,https://www.gdacs.org/report.aspx?eventtype=WF&eventid=1028707
EONET_20216,Wildfire in Honduras 1028713,Wildfires,2026-05-13T19:00:00Z,-86.99300095092552,14.529362734481753,https://www.gdacs.org/report.aspx?eventtype=WF&eventid=1028713
EONET_20096,"Wild Horse Wildfire, Millard, Utah",Wildfires,2026-05-13T17:08:00Z,-112.24211,39.46574,https://irwin.doi.gov/observer/incidents/fd427073-88d5-4cfa-95a1-7be3d3e5e00f
EONET_20255,"NW SANDS BLOCK A RX Prescribed Fire, Bayfield, Wisconsin",Wildfires,2026-05-13T11:37:00Z,-91.299747,46.617832,https://irwin.doi.gov/observer/incidents/17eaee3d-9c58-48b9-911b-f2c02fbd6683
EONET_20099,"RX WINN BU 113 Prescribed Fire, Grant, Louisiana",Wildfires,2026-05-13T09:44:00Z,-92.5188,31.746,https://irwin.doi.gov/observer/incidents/0332cd8c-1d43-41e1-b8c4-3b0992de3e13
EONET_20104,Flood in Bangladesh 1103878,Floods,2026-05-12T20:00:00Z,90.3395618,25.1222567,https://www.gdacs.org/report.aspx?eventtype=FL&eventid=1103878
EONET_20117,Flood in Thailand 1103881,Floods,2026-05-12T20:00:00Z,100.9552749,16.3293171,https://www.gdacs.org/report.aspx?eventtype=FL&eventid=1103881
EONET_20118,Flood in Philippines 1103880,Floods,2026-05-12T20:00:00Z,124.748923,6.6191395,https://www.gdacs.org/report.aspx?eventtype=FL&eventid=1103880
EONET_20119,Flood in Yemen 1103882,Floods,2026-05-12T20:00:00Z,43.767179,13.757808,https://www.gdacs.org/report.aspx?eventtype=FL&eventid=1103882
EONET_20079,Wildfire in Mongolia 1028659,Wildfires,2026-05-12T19:00:00Z,115.26586196942249,46.150031412685685,https://www.gdacs.org/report.aspx?eventtype=WF&eventid=1028659
EONET_20080,Wildfire in Australia 1028660,Wildfires,2026-05-12T19:00:00Z,130.04341236141457,-15.26705737894975,https://www.gdacs.org/report.aspx?eventtype=WF&eventid=1028660
EONET_20081,Wildfire in Australia 1028661,Wildfires,2026-05-12T19:00:00Z,124.99125948398067,-17.481468911731803,https://www.gdacs.org/report.aspx?eventtype=WF&eventid=1028661
EONET_20082,Wildfire in Mongolia 1028662,Wildfires,2026-05-12T19:00:00Z,115.3636154473448,46.219615163796476,https://www.gdacs.org/report.aspx?eventtype=WF&eventid=1028662
EONET_20087,Wildfire in Mongolia 1028664,Wildfires,2026-05-12T19:00:00Z,115.93974122527986,46.12433205693335,https://www.gdacs.org/report.aspx?eventtype=WF&eventid=1028664
EONET_20088,Wildfire in Mongolia 1028665,Wildfires,2026-05-12T19:00:00Z,116.20144466073535,46.2194365580596,https://www.gdacs.org/report.aspx?eventtype=WF&eventid=1028665
EONET_20089,Wildfire in Russian Federation 1028668,Wildfires,2026-05-12T19:00:00Z,133.84258065529383,48.69157827612376,https://www.gdacs.org/report.aspx?eventtype=WF&eventid=1028668
EONET_20109,Wildfire in Australia 1028676,Wildfires,2026-05-12T19:00:00Z,124.78156254665315,-17.831033493470862,https://www.gdacs.org/report.aspx?eventtype=WF&eventid=1028676
EONET_20110,Wildfire in Russian Federation 1028677,Wildfires,2026-05-12T19:00:00Z,130.19977916541788,50.81927492180209,https://www.gdacs.org/report.aspx?eventtype=WF&eventid=1028677
EONET_20140,Wildfire in Venezuela 1028696,Wildfires,2026-05-12T19:00:00Z,-62.68101781290886,8.560291672044102,https://www.gdacs.org/report.aspx?eventtype=WF&eventid=1028696
EONET_20217,Wildfire in Russian Federation 1028719,Wildfires,2026-05-12T19:00:00Z,132.35787773547557,50.99943792070505,https://www.gdacs.org/report.aspx?eventtype=WF&eventid=1028719
EONET_20205,"Stotz RX Prescribed Fire, Edmunds, South Dakota",Wildfires,2026-05-12T11:12:00Z,-99.5704,45.3842,https://irwin.doi.gov/observer/incidents/5dede778-5db5-49ef-a34b-eb557a98d845
EONET_20083,Wildfire in Russian Federation 1028663,Wildfires,2026-05-11T19:00:00Z,130.05909878101764,50.88973956922919,https://www.gdacs.org/report.aspx?eventtype=WF&eventid=1028663
EONET_20111,Wildfire in Australia 1028678,Wildfires,2026-05-11T19:00:00Z,131.09070646072618,-14.518219006069257,https://www.gdacs.org/report.aspx?eventtype=WF&eventid=1028678
EONET_20112,Wildfire in Australia 1028679,Wildfires,2026-05-11T19:00:00Z,130.80178883109085,-14.619709722124625,https://www.gdacs.org/report.aspx?eventtype=WF&eventid=1028679
EONET_20113,Wildfire in Russian Federation 1028680,Wildfires,2026-05-11T19:00:00Z,136.7702449319372,50.432387211683604,https://www.gdacs.org/report.aspx?eventtype=WF&eventid=1028680
EONET_20097,"Teal Wildfire, Sheridan, Montana",Wildfires,2026-05-11T18:23:00Z,-104.49667,48.46517,https://irwin.doi.gov/observer/incidents/2155e668-f816-469f-92f1-3314545df327
EONET_20061,"rx-Young 1 Prescribed Fire, Jefferson, Wisconsin",Wildfires,2026-05-11T13:22:00Z,-88.630401,42.8455985,https://irwin.doi.gov/observer/incidents/9d3d3cda-00ae-4b33-b930-ad5d3e3655a2
EONET_20062,"MAX ROAD (06) Wildfire, Broward, Florida",Wildfires,2026-05-11T10:01:00Z,-80.4538889,25.9602778,https://irwin.doi.gov/observer/incidents/b9437e3b-3fd9-40b6-81fc-4e75379d437e
EONET_20060,"NIKE Wildfire, Grant, Washington",Wildfires,2026-05-11T09:33:00Z,-119.590383,46.766217,https://irwin.doi.gov/observer/incidents/1191b2c6-812b-457a-b824-ce37b47157b1
EONET_20064,"Rx Upshur 3999 Prescribed Fire, Upshur, Texas",Wildfires,2026-05-11T09:09:00Z,-95.04077,32.758815,https://irwin.doi.gov/observer/incidents/1c9b2dc8-a084-4c5c-bb41-7bcf6dcb5ca6
EONET_20101,"Peterson Road RX Prescribed Fire, Benzie, Michigan",Wildfires,2026-05-11T08:45:00Z,-86.0925,44.72,https://irwin.doi.gov/observer/incidents/6474f1cf-405c-4433-a8c7-b9d03f2e8d0a
EONET_20046,Wildfire in Australia 1028641,Wildfires,2026-05-10T19:00:00Z,129.84838608555242,-13.651743831070458,https://www.gdacs.org/report.aspx?eventtype=WF&eventid=1028641
EONET_20071,Wildfire in Australia 1028653,Wildfires,2026-05-10T19:00:00Z,130.57707218271906,-14.972754530773363,https://www.gdacs.org/report.aspx?eventtype=WF&eventid=1028653
EONET_20084,Wildfire in Liberia 1028657,Wildfires,2026-05-10T19:00:00Z,-8.710936648138546,7.240466395620291,https://www.gdacs.org/report.aspx?eventtype=WF&eventid=1028657
EONET_20085,Wildfire in Australia 1028658,Wildfires,2026-05-10T19:00:00Z,130.6061606601242,-14.927106740785918,https://www.gdacs.org/report.aspx?eventtype=WF&eventid=1028658
EONET_20114,Wildfire in Australia 1028681,Wildfires,2026-05-10T19:00:00Z,130.19392579941587,-13.467438100468017,https://www.gdacs.org/report.aspx?eventtype=WF&eventid=1028681
EONET_20115,Wildfire in Russian Federation 1028682,Wildfires,2026-05-10T19:00:00Z,127.16092171654721,52.7514135021746,https://www.gdacs.org/report.aspx?eventtype=WF&eventid=1028682
EONET_20141,Wildfire in Bolivia 1028697,Wildfires,2026-05-10T19:00:00Z,-59.7676583158346,-16.709293931523792,https://www.gdacs.org/report.aspx?eventtype=WF&eventid=1028697
EONET_20147,Wildfire in Russian Federation 1028705,Wildfires,2026-05-10T19:00:00Z,126.75945665160107,53.43072948167629,https://www.gdacs.org/report.aspx?eventtype=WF&eventid=1028705
EONET_20276,Wildfire in Russian Federation 1028740,Wildfires,2026-05-10T19:00:00Z,135.0051385380359,51.440538244205186,https://www.gdacs.org/report.aspx?eventtype=WF&eventid=1028740
EONET_20063,"Rothi East RX Prescribed Fire, Big Stone, Minnesota",Wildfires,2026-05-10T11:34:00Z,-96.27005,45.32005,https://irwin.doi.gov/observer/incidents/f5e7f8f0-35f3-4f65-b2df-1ca92a70ffb7
EONET_20066,"Lasso Loop RX Prescribed Fire, Benzie, Michigan",Wildfires,2026-05-10T09:04:00Z,-86.091389,44.729167,https://irwin.doi.gov/observer/incidents/5a2ac593-0c74-40d1-bade-d6c08afc935b
EONET_20078,Flood in Pakistan 1103877,Floods,2026-05-09T20:00:00Z,71.2678805,33.712802,https://www.gdacs.org/report.aspx?eventtype=FL&eventid=1103877
EONET_20047,Wildfire in Russian Federation 1028642,Wildfires,2026-05-09T19:00:00Z,134.79097474455511,48.933340435084276,https://www.gdacs.org/report.aspx?eventtype=WF&eventid=1028642
EONET_20048,Wildfire in Australia 1028643,Wildfires,2026-05-09T19:00:00Z,130.34633440049444,-15.16969454241287,https://www.gdacs.org/report.aspx?eventtype=WF&eventid=1028643
EONET_20049,Wildfire in Australia 1028644,Wildfires,2026-05-09T19:00:00Z,130.53267646724606,-15.183332742661614,https://www.gdacs.org/report.aspx?eventtype=WF&eventid=1028644
EONET_20050,Wildfire in Russian Federation 1028645,Wildfires,2026-05-09T19:00:00Z,133.4298293990992,48.69831367072151,https://www.gdacs.org/report.aspx?eventtype=WF&eventid=1028645
EONET_20051,Wildfire in Russian Federation 1028646,Wildfires,2026-05-09T19:00:00Z,130.7415591566258,49.00053247817513,https://www.gdacs.org/report.aspx?eventtype=WF&eventid=1028646
EONET_20052,Wildfire in Russian Federation 1028636,Wildfires,2026-05-09T19:00:00Z,129.8058278059038,50.78228184364474,https://www.gdacs.org/report.aspx?eventtype=WF&eventid=1028636
EONET_20053,Wildfire in Russian Federation 1028639,Wildfires,2026-05-09T19:00:00Z,129.6826143409722,50.78109374615009,https://www.gdacs.org/report.aspx?eventtype=WF&eventid=1028639
EONET_20072,Wildfire in Australia 1028654,Wildfires,2026-05-09T19:00:00Z,130.52835867542342,-15.487845981489718,https://www.gdacs.org/report.aspx?eventtype=WF&eventid=1028654
EONET_20127,Wildfire in Australia 1028691,Wildfires,2026-05-09T19:00:00Z,130.11558744892565,-15.058321396883604,https://www.gdacs.org/report.aspx?eventtype=WF&eventid=1028691
EONET_20069,"BRITE Wildfire, Kern, California",Wildfires,2026-05-09T17:20:00Z,-119.4958333,35.3419444,https://irwin.doi.gov/observer/incidents/6b54ea91-4f1c-40d2-ab89-11f826491e96
EONET_20030,Wildfire in Australia 1028625,Wildfires,2026-05-08T19:00:00Z,131.4131795186518,-13.342250460840775,https://www.gdacs.org/report.aspx?eventtype=WF&eventid=1028625
EONET_20054,Wildfire in Russian Federation 1028647,Wildfires,2026-05-08T19:00:00Z,134.06579457062483,48.673722177061215,https://www.gdacs.org/report.aspx?eventtype=WF&eventid=1028647
EONET_20116,Wildfire in Ethiopia 1028671,Wildfires,2026-05-08T19:00:00Z,33.451143066775444,8.147583849771289,https://www.gdacs.org/report.aspx?eventtype=WF&eventid=1028671
EONET_20128,Wildfire in Australia 1028692,Wildfires,2026-05-08T19:00:00Z,132.0862481134685,-14.10092004947227,https://www.gdacs.org/report.aspx?eventtype=WF&eventid=1028692
EONET_20237,"Jesson WPA RX Prescribed Fire, Spink, South Dakota",Wildfires,2026-05-08T10:26:00Z,-98.658,44.774,https://irwin.doi.gov/observer/incidents/f5aa687e-315b-43bf-bffe-93a1c411eb56
EONET_20070,"Big Neal RX Prescribed Fire, Bath, Virginia",Wildfires,2026-05-08T10:02:00Z,-79.817083,38.12855,https://irwin.doi.gov/observer/incidents/3e08fbd0-8fca-4251-a407-05fb19f756b4
EONET_2736,Iceberg B22A,Sea and Lake Ice,2011-08-30T00:00:00Z,-108.5265,-74.2006,http://www.scp.byu.edu/data/iceberg/ascat/b22a.ascat
EONET_2736,Iceberg B22A,Sea and Lake Ice,2022-02-18T00:00:00Z,-109.44,-73.82,http://www.scp.byu.edu/data/iceberg/ascat/b22a.ascat
EONET_2736,Iceberg B22A,Sea and Lake Ice,2023-01-27T00:00:00Z,-108.78,-73.39,http://www.scp.byu.edu/data/iceberg/ascat/b22a.ascat
EONET_2736,Iceberg B22A,Sea and Lake Ice,2023-02-17T00:00:00Z,-108.24,-72.76,http://www.scp.byu.edu/data/iceberg/ascat/b22a.ascat
EONET_2736,Iceberg B22A,Sea and Lake Ice,2023-03-10T00:00:00Z,-108.85,-72.33,http://www.scp.byu.edu/data/iceberg/ascat/b22a.ascat
EONET_2736,Iceberg B22A,Sea and Lake Ice,2023-04-21T00:00:00Z,-111.09,-72.2,http://www.scp.byu.edu/data/iceberg/ascat/b22a.ascat
EONET_2736,Iceberg B22A,Sea and Lake Ice,2023-05-19T00:00:00Z,-113.27,-72.1,http://www.scp.byu.edu/data/iceberg/ascat/b22a.ascat
EONET_2736,Iceberg B22A,Sea and Lake Ice,2023-06-30T00:00:00Z,-115.09,-72.02,http://www.scp.byu.edu/data/iceberg/ascat/b22a.ascat
EONET_2736,Iceberg B22A,Sea and Lake Ice,2023-07-28T00:00:00Z,-113.47,-72.13,http://www.scp.byu.edu/data/iceberg/ascat/b22a.ascat
EONET_2736,Iceberg B22A,Sea and Lake Ice,2023-08-18T00:00:00Z,-112.4,-71.72,http://www.scp.byu.edu/data/iceberg/ascat/b22a.ascat
EONET_2736,Iceberg B22A,Sea and Lake Ice,2023-12-08T00:00:00Z,-114.38,-71.47,http://www.scp.byu.edu/data/iceberg/ascat/b22a.ascat
EONET_2736,Iceberg B22A,Sea and Lake Ice,2024-01-04T00:00:00Z,-116.41,-71.5,http://www.scp.byu.edu/data/iceberg/ascat/b22a.ascat
EONET_2736,Iceberg B22A,Sea and Lake Ice,2024-02-16T00:00:00Z,-117.78,-71.81,http://www.scp.byu.edu/data/iceberg/ascat/b22a.ascat
EONET_2736,Iceberg B22A,Sea and Lake Ice,2024-03-29T00:00:00Z,-119.18,-72.15,http://www.scp.byu.edu/data/iceberg/ascat/b22a.ascat
EONET_2736,Iceberg B22A,Sea and Lake Ice,2024-12-13T00:00:00Z,-143.26,-74.32,http://www.scp.byu.edu/data/iceberg/ascat/b22a.ascat
EONET_2736,Iceberg B22A,Sea and Lake Ice,2024-12-20T00:00:00Z,-145.28,-74.54,http://www.scp.byu.edu/data/iceberg/ascat/b22a.ascat
EONET_2736,Iceberg B22A,Sea and Lake Ice,2025-01-02T00:00:00Z,-147.2,-74.93,http://www.scp.byu.edu/data/iceberg/ascat/b22a.ascat
EONET_2736,Iceberg B22A,Sea and Lake Ice,2025-01-23T00:00:00Z,-149.39,-75.29,http://www.scp.byu.edu/data/iceberg/ascat/b22a.ascat
EONET_2736,Iceberg B22A,Sea and Lake Ice,2025-01-31T00:00:00Z,-151.53,-75.62,http://www.scp.byu.edu/data/iceberg/ascat/b22a.ascat
EONET_2736,Iceberg B22A,Sea and Lake Ice,2025-02-14T00:00:00Z,-153.91,-75.86,http://www.scp.byu.edu/data/iceberg/ascat/b22a.ascat
EONET_2736,Iceberg B22A,Sea and Lake Ice,2025-03-06T00:00:00Z,-155.77,-76.31,http://www.scp.byu.edu/data/iceberg/ascat/b22a.ascat
EONET_2736,Iceberg B22A,Sea and Lake Ice,2025-03-27T00:00:00Z,-158.09,-76.29,http://www.scp.byu.edu/data/iceberg/ascat/b22a.ascat
EONET_2736,Iceberg B22A,Sea and Lake Ice,2025-04-11T00:00:00Z,-160.03,-76.16,http://www.scp.byu.edu/data/iceberg/ascat/b22a.ascat
EONET_2736,Iceberg B22A,Sea and Lake Ice,2025-05-09T00:00:00Z,-161.95,-75.8,http://www.scp.byu.edu/data/iceberg/ascat/b22a.ascat
EONET_2736,Iceberg B22A,Sea and Lake Ice,2025-05-22T00:00:00Z,-162.46,-75.3,http://www.scp.byu.edu/data/iceberg/ascat/b22a.ascat
EONET_2736,Iceberg B22A,Sea and Lake Ice,2025-06-05T00:00:00Z,-165.18,-75.08,http://www.scp.byu.edu/data/iceberg/ascat/b22a.ascat
EONET_2736,Iceberg B22A,Sea and Lake Ice,2025-06-20T00:00:00Z,-167.15,-74.62,http://www.scp.byu.edu/data/iceberg/ascat/b22a.ascat
EONET_2736,Iceberg B22A,Sea and Lake Ice,2025-07-04T00:00:00Z,-168.96,-74.24,http://www.scp.byu.edu/data/iceberg/ascat/b22a.ascat
EONET_2736,Iceberg B22A,Sea and Lake Ice,2025-07-31T00:00:00Z,-169.91,-73.66,http://www.scp.byu.edu/data/iceberg/ascat/b22a.ascat
EONET_2736,Iceberg B22A,Sea and Lake Ice,2025-08-21T00:00:00Z,-170.36,-72.85,http://www.scp.byu.edu/data/iceberg/ascat/b22a.ascat
EONET_2736,Iceberg B22A,Sea and Lake Ice,2025-09-04T00:00:00Z,-171.01,-72.31,http://www.scp.byu.edu/data/iceberg/ascat/b22a.ascat
EONET_2736,Iceberg B22A,Sea and Lake Ice,2025-09-11T00:00:00Z,-172.53,-72.15,http://www.scp.byu.edu/data/iceberg/ascat/b22a.ascat
EONET_2736,Iceberg B22A,Sea and Lake Ice,2025-09-26T00:00:00Z,-173.47,-71.69,http://www.scp.byu.edu/data/iceberg/ascat/b22a.ascat
EONET_2736,Iceberg B22A,Sea and Lake Ice,2025-10-09T00:00:00Z,-174.64,-71.1,http://www.scp.byu.edu/data/iceberg/ascat/b22a.ascat
EONET_2736,Iceberg B22A,Sea and Lake Ice,2025-10-16T00:00:00Z,-175.65,-70.78,http://www.scp.byu.edu/data/iceberg/ascat/b22a.ascat
EONET_2736,Iceberg B22A,Sea and Lake Ice,2025-10-31T00:00:00Z,-177.22,-70.62,http://www.scp.byu.edu/data/iceberg/ascat/b22a.ascat
EONET_2736,Iceberg B22A,Sea and Lake Ice,2025-11-28T00:00:00Z,-178.57,-70.25,http://www.scp.byu.edu/data/iceberg/ascat/b22a.ascat
EONET_2736,Iceberg B22A,Sea and Lake Ice,2026-03-26T00:00:00Z,-178.6,-70.7,http://www.scp.byu.edu/data/iceberg/ascat/b22a.ascat
EONET_2736,Iceberg B22A,Sea and Lake Ice,2026-05-08T00:00:00Z,-179.72,-70.31,http://www.scp.byu.edu/data/iceberg/ascat/b22a.ascat
EONET_2736,Iceberg B22A,Sea and Lake Ice,2026-05-15T00:00:00Z,178.75,-70.08,http://www.scp.byu.edu/data/iceberg/ascat/b22a.ascat
EONET_2736,Iceberg B22A,Sea and Lake Ice,2026-05-29T00:00:00Z,177.27,-69.7,http://www.scp.byu.edu/data/iceberg/ascat/b22a.ascat
EONET_2736,Iceberg B22A,Sea and Lake Ice,2026-06-12T00:00:00Z,175.86,-69.97,http://www.scp.byu.edu/data/iceberg/ascat/b22a.ascat
EONET_2736,Iceberg B22A,Sea and Lake Ice,2026-06-18T00:00:00Z,174.59,-69.77,http://www.scp.byu.edu/data/iceberg/ascat/b22a.ascat
EONET_2736,Iceberg B22A,Sea and Lake Ice,2026-07-03T00:00:00Z,174.74,-69.18,http://www.scp.byu.edu/data/iceberg/ascat/b22a.ascat
EONET_5359,Iceberg A76C,Sea and Lake Ice,2021-05-28T00:00:00Z,-57.04,-75.57,https://usicecenter.gov/Products/AntarcIcebergs
EONET_5359,Iceberg A76C,Sea and Lake Ice,2021-06-11T00:00:00Z,-56.38,-74.98,https://usicecenter.gov/Products/AntarcIcebergs
EONET_5359,Iceberg A76C,Sea and Lake Ice,2021-07-02T00:00:00Z,-56.65,-74.41,https://usicecenter.gov/Products/AntarcIcebergs
EONET_5359,Iceberg A76C,Sea and Lake Ice,2021-07-23T00:00:00Z,-57.29,-73.85,https://usicecenter.gov/Products/AntarcIcebergs
EONET_5359,Iceberg A76C,Sea and Lake Ice,2021-08-20T00:00:00Z,-58.29,-72.87,https://usicecenter.gov/Products/AntarcIcebergs
EONET_5359,Iceberg A76C,Sea and Lake Ice,2021-09-17T00:00:00Z,-59.3,-72.03,https://usicecenter.gov/Products/AntarcIcebergs
EONET_5359,Iceberg A76C,Sea and Lake Ice,2021-10-15T00:00:00Z,-59.61,-71.14,https://usicecenter.gov/Products/AntarcIcebergs
EONET_5359,Iceberg A76C,Sea and Lake Ice,2021-11-12T00:00:00Z,-59.88,-70.66,https://usicecenter.gov/Products/AntarcIcebergs
EONET_5359,Iceberg A76C,Sea and Lake Ice,2022-02-04T00:00:00Z,-60.06,-69.93,https://usicecenter.gov/Products/AntarcIcebergs
EONET_5359,Iceberg A76C,Sea and Lake Ice,2022-03-25T00:00:00Z,-59.89,-69.42,https://usicecenter.gov/Products/AntarcIcebergs
EONET_5359,Iceberg A76C,Sea and Lake Ice,2022-05-13T00:00:00Z,-60.03,-68.97,https://usicecenter.gov/Products/AntarcIcebergs
EONET_5359,Iceberg A76C,Sea and Lake Ice,2022-06-03T00:00:00Z,-59.62,-68.41,https://usicecenter.gov/Products/AntarcIcebergs
EONET_5359,Iceberg A76C,Sea and Lake Ice,2022-07-08T00:00:00Z,-59.56,-67.76,https://usicecenter.gov/Products/AntarcIcebergs
EONET_5359,Iceberg A76C,Sea and Lake Ice,2022-07-29T00:00:00Z,-59.0,-67.18,https://usicecenter.gov/Products/AntarcIcebergs
EONET_5359,Iceberg A76C,Sea and Lake Ice,2022-08-26T00:00:00Z,-59.15,-66.72,https://usicecenter.gov/Products/AntarcIcebergs
EONET_5359,Iceberg A76C,Sea and Lake Ice,2022-11-04T00:00:00Z,-59.83,-66.27,https://usicecenter.gov/Products/AntarcIcebergs
EONET_5359,Iceberg A76C,Sea and Lake Ice,2023-02-03T00:00:00Z,-58.61,-66.41,https://usicecenter.gov/Products/AntarcIcebergs
EONET_5359,Iceberg A76C,Sea and Lake Ice,2023-04-14T00:00:00Z,-59.75,-66.08,https://usicecenter.gov/Products/AntarcIcebergs
EONET_5359,Iceberg A76C,Sea and Lake Ice,2023-05-12T00:00:00Z,-60.2,-65.64,https://usicecenter.gov/Products/AntarcIcebergs
EONET_5359,Iceberg A76C,Sea and Lake Ice,2023-11-24T00:00:00Z,-58.92,-65.38,https://usicecenter.gov/Products/AntarcIcebergs
EONET_5359,Iceberg A76C,Sea and Lake Ice,2023-12-08T00:00:00Z,-57.76,-65.18,https://usicecenter.gov/Products/AntarcIcebergs
EONET_5359,Iceberg A76C,Sea and Lake Ice,2024-01-11T00:00:00Z,-56.67,-65.1,https://usicecenter.gov/Products/AntarcIcebergs
EONET_5359,Iceberg A76C,Sea and Lake Ice,2024-12-13T00:00:00Z,-56.07,-64.1,https://usicecenter.gov/Products/AntarcIcebergs
EONET_5359,Iceberg A76C,Sea and Lake Ice,2024-12-26T00:00:00Z,-55.23,-64.42,https://usicecenter.gov/Products/AntarcIcebergs
EONET_5359,Iceberg A76C,Sea and Lake Ice,2025-01-10T00:00:00Z,-54.02,-63.88,https://usicecenter.gov/Products/AntarcIcebergs
EONET_5359,Iceberg A76C,Sea and Lake Ice,2025-01-23T00:00:00Z,-52.84,-63.79,https://usicecenter.gov/Products/AntarcIcebergs
EONET_5359,Iceberg A76C,Sea and Lake Ice,2025-02-21T00:00:00Z,-51.88,-63.45,https://usicecenter.gov/Products/AntarcIcebergs
EONET_5359,Iceberg A76C,Sea and Lake Ice,2025-03-06T00:00:00Z,-52.19,-62.97,https://usicecenter.gov/Products/AntarcIcebergs
EONET_5359,Iceberg A76C,Sea and Lake Ice,2025-03-21T00:00:00Z,-53.29,-62.3,https://usicecenter.gov/Products/AntarcIcebergs
EONET_5359,Iceberg A76C,Sea and Lake Ice,2025-04-04T00:00:00Z,-52.11,-61.86,https://usicecenter.gov/Products/AntarcIcebergs
EONET_5359,Iceberg A76C,Sea and Lake Ice,2025-04-11T00:00:00Z,-50.95,-61.48,https://usicecenter.gov/Products/AntarcIcebergs
EONET_5359,Iceberg A76C,Sea and Lake Ice,2025-04-18T00:00:00Z,-49.8,-61.09,https://usicecenter.gov/Products/AntarcIcebergs
EONET_5359,Iceberg A76C,Sea and Lake Ice,2025-05-09T00:00:00Z,-48.45,-60.99,https://usicecenter.gov/Products/AntarcIcebergs
EONET_5359,Iceberg A76C,Sea and Lake Ice,2025-06-12T00:00:00Z,-49.0,-60.59,https://usicecenter.gov/Products/AntarcIcebergs
EONET_5359,Iceberg A76C,Sea and Lake Ice,2025-07-31T00:00:00Z,-47.81,-60.05,https://usicecenter.gov/Products/AntarcIcebergs
EONET_5359,Iceberg A76C,Sea and Lake Ice,2025-09-26T00:00:00Z,-44.61,-60.08,https://usicecenter.gov/Products/AntarcIcebergs
EONET_5359,Iceberg A76C,Sea and Lake Ice,2025-10-16T00:00:00Z,-43.29,-60.17,https://usicecenter.gov/Products/AntarcIcebergs
EONET_5359,Iceberg A76C,Sea and Lake Ice,2025-10-31T00:00:00Z,-42.33,-60.45,https://usicecenter.gov/Products/AntarcIcebergs
EONET_5359,Iceberg A76C,Sea and Lake Ice,2025-11-07T00:00:00Z,-40.58,-60.59,https://usicecenter.gov/Products/AntarcIcebergs
EONET_5359,Iceberg A76C,Sea and Lake Ice,2025-11-14T00:00:00Z,-38.87,-60.37,https://usicecenter.gov/Products/AntarcIcebergs
EONET_5359,Iceberg A76C,Sea and Lake Ice,2025-11-21T00:00:00Z,-38.56,-59.78,https://usicecenter.gov/Products/AntarcIcebergs
EONET_5359,Iceberg A76C,Sea and Lake Ice,2025-12-05T00:00:00Z,-38.71,-59.12,https://usicecenter.gov/Products/AntarcIcebergs
EONET_5359,Iceberg A76C,Sea and Lake Ice,2025-12-12T00:00:00Z,-37.46,-59.43,https://usicecenter.gov/Products/AntarcIcebergs
EONET_5359,Iceberg A76C,Sea and Lake Ice,2026-01-02T00:00:00Z,-37.33,-60.2,https://usicecenter.gov/Products/AntarcIcebergs
EONET_5359,Iceberg A76C,Sea and Lake Ice,2026-01-16T00:00:00Z,-38.05,-60.53,https://usicecenter.gov/Products/AntarcIcebergs
EONET_5359,Iceberg A76C,Sea and Lake Ice,2026-01-30T00:00:00Z,-38.1,-59.79,https://usicecenter.gov/Products/AntarcIcebergs
EONET_5359,Iceberg A76C,Sea and Lake Ice,2026-03-06T00:00:00Z,-37.2,-59.26,https://usicecenter.gov/Products/AntarcIcebergs
EONET_5359,Iceberg A76C,Sea and Lake Ice,2026-03-20T00:00:00Z,-36.32,-59.0,https://usicecenter.gov/Products/AntarcIcebergs
EONET_5359,Iceberg A76C,Sea and Lake Ice,2026-04-10T00:00:00Z,-36.33,-59.5,https://usicecenter.gov/Products/AntarcIcebergs
EONET_5359,Iceberg A76C,Sea and Lake Ice,2026-04-24T00:00:00Z,-36.19,-58.65,https://usicecenter.gov/Products/AntarcIcebergs
EONET_5359,Iceberg A76C,Sea and Lake Ice,2026-05-08T00:00:00Z,-36.61,-57.99,https://usicecenter.gov/Products/AntarcIcebergs
EONET_5359,Iceberg A76C,Sea and Lake Ice,2026-05-15T00:00:00Z,-34.17,-58.57,https://usicecenter.gov/Products/AntarcIcebergs
EONET_5359,Iceberg A76C,Sea and Lake Ice,2026-05-21T00:00:00Z,-34.19,-57.65,https://usicecenter.gov/Products/AntarcIcebergs
EONET_5359,Iceberg A76C,Sea and Lake Ice,2026-05-29T00:00:00Z,-32.5,-56.27,https://usicecenter.gov/Products/AntarcIcebergs
EONET_5359,Iceberg A76C,Sea and Lake Ice,2026-06-05T00:00:00Z,-32.58,-55.63,https://usicecenter.gov/Products/AntarcIcebergs
EONET_5359,Iceberg A76C,Sea and Lake Ice,2026-06-12T00:00:00Z,-32.6,-54.25,https://usicecenter.gov/Products/AntarcIcebergs
EONET_5359,Iceberg A76C,Sea and Lake Ice,2026-07-03T00:00:00Z,-32.32,-52.65,https://usicecenter.gov/Products/AntarcIcebergs
EONET_5359,Iceberg A76C,Sea and Lake Ice,2026-07-17T00:00:00Z,-31.57,-52.27,https://usicecenter.gov/Products/AntarcIcebergs
EONET_6423,Iceberg D33A,Sea and Lake Ice,2023-09-08T00:00:00Z,17.14,-69.38,https://usicecenter.gov/pub/Iceberg_Tabular.csv
EONET_6423,Iceberg D33A,Sea and Lake Ice,2023-09-15T00:00:00Z,14.37,-69.23,https://usicecenter.gov/pub/Iceberg_Tabular.csv
EONET_6423,Iceberg D33A,Sea and Lake Ice,2023-09-22T00:00:00Z,13.16,-69.37,https://usicecenter.gov/pub/Iceberg_Tabular.csv
EONET_6423,Iceberg D33A,Sea and Lake Ice,2023-09-30T00:00:00Z,11.84,-69.58,https://usicecenter.gov/pub/Iceberg_Tabular.csv
EONET_6423,Iceberg D33A,Sea and Lake Ice,2023-10-26T00:00:00Z,10.18,-69.71,https://usicecenter.gov/pub/Iceberg_Tabular.csv
EONET_6423,Iceberg D33A,Sea and Lake Ice,2023-11-09T00:00:00Z,7.25,-69.67,https://usicecenter.gov/pub/Iceberg_Tabular.csv
EONET_6423,Iceberg D33A,Sea and Lake Ice,2023-11-24T00:00:00Z,5.51,-69.66,https://usicecenter.gov/pub/Iceberg_Tabular.csv
EONET_6423,Iceberg D33A,Sea and Lake Ice,2023-12-08T00:00:00Z,1.4,-69.58,https://usicecenter.gov/pub/Iceberg_Tabular.csv
EONET_6423,Iceberg D33A,Sea and Lake Ice,2023-12-15T00:00:00Z,-0.74,-69.4,https://usicecenter.gov/pub/Iceberg_Tabular.csv
EONET_6423,Iceberg D33A,Sea and Lake Ice,2023-12-21T00:00:00Z,-1.94,-69.6,https://usicecenter.gov/pub/Iceberg_Tabular.csv
EONET_6423,Iceberg D33A,Sea and Lake Ice,2023-12-28T00:00:00Z,-3.64,-69.85,https://usicecenter.gov/pub/Iceberg_Tabular.csv
EONET_6423,Iceberg D33A,Sea and Lake Ice,2024-01-04T00:00:00Z,-5.14,-70.07,https://usicecenter.gov/pub/Iceberg_Tabular.csv
EONET_6423,Iceberg D33A,Sea and Lake Ice,2024-01-18T00:00:00Z,-8.04,-70.06,https://usicecenter.gov/pub/Iceberg_Tabular.csv
EONET_6423,Iceberg D33A,Sea and Lake Ice,2024-02-02T00:00:00Z,-10.27,-70.56,https://usicecenter.gov/pub/Iceberg_Tabular.csv
EONET_6423,Iceberg D33A,Sea and Lake Ice,2024-02-16T00:00:00Z,-12.94,-71.06,https://usicecenter.gov/pub/Iceberg_Tabular.csv
EONET_6423,Iceberg D33A,Sea and Lake Ice,2024-02-23T00:00:00Z,-14.77,-71.49,https://usicecenter.gov/pub/Iceberg_Tabular.csv
EONET_6423,Iceberg D33A,Sea and Lake Ice,2024-03-01T00:00:00Z,-17.62,-72.18,https://usicecenter.gov/pub/Iceberg_Tabular.csv
EONET_6423,Iceberg D33A,Sea and Lake Ice,2024-03-07T00:00:00Z,-19.7,-72.57,https://usicecenter.gov/pub/Iceberg_Tabular.csv
EONET_6423,Iceberg D33A,Sea and Lake Ice,2024-03-15T00:00:00Z,-21.86,-73.22,https://usicecenter.gov/pub/Iceberg_Tabular.csv
EONET_6423,Iceberg D33A,Sea and Lake Ice,2024-03-22T00:00:00Z,-17.62,-72.18,https://usicecenter.gov/pub/Iceberg_Tabular.csv
EONET_6423,Iceberg D33A,Sea and Lake Ice,2024-03-29T00:00:00Z,-26.96,-74.24,https://usicecenter.gov/pub/Iceberg_Tabular.csv
EONET_6423,Iceberg D33A,Sea and Lake Ice,2024-12-13T00:00:00Z,-55.49,-70.58,https://usicecenter.gov/pub/Iceberg_Tabular.csv
EONET_6423,Iceberg D33A,Sea and Lake Ice,2025-01-10T00:00:00Z,-56.26,-70.2,https://usicecenter.gov/pub/Iceberg_Tabular.csv
EONET_6423,Iceberg D33A,Sea and Lake Ice,2025-03-21T00:00:00Z,-57.35,-69.78,https://usicecenter.gov/pub/Iceberg_Tabular.csv
EONET_6423,Iceberg D33A,Sea and Lake Ice,2025-04-11T00:00:00Z,-57.06,-69.34,https://usicecenter.gov/pub/Iceberg_Tabular.csv
EONET_6423,Iceberg D33A,Sea and Lake Ice,2025-07-04T00:00:00Z,-57.32,-68.89,https://usicecenter.gov/pub/Iceberg_Tabular.csv
EONET_6423,Iceberg D33A,Sea and Lake Ice,2025-07-31T00:00:00Z,-57.11,-68.35,https://usicecenter.gov/pub/Iceberg_Tabular.csv
EONET_6423,Iceberg D33A,Sea and Lake Ice,2025-08-21T00:00:00Z,-57.17,-67.73,https://usicecenter.gov/pub/Iceberg_Tabular.csv
EONET_6423,Iceberg D33A,Sea and Lake Ice,2025-09-11T00:00:00Z,-57.35,-67.2,https://usicecenter.gov/pub/Iceberg_Tabular.csv
EONET_6423,Iceberg D33A,Sea and Lake Ice,2025-10-09T00:00:00Z,-57.21,-66.59,https://usicecenter.gov/pub/Iceberg_Tabular.csv
EONET_6423,Iceberg D33A,Sea and Lake Ice,2025-10-23T00:00:00Z,-57.22,-66.08,https://usicecenter.gov/pub/Iceberg_Tabular.csv
EONET_6423,Iceberg D33A,Sea and Lake Ice,2025-11-14T00:00:00Z,-57.08,-65.54,https://usicecenter.gov/pub/Iceberg_Tabular.csv
EONET_6423,Iceberg D33A,Sea and Lake Ice,2026-04-17T00:00:00Z,-57.7,-65.12,https://usicecenter.gov/pub/Iceberg_Tabular.csv
EONET_6423,Iceberg D33A,Sea and Lake Ice,2026-05-08T00:00:00Z,-57.31,-64.7,https://usicecenter.gov/pub/Iceberg_Tabular.csv
EONET_6423,Iceberg D33A,Sea and Lake Ice,2026-06-18T00:00:00Z,-55.79,-64.24,https://usicecenter.gov/pub/Iceberg_Tabular.csv
EONET_6424,Iceberg D33B,Sea and Lake Ice,2023-09-08T00:00:00Z,18.3,-69.64,https://usicecenter.gov/pub/Iceberg_Tabular.csv
EONET_6424,Iceberg D33B,Sea and Lake Ice,2023-09-15T00:00:00Z,16.6,-69.45,https://usicecenter.gov/pub/Iceberg_Tabular.csv
EONET_6424,Iceberg D33B,Sea and Lake Ice,2023-09-30T00:00:00Z,13.66,-69.3,https://usicecenter.gov/pub/Iceberg_Tabular.csv
EONET_6424,Iceberg D33B,Sea and Lake Ice,2023-10-26T00:00:00Z,12.22,-69.47,https://usicecenter.gov/pub/Iceberg_Tabular.csv
EONET_6424,Iceberg D33B,Sea and Lake Ice,2023-12-08T00:00:00Z,9.8,-69.61,https://usicecenter.gov/pub/Iceberg_Tabular.csv
EONET_6424,Iceberg D33B,Sea and Lake Ice,2023-12-15T00:00:00Z,8.01,-69.68,https://usicecenter.gov/pub/Iceberg_Tabular.csv
EONET_6424,Iceberg D33B,Sea and Lake Ice,2023-12-28T00:00:00Z,4.38,-69.94,https://usicecenter.gov/pub/Iceberg_Tabular.csv
EONET_6424,Iceberg D33B,Sea and Lake Ice,2024-01-04T00:00:00Z,1.94,-69.84,https://usicecenter.gov/pub/Iceberg_Tabular.csv
EONET_6424,Iceberg D33B,Sea and Lake Ice,2024-01-18T00:00:00Z,-2.03,-69.22,https://usicecenter.gov/pub/Iceberg_Tabular.csv
EONET_6424,Iceberg D33B,Sea and Lake Ice,2024-02-08T00:00:00Z,-3.15,-69.6,https://usicecenter.gov/pub/Iceberg_Tabular.csv
EONET_6424,Iceberg D33B,Sea and Lake Ice,2024-02-23T00:00:00Z,-4.61,-70.16,https://usicecenter.gov/pub/Iceberg_Tabular.csv
EONET_6424,Iceberg D33B,Sea and Lake Ice,2024-03-01T00:00:00Z,-7.49,-70.29,https://usicecenter.gov/pub/Iceberg_Tabular.csv
EONET_6424,Iceberg D33B,Sea and Lake Ice,2024-03-07T00:00:00Z,-9.33,-70.4,https://usicecenter.gov/pub/Iceberg_Tabular.csv
EONET_6424,Iceberg D33B,Sea and Lake Ice,2024-03-22T00:00:00Z,-7.49,-70.29,https://usicecenter.gov/pub/Iceberg_Tabular.csv
EONET_6424,Iceberg D33B,Sea and Lake Ice,2024-03-29T00:00:00Z,-12.77,-71.07,https://usicecenter.gov/pub/Iceberg_Tabular.csv
EONET_6424,Iceberg D33B,Sea and Lake Ice,2024-04-05T00:00:00Z,-15.11,-71.47,https://usicecenter.gov/pub/Iceberg_Tabular.csv
EONET_6424,Iceberg D33B,Sea and Lake Ice,2024-04-12T00:00:00Z,-16.64,-72.06,https://usicecenter.gov/pub/Iceberg_Tabular.csv
EONET_6424,Iceberg D33B,Sea and Lake Ice,2024-12-13T00:00:00Z,-37.79,-76.49,https://usicecenter.gov/pub/Iceberg_Tabular.csv
EONET_6424,Iceberg D33B,Sea and Lake Ice,2025-01-10T00:00:00Z,-39.23,-76.86,https://usicecenter.gov/pub/Iceberg_Tabular.csv
EONET_6424,Iceberg D33B,Sea and Lake Ice,2025-02-06T00:00:00Z,-40.28,-77.29,https://usicecenter.gov/pub/Iceberg_Tabular.csv
EONET_6424,Iceberg D33B,Sea and Lake Ice,2025-03-27T00:00:00Z,-42.75,-76.97,https://usicecenter.gov/pub/Iceberg_Tabular.csv
EONET_6424,Iceberg D33B,Sea and Lake Ice,2025-04-11T00:00:00Z,-44.03,-76.53,https://usicecenter.gov/pub/Iceberg_Tabular.csv
EONET_6424,Iceberg D33B,Sea and Lake Ice,2025-05-16T00:00:00Z,-42.8,-76.04,https://usicecenter.gov/pub/Iceberg_Tabular.csv
EONET_6424,Iceberg D33B,Sea and Lake Ice,2025-05-29T00:00:00Z,-41.99,-75.11,https://usicecenter.gov/pub/Iceberg_Tabular.csv
EONET_6424,Iceberg D33B,Sea and Lake Ice,2025-06-05T00:00:00Z,-41.96,-74.43,https://usicecenter.gov/pub/Iceberg_Tabular.csv
EONET_6424,Iceberg D33B,Sea and Lake Ice,2025-06-12T00:00:00Z,-42.53,-73.98,https://usicecenter.gov/pub/Iceberg_Tabular.csv
EONET_6424,Iceberg D33B,Sea and Lake Ice,2025-07-11T00:00:00Z,-42.2,-73.47,https://usicecenter.gov/pub/Iceberg_Tabular.csv
EONET_6424,Iceberg D33B,Sea and Lake Ice,2025-08-08T00:00:00Z,-44.43,-73.12,https://usicecenter.gov/pub/Iceberg_Tabular.csv
EONET_6424,Iceberg D33B,Sea and Lake Ice,2025-08-21T00:00:00Z,-46.09,-72.41,https://usicecenter.gov/pub/Iceberg_Tabular.csv
EONET_6424,Iceberg D33B,Sea and Lake Ice,2025-08-28T00:00:00Z,-46.13,-71.89,https://usicecenter.gov/pub/Iceberg_Tabular.csv
EONET_6424,Iceberg D33B,Sea and Lake Ice,2025-09-11T00:00:00Z,-46.21,-70.86,https://usicecenter.gov/pub/Iceberg_Tabular.csv
EONET_6424,Iceberg D33B,Sea and Lake Ice,2025-09-26T00:00:00Z,-46.34,-70.3,https://usicecenter.gov/pub/Iceberg_Tabular.csv
EONET_6424,Iceberg D33B,Sea and Lake Ice,2025-10-16T00:00:00Z,-48.35,-69.88,https://usicecenter.gov/pub/Iceberg_Tabular.csv
EONET_6424,Iceberg D33B,Sea and Lake Ice,2025-11-14T00:00:00Z,-49.85,-69.86,https://usicecenter.gov/pub/Iceberg_Tabular.csv
EONET_6424,Iceberg D33B,Sea and Lake Ice,2025-11-21T00:00:00Z,-50.48,-69.25,https://usicecenter.gov/pub/Iceberg_Tabular.csv
EONET_6424,Iceberg D33B,Sea and Lake Ice,2025-12-26T00:00:00Z,-51.23,-69.65,https://usicecenter.gov/pub/Iceberg_Tabular.csv
EONET_6424,Iceberg D33B,Sea and Lake Ice,2026-01-09T00:00:00Z,-51.92,-69.03,https://usicecenter.gov/pub/Iceberg_Tabular.csv
EONET_6424,Iceberg D33B,Sea and Lake Ice,2026-02-06T00:00:00Z,-51.83,-68.41,https://usicecenter.gov/pub/Iceberg_Tabular.csv
EONET_6424,Iceberg D33B,Sea and Lake Ice,2026-02-13T00:00:00Z,-52.32,-67.97,https://usicecenter.gov/pub/Iceberg_Tabular.csv
EONET_6424,Iceberg D33B,Sea and Lake Ice,2026-03-20T00:00:00Z,-52.33,-67.38,https://usicecenter.gov/pub/Iceberg_Tabular.csv
EONET_6424,Iceberg D33B,Sea and Lake Ice,2026-04-24T00:00:00Z,-53.44,-66.98,https://usicecenter.gov/pub/Iceberg_Tabular.csv
EONET_6424,Iceberg D33B,Sea and Lake Ice,2026-05-08T00:00:00Z,-53.63,-66.06,https://usicecenter.gov/pub/Iceberg_Tabular.csv
EONET_6424,Iceberg D33B,Sea and Lake Ice,2026-05-21T00:00:00Z,-53.98,-65.16,https://usicecenter.gov/pub/Iceberg_Tabular.csv
EONET_6424,Iceberg D33B,Sea and Lake Ice,2026-06-05T00:00:00Z,-54.0,-64.14,https://usicecenter.gov/pub/Iceberg_Tabular.csv
EONET_6424,Iceberg D33B,Sea and Lake Ice,2026-06-12T00:00:00Z,-52.45,-63.74,https://usicecenter.gov/pub/Iceberg_Tabular.csv
EONET_6424,Iceberg D33B,Sea and Lake Ice,2026-06-25T00:00:00Z,-52.27,-63.09,https://usicecenter.gov/pub/Iceberg_Tabular.csv
EONET_6424,Iceberg D33B,Sea and Lake Ice,2026-07-03T00:00:00Z,-53.24,-62.79,https://usicecenter.gov/pub/Iceberg_Tabular.csv
EONET_6424,Iceberg D33B,Sea and Lake Ice,2026-07-10T00:00:00Z,-53.46,-62.28,https://usicecenter.gov/pub/Iceberg_Tabular.csv
EONET_6424,Iceberg D33B,Sea and Lake Ice,2026-07-17T00:00:00Z,-52.16,-61.77,https://usicecenter.gov/pub/Iceberg_Tabular.csv
EONET_6424,Iceberg D33B,Sea and Lake Ice,2026-07-23T00:00:00Z,-51.17,-61.27,https://usicecenter.gov/pub/Iceberg_Tabular.csv
EONET_6474,Iceberg D35,Sea and Lake Ice,2024-01-11T00:00:00Z,21.01,-69.83,https://usicecenter.gov/pub/Iceberg_Tabular.csv
EONET_6474,Iceberg D35,Sea and Lake Ice,2024-01-18T00:00:00Z,18.24,-69.29,https://usicecenter.gov/pub/Iceberg_Tabular.csv
EONET_6474,Iceberg D35,Sea and Lake Ice,2024-02-02T00:00:00Z,16.63,-69.53,https://usicecenter.gov/pub/Iceberg_Tabular.csv
EONET_6474,Iceberg D35,Sea and Lake Ice,2024-03-01T00:00:00Z,12.63,-69.36,https://usicecenter.gov/pub/Iceberg_Tabular.csv
EONET_6474,Iceberg D35,Sea and Lake Ice,2024-03-07T00:00:00Z,11.39,-69.55,https://usicecenter.gov/pub/Iceberg_Tabular.csv
EONET_6474,Iceberg D35,Sea and Lake Ice,2024-03-15T00:00:00Z,6.81,-69.77,https://usicecenter.gov/pub/Iceberg_Tabular.csv
EONET_6474,Iceberg D35,Sea and Lake Ice,2024-03-22T00:00:00Z,12.63,-69.36,https://usicecenter.gov/pub/Iceberg_Tabular.csv
EONET_6474,Iceberg D35,Sea and Lake Ice,2024-03-29T00:00:00Z,2.31,-69.95,https://usicecenter.gov/pub/Iceberg_Tabular.csv
EONET_6474,Iceberg D35,Sea and Lake Ice,2024-04-05T00:00:00Z,-1.79,-69.69,https://usicecenter.gov/pub/Iceberg_Tabular.csv
EONET_6474,Iceberg D35,Sea and Lake Ice,2024-04-12T00:00:00Z,-5.22,-70.01,https://usicecenter.gov/pub/Iceberg_Tabular.csv
EONET_6474,Iceberg D35,Sea and Lake Ice,2024-12-13T00:00:00Z,-27.82,-74.57,https://usicecenter.gov/pub/Iceberg_Tabular.csv
EONET_6474,Iceberg D35,Sea and Lake Ice,2025-04-04T00:00:00Z,-30.73,-74.62,https://usicecenter.gov/pub/Iceberg_Tabular.csv
EONET_6474,Iceberg D35,Sea and Lake Ice,2025-04-24T00:00:00Z,-31.03,-74.14,https://usicecenter.gov/pub/Iceberg_Tabular.csv
EONET_6474,Iceberg D35,Sea and Lake Ice,2025-05-29T00:00:00Z,-32.13,-73.51,https://usicecenter.gov/pub/Iceberg_Tabular.csv
EONET_6474,Iceberg D35,Sea and Lake Ice,2025-06-05T00:00:00Z,-31.99,-72.73,https://usicecenter.gov/pub/Iceberg_Tabular.csv
EONET_6474,Iceberg D35,Sea and Lake Ice,2025-06-12T00:00:00Z,-32.52,-71.97,https://usicecenter.gov/pub/Iceberg_Tabular.csv
EONET_6474,Iceberg D35,Sea and Lake Ice,2025-07-18T00:00:00Z,-34.34,-71.89,https://usicecenter.gov/pub/Iceberg_Tabular.csv
EONET_6474,Iceberg D35,Sea and Lake Ice,2025-07-31T00:00:00Z,-35.4,-72.29,https://usicecenter.gov/pub/Iceberg_Tabular.csv
EONET_6474,Iceberg D35,Sea and Lake Ice,2025-08-14T00:00:00Z,-37.49,-71.87,https://usicecenter.gov/pub/Iceberg_Tabular.csv
EONET_6474,Iceberg D35,Sea and Lake Ice,2025-08-21T00:00:00Z,-38.79,-71.3,https://usicecenter.gov/pub/Iceberg_Tabular.csv
EONET_6474,Iceberg D35,Sea and Lake Ice,2025-08-28T00:00:00Z,-39.24,-70.51,https://usicecenter.gov/pub/Iceberg_Tabular.csv
EONET_6474,Iceberg D35,Sea and Lake Ice,2025-09-11T00:00:00Z,-40.02,-69.3,https://usicecenter.gov/pub/Iceberg_Tabular.csv
EONET_6474,Iceberg D35,Sea and Lake Ice,2025-09-26T00:00:00Z,-40.24,-68.69,https://usicecenter.gov/pub/Iceberg_Tabular.csv
EONET_6474,Iceberg D35,Sea and Lake Ice,2025-10-16T00:00:00Z,-41.71,-68.54,https://usicecenter.gov/pub/Iceberg_Tabular.csv
EONET_6474,Iceberg D35,Sea and Lake Ice,2025-11-14T00:00:00Z,-43.35,-68.51,https://usicecenter.gov/pub/Iceberg_Tabular.csv
EONET_6474,Iceberg D35,Sea and Lake Ice,2025-11-28T00:00:00Z,-44.78,-68.23,https://usicecenter.gov/pub/Iceberg_Tabular.csv
EONET_6474,Iceberg D35,Sea and Lake Ice,2026-01-02T00:00:00Z,-46.42,-68.28,https://usicecenter.gov/pub/Iceberg_Tabular.csv
EONET_6474,Iceberg D35,Sea and Lake Ice,2026-01-09T00:00:00Z,-46.79,-67.73,https://usicecenter.gov/pub/Iceberg_Tabular.csv
EONET_6474,Iceberg D35,Sea and Lake Ice,2026-01-23T00:00:00Z,-47.25,-67.15,https://usicecenter.gov/pub/Iceberg_Tabular.csv
EONET_6474,Iceberg D35,Sea and Lake Ice,2026-02-13T00:00:00Z,-47.97,-66.37,https://usicecenter.gov/pub/Iceberg_Tabular.csv
EONET_6474,Iceberg D35,Sea and Lake Ice,2026-03-13T00:00:00Z,-48.19,-65.87,https://usicecenter.gov/pub/Iceberg_Tabular.csv
EONET_6474,Iceberg D35,Sea and Lake Ice,2026-04-03T00:00:00Z,-48.55,-65.34,https://usicecenter.gov/pub/Iceberg_Tabular.csv
EONET_6474,Iceberg D35,Sea and Lake Ice,2026-05-08T00:00:00Z,-48.79,-64.33,https://usicecenter.gov/pub/Iceberg_Tabular.csv
EONET_6474,Iceberg D35,Sea and Lake Ice,2026-05-21T00:00:00Z,-48.32,-63.43,https://usicecenter.gov/pub/Iceberg_Tabular.csv
EONET_6474,Iceberg D35,Sea and Lake Ice,2026-05-29T00:00:00Z,-48.63,-62.86,https://usicecenter.gov/pub/Iceberg_Tabular.csv
EONET_6474,Iceberg D35,Sea and Lake Ice,2026-06-12T00:00:00Z,-47.65,-62.51,https://usicecenter.gov/pub/Iceberg_Tabular.csv
EONET_6474,Iceberg D35,Sea and Lake Ice,2026-07-03T00:00:00Z,-45.53,-62.45,https://usicecenter.gov/pub/Iceberg_Tabular.csv
EONET_6474,Iceberg D35,Sea and Lake Ice,2026-07-10T00:00:00Z,-44.72,-62.1,https://usicecenter.gov/pub/Iceberg_Tabular.csv
EONET_10212,Iceberg B22F,Sea and Lake Ice,2024-08-15T00:00:00Z,-127.41,-72.61,https://usicecenter.gov/pub/Iceberg_Tabular.csv
EONET_10212,Iceberg B22F,Sea and Lake Ice,2024-12-13T00:00:00Z,-140.7,-74.12,https://usicecenter.gov/pub/Iceberg_Tabular.csv
EONET_10212,Iceberg B22F,Sea and Lake Ice,2024-12-26T00:00:00Z,-143.13,-74.37,https://usicecenter.gov/pub/Iceberg_Tabular.csv
EONET_10212,Iceberg B22F,Sea and Lake Ice,2025-01-02T00:00:00Z,-145.92,-74.74,https://usicecenter.gov/pub/Iceberg_Tabular.csv
EONET_10212,Iceberg B22F,Sea and Lake Ice,2025-01-31T00:00:00Z,-148.32,-74.89,https://usicecenter.gov/pub/Iceberg_Tabular.csv
EONET_10212,Iceberg B22F,Sea and Lake Ice,2025-02-14T00:00:00Z,-150.91,-75.2,https://usicecenter.gov/pub/Iceberg_Tabular.csv
EONET_10212,Iceberg B22F,Sea and Lake Ice,2025-03-06T00:00:00Z,-153.12,-75.24,https://usicecenter.gov/pub/Iceberg_Tabular.csv
EONET_10212,Iceberg B22F,Sea and Lake Ice,2025-03-13T00:00:00Z,-154.11,-75.65,https://usicecenter.gov/pub/Iceberg_Tabular.csv
EONET_10212,Iceberg B22F,Sea and Lake Ice,2025-03-27T00:00:00Z,-155.71,-75.88,https://usicecenter.gov/pub/Iceberg_Tabular.csv
EONET_10212,Iceberg B22F,Sea and Lake Ice,2025-04-11T00:00:00Z,-157.47,-75.63,https://usicecenter.gov/pub/Iceberg_Tabular.csv
EONET_10212,Iceberg B22F,Sea and Lake Ice,2025-05-09T00:00:00Z,-160.1,-75.39,https://usicecenter.gov/pub/Iceberg_Tabular.csv
EONET_10212,Iceberg B22F,Sea and Lake Ice,2025-05-22T00:00:00Z,-161.44,-74.93,https://usicecenter.gov/pub/Iceberg_Tabular.csv
EONET_10212,Iceberg B22F,Sea and Lake Ice,2025-06-05T00:00:00Z,-163.27,-74.75,https://usicecenter.gov/pub/Iceberg_Tabular.csv
EONET_10212,Iceberg B22F,Sea and Lake Ice,2025-06-12T00:00:00Z,-165.79,-74.38,https://usicecenter.gov/pub/Iceberg_Tabular.csv
EONET_10212,Iceberg B22F,Sea and Lake Ice,2025-06-27T00:00:00Z,-167.33,-73.88,https://usicecenter.gov/pub/Iceberg_Tabular.csv
EONET_10212,Iceberg B22F,Sea and Lake Ice,2025-07-11T00:00:00Z,-169.21,-73.67,https://usicecenter.gov/pub/Iceberg_Tabular.csv
EONET_10212,Iceberg B22F,Sea and Lake Ice,2025-07-31T00:00:00Z,-169.59,-73.23,https://usicecenter.gov/pub/Iceberg_Tabular.csv
EONET_10212,Iceberg B22F,Sea and Lake Ice,2025-08-21T00:00:00Z,-170.96,-72.62,https://usicecenter.gov/pub/Iceberg_Tabular.csv
EONET_10212,Iceberg B22F,Sea and Lake Ice,2025-09-04T00:00:00Z,-171.89,-72.21,https://usicecenter.gov/pub/Iceberg_Tabular.csv
EONET_10212,Iceberg B22F,Sea and Lake Ice,2025-09-11T00:00:00Z,-173.36,-72.3,https://usicecenter.gov/pub/Iceberg_Tabular.csv
EONET_10212,Iceberg B22F,Sea and Lake Ice,2025-10-09T00:00:00Z,-173.77,-71.31,https://usicecenter.gov/pub/Iceberg_Tabular.csv
EONET_10212,Iceberg B22F,Sea and Lake Ice,2025-10-16T00:00:00Z,-174.64,-70.81,https://usicecenter.gov/pub/Iceberg_Tabular.csv
EONET_10212,Iceberg B22F,Sea and Lake Ice,2025-10-31T00:00:00Z,-177.13,-70.28,https://usicecenter.gov/pub/Iceberg_Tabular.csv
EONET_10212,Iceberg B22F,Sea and Lake Ice,2025-11-14T00:00:00Z,-177.85,-69.89,https://usicecenter.gov/pub/Iceberg_Tabular.csv
EONET_10212,Iceberg B22F,Sea and Lake Ice,2025-11-28T00:00:00Z,-177.84,-69.24,https://usicecenter.gov/pub/Iceberg_Tabular.csv
EONET_10212,Iceberg B22F,Sea and Lake Ice,2025-12-26T00:00:00Z,-176.57,-68.86,https://usicecenter.gov/pub/Iceberg_Tabular.csv
EONET_10212,Iceberg B22F,Sea and Lake Ice,2026-01-02T00:00:00Z,-176.74,-68.3,https://usicecenter.gov/pub/Iceberg_Tabular.csv
EONET_10212,Iceberg B22F,Sea and Lake Ice,2026-02-19T00:00:00Z,-177.25,-67.68,https://usicecenter.gov/pub/Iceberg_Tabular.csv
EONET_10212,Iceberg B22F,Sea and Lake Ice,2026-03-06T00:00:00Z,-178.77,-67.31,https://usicecenter.gov/pub/Iceberg_Tabular.csv
EONET_10212,Iceberg B22F,Sea and Lake Ice,2026-03-26T00:00:00Z,-179.86,-67.09,https://usicecenter.gov/pub/Iceberg_Tabular.csv
EONET_10212,Iceberg B22F,Sea and Lake Ice,2026-04-10T00:00:00Z,179.79,-67.58,https://usicecenter.gov/pub/Iceberg_Tabular.csv
EONET_10212,Iceberg B22F,Sea and Lake Ice,2026-04-24T00:00:00Z,179.83,-67.1,https://usicecenter.gov/pub/Iceberg_Tabular.csv
EONET_10212,Iceberg B22F,Sea and Lake Ice,2026-05-08T00:00:00Z,178.33,-67.18,https://usicecenter.gov/pub/Iceberg_Tabular.csv
EONET_10212,Iceberg B22F,Sea and Lake Ice,2026-06-12T00:00:00Z,177.7,-67.6,https://usicecenter.gov/pub/Iceberg_Tabular.csv
EONET_10212,Iceberg B22F,Sea and Lake Ice,2026-06-25T00:00:00Z,178.27,-66.75,https://usicecenter.gov/pub/Iceberg_Tabular.csv
EONET_10212,Iceberg B22F,Sea and Lake Ice,2026-07-03T00:00:00Z,179.34,-66.58,https://usicecenter.gov/pub/Iceberg_Tabular.csv
EONET_10212,Iceberg B22F,Sea and Lake Ice,2026-07-17T00:00:00Z,-178.99,-66.56,https://usicecenter.gov/pub/Iceberg_Tabular.csv
EONET_12716,Iceberg A85,Sea and Lake Ice,2025-02-21T00:00:00Z,-48.54,-77.51,https://usicecenter.gov/pub/Iceberg_Tabular.csv
EONET_12716,Iceberg A85,Sea and Lake Ice,2025-03-06T00:00:00Z,-49.4,-76.96,https://usicecenter.gov/pub/Iceberg_Tabular.csv
EONET_12716,Iceberg A85,Sea and Lake Ice,2025-03-13T00:00:00Z,-51.03,-76.66,https://usicecenter.gov/pub/Iceberg_Tabular.csv
EONET_12716,Iceberg A85,Sea and Lake Ice,2025-03-27T00:00:00Z,-53.15,-76.16,https://usicecenter.gov/pub/Iceberg_Tabular.csv
EONET_12716,Iceberg A85,Sea and Lake Ice,2025-04-11T00:00:00Z,-54.47,-75.8,https://usicecenter.gov/pub/Iceberg_Tabular.csv
EONET_12716,Iceberg A85,Sea and Lake Ice,2025-05-22T00:00:00Z,-54.83,-75.23,https://usicecenter.gov/pub/Iceberg_Tabular.csv
EONET_12716,Iceberg A85,Sea and Lake Ice,2025-06-05T00:00:00Z,-53.83,-74.67,https://usicecenter.gov/pub/Iceberg_Tabular.csv
EONET_12716,Iceberg A85,Sea and Lake Ice,2025-06-20T00:00:00Z,-53.52,-74.18,https://usicecenter.gov/pub/Iceberg_Tabular.csv
EONET_12716,Iceberg A85,Sea and Lake Ice,2025-07-31T00:00:00Z,-54.34,-73.38,https://usicecenter.gov/pub/Iceberg_Tabular.csv
EONET_12716,Iceberg A85,Sea and Lake Ice,2025-08-08T00:00:00Z,-54.79,-72.84,https://usicecenter.gov/pub/Iceberg_Tabular.csv
EONET_12716,Iceberg A85,Sea and Lake Ice,2025-08-21T00:00:00Z,-54.56,-72.37,https://usicecenter.gov/pub/Iceberg_Tabular.csv
EONET_12716,Iceberg A85,Sea and Lake Ice,2025-08-28T00:00:00Z,-54.06,-71.91,https://usicecenter.gov/pub/Iceberg_Tabular.csv
EONET_12716,Iceberg A85,Sea and Lake Ice,2025-09-11T00:00:00Z,-53.84,-71.12,https://usicecenter.gov/pub/Iceberg_Tabular.csv
EONET_12716,Iceberg A85,Sea and Lake Ice,2025-09-26T00:00:00Z,-54.16,-70.43,https://usicecenter.gov/pub/Iceberg_Tabular.csv
EONET_12716,Iceberg A85,Sea and Lake Ice,2025-10-09T00:00:00Z,-54.74,-70.0,https://usicecenter.gov/pub/Iceberg_Tabular.csv
EONET_12716,Iceberg A85,Sea and Lake Ice,2025-10-16T00:00:00Z,-55.01,-69.44,https://usicecenter.gov/pub/Iceberg_Tabular.csv
EONET_12716,Iceberg A85,Sea and Lake Ice,2025-11-07T00:00:00Z,-55.23,-68.89,https://usicecenter.gov/pub/Iceberg_Tabular.csv
EONET_12716,Iceberg A85,Sea and Lake Ice,2025-11-21T00:00:00Z,-55.04,-68.06,https://usicecenter.gov/pub/Iceberg_Tabular.csv
EONET_12716,Iceberg A85,Sea and Lake Ice,2025-12-18T00:00:00Z,-55.69,-68.44,https://usicecenter.gov/pub/Iceberg_Tabular.csv
EONET_12716,Iceberg A85,Sea and Lake Ice,2026-03-20T00:00:00Z,-56.94,-68.57,https://usicecenter.gov/pub/Iceberg_Tabular.csv
EONET_12716,Iceberg A85,Sea and Lake Ice,2026-04-24T00:00:00Z,-57.29,-68.1,https://usicecenter.gov/pub/Iceberg_Tabular.csv
EONET_12716,Iceberg A85,Sea and Lake Ice,2026-05-08T00:00:00Z,-57.24,-67.45,https://usicecenter.gov/pub/Iceberg_Tabular.csv
EONET_12716,Iceberg A85,Sea and Lake Ice,2026-05-21T00:00:00Z,-56.41,-66.87,https://usicecenter.gov/pub/Iceberg_Tabular.csv
EONET_12716,Iceberg A85,Sea and Lake Ice,2026-06-12T00:00:00Z,-55.1,-66.42,https://usicecenter.gov/pub/Iceberg_Tabular.csv
EONET_12716,Iceberg A85,Sea and Lake Ice,2026-07-03T00:00:00Z,-54.3,-66.06,https://usicecenter.gov/pub/Iceberg_Tabular.csv
EONET_12716,Iceberg A85,Sea and Lake Ice,2026-07-10T00:00:00Z,-53.69,-65.57,https://usicecenter.gov/pub/Iceberg_Tabular.csv
EONET_12716,Iceberg A85,Sea and Lake Ice,2026-07-17T00:00:00Z,-53.71,-65.12,https://usicecenter.gov/pub/Iceberg_Tabular.csv
EONET_12716,Iceberg A85,Sea and Lake Ice,2026-07-23T00:00:00Z,-53.85,-64.65,https://usicecenter.gov/pub/Iceberg_Tabular.csv
EONET_20413,"Langila Volcano, Papua New Guinea",Volcanoes,2026-05-08T00:00:00Z,148.42,-5.525,https://volcano.si.edu/volcano.cfm?vn=252010
EONET_20041,Flood in Argentina 1103873,Floods,2026-05-07T20:00:00Z,-60.3855889,-36.3789925,https://www.gdacs.org/report.aspx?eventtype=FL&eventid=1103873
EONET_20002,"PINE MOUNTAIN Wildfire, Deschutes, Oregon",Wildfires,2026-05-07T19:20:00Z,-120.917759,43.810294,https://irwin.doi.gov/observer/incidents/5985829d-31de-4a80-a836-25907b851057
EONET_20015,Wildfire in Australia 1028620,Wildfires,2026-05-07T19:00:00Z,131.16852681765567,-14.025392519275973,https://www.gdacs.org/report.aspx?eventtype=WF&eventid=1028620
EONET_20031,Wildfire in Australia 1028626,Wildfires,2026-05-07T19:00:00Z,131.14875112949,-13.895313992734815,https://www.gdacs.org/report.aspx?eventtype=WF&eventid=1028626
EONET_20034,Wildfire in Russian Federation 1028629,Wildfires,2026-05-07T19:00:00Z,128.8979404027909,50.63524853574603,https://www.gdacs.org/report.aspx?eventtype=WF&eventid=1028629
EONET_20035,Wildfire in Australia 1028630,Wildfires,2026-05-07T19:00:00Z,130.9939002760516,-14.060600505185867,https://www.gdacs.org/report.aspx?eventtype=WF&eventid=1028630
EONET_20055,Wildfire in Russian Federation 1028648,Wildfires,2026-05-07T19:00:00Z,129.39595147430856,49.98513565580457,https://www.gdacs.org/report.aspx?eventtype=WF&eventid=1028648
EONET_20056,Wildfire in Russian Federation 1028640,Wildfires,2026-05-07T19:00:00Z,134.96974461571318,48.041983740213034,https://www.gdacs.org/report.aspx?eventtype=WF&eventid=1028640
EONET_20057,Wildfire in Russian Federation 1028637,Wildfires,2026-05-07T19:00:00Z,133.1046647725562,48.60949356348599,https://www.gdacs.org/report.aspx?eventtype=WF&eventid=1028637
EONET_20129,Wildfire in Nicaragua 1028684,Wildfires,2026-05-07T19:00:00Z,-84.19125602339801,13.625179765007273,https://www.gdacs.org/report.aspx?eventtype=WF&eventid=1028684
EONET_20142,Wildfire in Australia 1028695,Wildfires,2026-05-07T19:00:00Z,130.76674510426176,-14.072038604034494,https://www.gdacs.org/report.aspx?eventtype=WF&eventid=1028695
EONET_20065,"CANYON Wildfire, Kern, California",Wildfires,2026-05-07T14:24:00Z,-117.8589,35.50478,https://irwin.doi.gov/observer/incidents/64eabb0f-3ea8-47f3-bc7f-19750df7e579
EONET_20006,"ANF Shearwood Creek C-86 RX Prescribed Fire, Jasper, Texas",Wildfires,2026-05-07T09:11:00Z,-94.2227,31.060417,https://irwin.doi.gov/observer/incidents/83d165b8-7c46-42f0-9808-3fb9c2e5a494
EONET_20042,Flood in Mexico 1103874,Floods,2026-05-06T20:00:00Z,-100.315258,25.6802019,https://www.gdacs.org/report.aspx?eventtype=FL&eventid=1103874
EONET_20043,Flood in Canada 1103875,Floods,2026-05-06T20:00:00Z,-139.45673,64.0942558,https://www.gdacs.org/report.aspx?eventtype=FL&eventid=1103875
EONET_19993,Wildfire in Australia 1028603,Wildfires,2026-05-06T19:00:00Z,131.0408199856968,-13.383485926924346,https://www.gdacs.org/report.aspx?eventtype=WF&eventid=1028603
EONET_20032,Wildfire in Australia 1028627,Wildfires,2026-05-06T19:00:00Z,130.8404100343506,-14.151669894084192,https://www.gdacs.org/report.aspx?eventtype=WF&eventid=1028627
EONET_20036,Wildfire in Australia 1028631,Wildfires,2026-05-06T19:00:00Z,134.16536512467022,-18.57568651296382,https://www.gdacs.org/report.aspx?eventtype=WF&eventid=1028631
EONET_20037,Wildfire in Australia 1028632,Wildfires,2026-05-06T19:00:00Z,115.72527541501296,-34.1310302383751,https://www.gdacs.org/report.aspx?eventtype=WF&eventid=1028632
EONET_20073,Wildfire in Russian Federation 1028651,Wildfires,2026-05-06T19:00:00Z,132.80631500451895,48.054761160855506,https://www.gdacs.org/report.aspx?eventtype=WF&eventid=1028651
EONET_20009,"rx-Lapham Good Oak 2026 Prescribed Fire, Waukesha, Wisconsin",Wildfires,2026-05-06T10:23:00Z,-88.3992015,43.0403647,https://irwin.doi.gov/observer/incidents/fd9b23b1-c272-4ceb-bcd6-0a8c164fc494
EONET_19986,Tropical Storm Hagupit,Severe Storms,2026-05-06T00:00:00Z,147.5,7.6,https://www.metoc.navy.mil/jtwc/products/wp0526.tcw
EONET_19986,Tropical Storm Hagupit,Severe Storms,2026-05-06T06:00:00Z,146.9,7.4,https://www.metoc.navy.mil/jtwc/products/wp0526.tcw
EONET_19986,Tropical Storm Hagupit,Severe Storms,2026-05-06T12:00:00Z,145.7,7.1,https://www.metoc.navy.mil/jtwc/products/wp0526.tcw
EONET_19986,Tropical Storm Hagupit,Severe Storms,2026-05-06T18:00:00Z,144.7,7.3,https://www.metoc.navy.mil/jtwc/products/wp0526.tcw
EONET_19986,Tropical Storm Hagupit,Severe Storms,2026-05-07T00:00:00Z,143.8,7.2,https://www.metoc.navy.mil/jtwc/products/wp0526.tcw
EONET_19986,Tropical Storm Hagupit,Severe Storms,2026-05-07T06:00:00Z,142.9,7.5,https://www.metoc.navy.mil/jtwc/products/wp0526.tcw
EONET_19986,Tropical Storm Hagupit,Severe Storms,2026-05-07T12:00:00Z,142.2,7.7,https://www.metoc.navy.mil/jtwc/products/wp0526.tcw
EONET_19986,Tropical Storm Hagupit,Severe Storms,2026-05-07T18:00:00Z,141.2,8.1,https://www.metoc.navy.mil/jtwc/products/wp0526.tcw
EONET_19986,Tropical Storm Hagupit,Severe Storms,2026-05-08T00:00:00Z,139.9,8.4,https://www.metoc.navy.mil/jtwc/products/wp0526.tcw
EONET_19986,Tropical Storm Hagupit,Severe Storms,2026-05-08T06:00:00Z,138.9,8.7,https://www.metoc.navy.mil/jtwc/products/wp0526.tcw
EONET_19986,Tropical Storm Hagupit,Severe Storms,2026-05-08T12:00:00Z,138.2,8.7,https://www.metoc.navy.mil/jtwc/products/wp0526.tcw
EONET_19986,Tropical Storm Hagupit,Severe Storms,2026-05-08T18:00:00Z,137.0,8.7,https://www.metoc.navy.mil/jtwc/products/wp0526.tcw
EONET_19986,Tropical Storm Hagupit,Severe Storms,2026-05-09T00:00:00Z,136.1,8.7,https://www.metoc.navy.mil/jtwc/products/wp0526.tcw
EONET_19986,Tropical Storm Hagupit,Severe Storms,2026-05-09T06:00:00Z,135.8,9.4,https://www.metoc.navy.mil/jtwc/products/wp0526.tcw
EONET_19986,Tropical Storm Hagupit,Severe Storms,2026-05-09T12:00:00Z,134.4,9.3,https://www.metoc.navy.mil/jtwc/products/wp0526.tcw
EONET_19986,Tropical Storm Hagupit,Severe Storms,2026-05-09T18:00:00Z,134.0,9.8,https://www.metoc.navy.mil/jtwc/products/wp0526.tcw
EONET_19986,Tropical Storm Hagupit,Severe Storms,2026-05-10T00:00:00Z,133.3,10.3,https://www.metoc.navy.mil/jtwc/products/wp0526.tcw
EONET_19986,Tropical Storm Hagupit,Severe Storms,2026-05-10T06:00:00Z,131.9,10.1,https://www.metoc.navy.mil/jtwc/products/wp0526.tcw
EONET_19986,Tropical Storm Hagupit,Severe Storms,2026-05-10T12:00:00Z,131.0,10.3,https://www.metoc.navy.mil/jtwc/products/wp0526.tcw
EONET_20003,"SOUTH CANAL Wildfire, Lafayette, Florida",Wildfires,2026-05-05T20:55:00Z,-83.1752778,29.8519444,https://irwin.doi.gov/observer/incidents/097653ff-b190-4eb3-971e-7b71d921f7d1
EONET_20044,Flood in Austria 1103872,Floods,2026-05-05T20:00:00Z,14.0,48.25,https://www.gdacs.org/report.aspx?eventtype=FL&eventid=1103872
EONET_19988,Wildfire in Australia 1028597,Wildfires,2026-05-05T19:00:00Z,131.56132942547575,-13.104546497336973,https://www.gdacs.org/report.aspx?eventtype=WF&eventid=1028597
EONET_19994,Wildfire in Australia 1028604,Wildfires,2026-05-05T19:00:00Z,136.42042088482225,-17.0860641550682,https://www.gdacs.org/report.aspx?eventtype=WF&eventid=1028604
EONET_19995,Wildfire in Australia 1028605,Wildfires,2026-05-05T19:00:00Z,121.87729032225377,-18.772818748552407,https://www.gdacs.org/report.aspx?eventtype=WF&eventid=1028605
EONET_19996,Wildfire in Australia 1028606,Wildfires,2026-05-05T19:00:00Z,128.6013681273512,-19.009556669405498,https://www.gdacs.org/report.aspx?eventtype=WF&eventid=1028606
EONET_19997,Wildfire in Australia 1028607,Wildfires,2026-05-05T19:00:00Z,122.83557546766521,-19.92369924466763,https://www.gdacs.org/report.aspx?eventtype=WF&eventid=1028607
EONET_20016,Wildfire in Australia 1028611,Wildfires,2026-05-05T19:00:00Z,121.89814150264529,-18.784841229480442,https://www.gdacs.org/report.aspx?eventtype=WF&eventid=1028611
EONET_20017,Wildfire in Australia 1028612,Wildfires,2026-05-05T19:00:00Z,123.21188983574001,-19.709242796201547,https://www.gdacs.org/report.aspx?eventtype=WF&eventid=1028612
EONET_20018,Wildfire in Australia 1028613,Wildfires,2026-05-05T19:00:00Z,128.68882029515223,-19.0957908114197,https://www.gdacs.org/report.aspx?eventtype=WF&eventid=1028613
EONET_20019,Wildfire in Australia 1028621,Wildfires,2026-05-05T19:00:00Z,130.22602722036126,-14.393322859715036,https://www.gdacs.org/report.aspx?eventtype=WF&eventid=1028621
EONET_20020,Wildfire in Australia 1028622,Wildfires,2026-05-05T19:00:00Z,136.26978057632846,-17.066895811485693,https://www.gdacs.org/report.aspx?eventtype=WF&eventid=1028622
EONET_20033,Wildfire in Australia 1028628,Wildfires,2026-05-05T19:00:00Z,135.0007533645601,-19.210952775999015,https://www.gdacs.org/report.aspx?eventtype=WF&eventid=1028628
EONET_20038,Wildfire in Australia 1028633,Wildfires,2026-05-05T19:00:00Z,131.41677209271853,-13.299132339151559,https://www.gdacs.org/report.aspx?eventtype=WF&eventid=1028633
EONET_20074,Wildfire in Australia 1028655,Wildfires,2026-05-05T19:00:00Z,128.9724276288434,-19.715262594924617,https://www.gdacs.org/report.aspx?eventtype=WF&eventid=1028655
EONET_20090,Wildfire in Australia 1028669,Wildfires,2026-05-05T19:00:00Z,131.86537813779796,-13.44386830860772,https://www.gdacs.org/report.aspx?eventtype=WF&eventid=1028669
EONET_20091,Wildfire in Australia 1028670,Wildfires,2026-05-05T19:00:00Z,131.7606189932516,-13.26540247894932,https://www.gdacs.org/report.aspx?eventtype=WF&eventid=1028670
EONET_20004,"LOCHLOOSA WEST Wildfire, Alachua, Florida",Wildfires,2026-05-05T14:33:00Z,-82.1758333,29.5297222,https://irwin.doi.gov/observer/incidents/1dc93c75-a78a-434d-aaff-a7390edcd658
EONET_20012,"Hog Farm Wildfire, Woodward, Oklahoma",Wildfires,2026-05-05T10:39:00Z,-99.0419444,36.2888889,https://irwin.doi.gov/observer/incidents/64a978d8-3745-49c0-8f56-d03f0f761cfa
EONET_20045,Flood in Italy 1103871,Floods,2026-05-04T20:00:00Z,11.6072307,43.0570991,https://www.gdacs.org/report.aspx?eventtype=FL&eventid=1103871
EONET_19998,Wildfire in Australia 1028608,Wildfires,2026-05-04T19:00:00Z,133.3182092252431,-15.332140974268999,https://www.gdacs.org/report.aspx?eventtype=WF&eventid=1028608
EONET_19999,Wildfire in Australia 1028601,Wildfires,2026-05-04T19:00:00Z,121.8510658459255,-18.841035396944534,https://www.gdacs.org/report.aspx?eventtype=WF&eventid=1028601
EONET_20039,Wildfire in Australia 1028634,Wildfires,2026-05-04T19:00:00Z,122.3281755423874,-19.88619151229209,https://www.gdacs.org/report.aspx?eventtype=WF&eventid=1028634
EONET_20058,Wildfire in Australia 1028638,Wildfires,2026-05-04T19:00:00Z,128.0100372111213,-17.120108406491646,https://www.gdacs.org/report.aspx?eventtype=WF&eventid=1028638
EONET_20075,Wildfire in Australia 1028656,Wildfires,2026-05-04T19:00:00Z,130.18065995645705,-14.234896697470893,https://www.gdacs.org/report.aspx?eventtype=WF&eventid=1028656
EONET_20092,Wildfire in Nicaragua 1028666,Wildfires,2026-05-04T19:00:00Z,-86.64934804684316,13.714191222543171,https://www.gdacs.org/report.aspx?eventtype=WF&eventid=1028666
EONET_20014,"Arkansas River Wildfire, Edwards, Kansas",Wildfires,2026-05-04T13:33:00Z,-99.45739,37.85316,https://irwin.doi.gov/observer/incidents/789b07c3-832c-41ee-a639-999816ebc712
EONET_19969,"311 Konza Wildfire, Geary, Kansas",Wildfires,2026-05-04T13:19:00Z,-96.576,39.066264,https://irwin.doi.gov/observer/incidents/fbcab7f0-50f5-4277-ae98-4878b3a93171
EONET_19972,"Black Rush Lake RX Prescribed Fire, Swift, Minnesota",Wildfires,2026-05-04T11:05:00Z,-95.9166,45.3272,https://irwin.doi.gov/observer/incidents/88fea450-6e74-4ef9-9f56-6c704dc8c0e4
EONET_19970,"32nd Avenue Wildfire, Rolette, North Dakota",Wildfires,2026-05-04T10:38:00Z,-99.985,48.856667,https://irwin.doi.gov/observer/incidents/173682c4-e3ba-4a88-ba04-f45d399bbf0f
EONET_20248,"Chickasawhay CPT 363 RX Prescribed Fire, Jones, Mississippi",Wildfires,2026-05-04T09:50:00Z,-88.9858,31.5088,https://irwin.doi.gov/observer/incidents/804c72d5-7d4f-46a5-b78e-bf0415d4f256
EONET_19989,Wildfire in Australia 1028598,Wildfires,2026-05-03T19:00:00Z,132.7158964631746,-16.862561533511723,https://www.gdacs.org/report.aspx?eventtype=WF&eventid=1028598
EONET_19990,Wildfire in Australia 1028599,Wildfires,2026-05-03T19:00:00Z,132.84726431539835,-16.887030934294277,https://www.gdacs.org/report.aspx?eventtype=WF&eventid=1028599
EONET_20000,Wildfire in Australia 1028609,Wildfires,2026-05-03T19:00:00Z,132.02662639675208,-16.09852175478471,https://www.gdacs.org/report.aspx?eventtype=WF&eventid=1028609
EONET_20021,Wildfire in Australia 1028614,Wildfires,2026-05-03T19:00:00Z,122.26137960006398,-17.494531724187553,https://www.gdacs.org/report.aspx?eventtype=WF&eventid=1028614
EONET_20022,Wildfire in Australia 1028623,Wildfires,2026-05-03T19:00:00Z,132.72798449765668,-13.691360411499348,https://www.gdacs.org/report.aspx?eventtype=WF&eventid=1028623
EONET_20023,Wildfire in Australia 1028624,Wildfires,2026-05-03T19:00:00Z,132.5626853564392,-13.880488471519282,https://www.gdacs.org/report.aspx?eventtype=WF&eventid=1028624
EONET_20024,Wildfire in Australia 1028615,Wildfires,2026-05-03T19:00:00Z,132.7297595331603,-13.678378187436817,https://www.gdacs.org/report.aspx?eventtype=WF&eventid=1028615
EONET_20040,Wildfire in Russian Federation 1028635,Wildfires,2026-05-03T19:00:00Z,132.69525003678726,48.314985577853,https://www.gdacs.org/report.aspx?eventtype=WF&eventid=1028635
EONET_20059,Wildfire in China 1028649,Wildfires,2026-05-03T19:00:00Z,127.06931833701505,47.65753882975982,https://www.gdacs.org/report.aspx?eventtype=WF&eventid=1028649
EONET_20076,Wildfire in India 1028650,Wildfires,2026-05-03T19:00:00Z,80.76887730675446,16.14502840441099,https://www.gdacs.org/report.aspx?eventtype=WF&eventid=1028650
EONET_19973,"TOWER Wildfire, Kern, California",Wildfires,2026-05-03T18:27:00Z,-118.8036111,35.3644444,https://irwin.doi.gov/observer/incidents/02fcb0b7-d653-47f7-8e76-364b1912d022
EONET_19971,"AFM - Hazen Wildfire, Maricopa, Arizona",Wildfires,2026-05-02T22:36:00Z,-112.612123,33.345111,https://irwin.doi.gov/observer/incidents/653e5c17-7b51-41fe-9039-732fd66fa38a
EONET_19979,"Flood in Kenya, Mongolia 1103868",Floods,2026-05-02T20:00:00Z,39.5503242709742,-1.5327802,https://www.gdacs.org/report.aspx?eventtype=FL&eventid=1103868
EONET_19987,Flood in Uganda 1103869,Floods,2026-05-02T20:00:00Z,34.1026752,0.7407633,https://www.gdacs.org/report.aspx?eventtype=FL&eventid=1103869
EONET_19965,Wildfire in Australia 1028585,Wildfires,2026-05-02T19:00:00Z,122.24867134680905,-21.628684702198726,https://www.gdacs.org/report.aspx?eventtype=WF&eventid=1028585
EONET_20025,Wildfire in The Democratic Republic of Congo 1028610,Wildfires,2026-05-02T19:00:00Z,24.2701782730395,0.10074549333688644,https://www.gdacs.org/report.aspx?eventtype=WF&eventid=1028610
EONET_20026,Wildfire in Mexico 1028618,Wildfires,2026-05-02T19:00:00Z,-104.17187599366487,20.93914350396166,https://www.gdacs.org/report.aspx?eventtype=WF&eventid=1028618
EONET_20077,Wildfire in Russian Federation 1028652,Wildfires,2026-05-02T19:00:00Z,134.1972409572776,46.916690118301226,https://www.gdacs.org/report.aspx?eventtype=WF&eventid=1028652
EONET_19974,"Guide Wildfire, Oglala Lakota, South Dakota",Wildfires,2026-05-02T18:52:00Z,-102.905231,43.266956,https://irwin.doi.gov/observer/incidents/6e4f42df-6466-47b0-bcb6-9b37a461256a
EONET_19960,Flood in Germany 1103862,Floods,2026-05-01T20:00:00Z,6.5623343,51.3331205,https://www.gdacs.org/report.aspx?eventtype=FL&eventid=1103862
EONET_20184,"2026 JBER Prescribed RX Burn Prescribed Fire, Anchorage, Alaska",Wildfires,2026-05-01T19:25:00Z,-149.695544,61.255148,https://irwin.doi.gov/observer/incidents/6b6da824-4d18-4dc5-8b09-a8f981ef5b7a
EONET_19981,Wildfire in Guinea 1028592,Wildfires,2026-05-01T19:00:00Z,-13.702051501273695,11.040158143573121,https://www.gdacs.org/report.aspx?eventtype=WF&eventid=1028592
EONET_19991,Wildfire in Australia 1028600,Wildfires,2026-05-01T19:00:00Z,123.81610269043011,-17.669121729034654,https://www.gdacs.org/report.aspx?eventtype=WF&eventid=1028600
EONET_19975,"Mio Prairie RX Prescribed Fire, Oscoda, Michigan",Wildfires,2026-05-01T14:22:00Z,-84.217672,44.544066,https://irwin.doi.gov/observer/incidents/eb340564-be5b-412f-bd5e-e4c1ea60ced7
EONET_19977,"rx-82 Prescribed Fire, Burnett, Wisconsin",Wildfires,2026-05-01T13:29:00Z,-92.5961834,45.8940373,https://irwin.doi.gov/observer/incidents/d2cb5d0c-bb83-4ca3-9629-cb8c70661ea6
EONET_20008,"Burbank B RX Prescribed Fire, Kandiyohi, Minnesota",Wildfires,2026-05-01T09:58:00Z,-94.919444,45.3875,https://irwin.doi.gov/observer/incidents/e11d1e14-5865-4b40-ab1c-08dc85edaed1
EONET_19961,Flood in Tajikistan 1103861,Floods,2026-04-30T20:00:00Z,70.6134164,40.123264,https://www.gdacs.org/report.aspx?eventtype=FL&eventid=1103861
EONET_19962,Flood in Algeria 1103863,Floods,2026-04-30T20:00:00Z,3.9276122,35.1733735,https://www.gdacs.org/report.aspx?eventtype=FL&eventid=1103863
EONET_19963,Flood in Democratic Republic of Congo 1103864,Floods,2026-04-30T20:00:00Z,29.1375509,-3.4055866,https://www.gdacs.org/report.aspx?eventtype=FL&eventid=1103864
EONET_19964,Flood in South Africa 1103865,Floods,2026-04-30T20:00:00Z,26.1125347,-27.1774223,https://www.gdacs.org/report.aspx?eventtype=FL&eventid=1103865
EONET_19980,Flood in Uzbekistan 1103867,Floods,2026-04-30T20:00:00Z,70.6039542,40.4379858,https://www.gdacs.org/report.aspx?eventtype=FL&eventid=1103867
EONET_19982,Wildfire in Russian Federation 1028593,Wildfires,2026-04-30T19:00:00Z,136.33076148536452,49.422486747503925,https://www.gdacs.org/report.aspx?eventtype=WF&eventid=1028593
EONET_19983,Wildfire in Australia 1028594,Wildfires,2026-04-30T19:00:00Z,123.04010690008734,-17.783947768827105,https://www.gdacs.org/report.aspx?eventtype=WF&eventid=1028594
EONET_20027,Wildfire in Mexico 1028619,Wildfires,2026-04-30T19:00:00Z,-101.46309689304091,18.295845103631944,https://www.gdacs.org/report.aspx?eventtype=WF&eventid=1028619
EONET_20013,"Black Diamond 1B RX Prescribed Fire, Lewis and Clark, Montana",Wildfires,2026-04-30T18:33:00Z,-112.51,46.984333,https://irwin.doi.gov/observer/incidents/385f4abe-aaea-4bbc-9771-0727e0bf1ba9
EONET_19934,"Buzzard Feather Wildfire, Roosevelt, Montana",Wildfires,2026-04-30T12:53:00Z,-105.55355,48.52908,https://irwin.doi.gov/observer/incidents/7c8c6e08-d4be-4ca4-ad5b-1f23ec6373b3
EONET_19978,"Downing RX Prescribed Fire, Mahnomen, Minnesota",Wildfires,2026-04-30T10:25:00Z,-95.991,47.1572,https://irwin.doi.gov/observer/incidents/5d105883-26fe-4f9d-84ef-2ba39798bfe7
EONET_6051,Iceberg C39,Sea and Lake Ice,2022-04-29T00:00:00Z,99.61,-65.68,https://usicecenter.gov/pub/Iceberg_Tabular.csv
EONET_6051,Iceberg C39,Sea and Lake Ice,2023-02-03T00:00:00Z,99.15,-65.16,https://usicecenter.gov/pub/Iceberg_Tabular.csv
EONET_6051,Iceberg C39,Sea and Lake Ice,2023-08-11T00:00:00Z,98.37,-64.78,https://usicecenter.gov/pub/Iceberg_Tabular.csv
EONET_6051,Iceberg C39,Sea and Lake Ice,2025-04-24T00:00:00Z,97.94,-64.27,https://usicecenter.gov/pub/Iceberg_Tabular.csv
EONET_6051,Iceberg C39,Sea and Lake Ice,2025-05-02T00:00:00Z,95.86,-64.34,https://usicecenter.gov/pub/Iceberg_Tabular.csv
EONET_6051,Iceberg C39,Sea and Lake Ice,2025-05-09T00:00:00Z,92.92,-65.05,https://usicecenter.gov/pub/Iceberg_Tabular.csv
EONET_6051,Iceberg C39,Sea and Lake Ice,2025-05-22T00:00:00Z,90.81,-65.46,https://usicecenter.gov/pub/Iceberg_Tabular.csv
EONET_6051,Iceberg C39,Sea and Lake Ice,2025-05-29T00:00:00Z,89.37,-65.8,https://usicecenter.gov/pub/Iceberg_Tabular.csv
EONET_6051,Iceberg C39,Sea and Lake Ice,2025-06-05T00:00:00Z,85.51,-65.96,https://usicecenter.gov/pub/Iceberg_Tabular.csv
EONET_6051,Iceberg C39,Sea and Lake Ice,2025-06-20T00:00:00Z,84.07,-66.28,https://usicecenter.gov/pub/Iceberg_Tabular.csv
EONET_6051,Iceberg C39,Sea and Lake Ice,2025-07-11T00:00:00Z,83.06,-66.03,https://usicecenter.gov/pub/Iceberg_Tabular.csv
EONET_6051,Iceberg C39,Sea and Lake Ice,2025-07-31T00:00:00Z,81.85,-65.8,https://usicecenter.gov/pub/Iceberg_Tabular.csv
EONET_6051,Iceberg C39,Sea and Lake Ice,2025-09-04T00:00:00Z,80.3,-66.17,https://usicecenter.gov/pub/Iceberg_Tabular.csv
EONET_6051,Iceberg C39,Sea and Lake Ice,2025-10-09T00:00:00Z,77.76,-66.56,https://usicecenter.gov/pub/Iceberg_Tabular.csv
EONET_6051,Iceberg C39,Sea and Lake Ice,2025-10-16T00:00:00Z,77.22,-67.03,https://usicecenter.gov/pub/Iceberg_Tabular.csv
EONET_6051,Iceberg C39,Sea and Lake Ice,2025-11-21T00:00:00Z,77.49,-67.7,https://usicecenter.gov/pub/Iceberg_Tabular.csv
EONET_6051,Iceberg C39,Sea and Lake Ice,2026-03-20T00:00:00Z,77.23,-68.31,https://usicecenter.gov/pub/Iceberg_Tabular.csv
EONET_6051,Iceberg C39,Sea and Lake Ice,2026-04-10T00:00:00Z,75.08,-69.16,https://usicecenter.gov/pub/Iceberg_Tabular.csv
EONET_6051,Iceberg C39,Sea and Lake Ice,2026-04-24T00:00:00Z,74.24,-68.81,https://usicecenter.gov/pub/Iceberg_Tabular.csv
EONET_6051,Iceberg C39,Sea and Lake Ice,2026-04-30T00:00:00Z,72.81,-68.52,https://usicecenter.gov/pub/Iceberg_Tabular.csv
EONET_6051,Iceberg C39,Sea and Lake Ice,2026-05-15T00:00:00Z,71.07,-67.48,https://usicecenter.gov/pub/Iceberg_Tabular.csv
EONET_6051,Iceberg C39,Sea and Lake Ice,2026-05-21T00:00:00Z,70.55,-67.01,https://usicecenter.gov/pub/Iceberg_Tabular.csv
EONET_6051,Iceberg C39,Sea and Lake Ice,2026-06-25T00:00:00Z,64.84,-66.81,https://usicecenter.gov/pub/Iceberg_Tabular.csv
EONET_6051,Iceberg C39,Sea and Lake Ice,2026-07-17T00:00:00Z,63.31,-66.72,https://usicecenter.gov/pub/Iceberg_Tabular.csv
EONET_6288,Iceberg D32,Sea and Lake Ice,2022-10-21T00:00:00Z,70.68,-68.36,https://usicecenter.gov/pub/Iceberg_Tabular.csv
EONET_6288,Iceberg D32,Sea and Lake Ice,2022-11-11T00:00:00Z,70.97,-67.87,https://usicecenter.gov/pub/Iceberg_Tabular.csv
EONET_6288,Iceberg D32,Sea and Lake Ice,2022-12-16T00:00:00Z,71.07,-67.25,https://usicecenter.gov/pub/Iceberg_Tabular.csv
EONET_6288,Iceberg D32,Sea and Lake Ice,2023-01-06T00:00:00Z,70.03,-66.78,https://usicecenter.gov/pub/Iceberg_Tabular.csv
EONET_6288,Iceberg D32,Sea and Lake Ice,2023-01-20T00:00:00Z,68.02,-67.02,https://usicecenter.gov/pub/Iceberg_Tabular.csv
EONET_6288,Iceberg D32,Sea and Lake Ice,2023-02-03T00:00:00Z,66.44,-66.69,https://usicecenter.gov/pub/Iceberg_Tabular.csv
EONET_6288,Iceberg D32,Sea and Lake Ice,2023-03-10T00:00:00Z,64.91,-66.73,https://usicecenter.gov/pub/Iceberg_Tabular.csv
EONET_6288,Iceberg D32,Sea and Lake Ice,2023-04-14T00:00:00Z,61.47,-66.79,https://usicecenter.gov/pub/Iceberg_Tabular.csv
EONET_6288,Iceberg D32,Sea and Lake Ice,2023-04-21T00:00:00Z,59.41,-66.63,https://usicecenter.gov/pub/Iceberg_Tabular.csv
EONET_6288,Iceberg D32,Sea and Lake Ice,2023-04-28T00:00:00Z,57.37,-65.95,https://usicecenter.gov/pub/Iceberg_Tabular.csv
EONET_6288,Iceberg D32,Sea and Lake Ice,2023-05-05T00:00:00Z,55.56,-65.65,https://usicecenter.gov/pub/Iceberg_Tabular.csv
EONET_6288,Iceberg D32,Sea and Lake Ice,2023-12-08T00:00:00Z,53.8,-65.41,https://usicecenter.gov/pub/Iceberg_Tabular.csv
EONET_6288,Iceberg D32,Sea and Lake Ice,2024-02-02T00:00:00Z,52.63,-65.21,https://usicecenter.gov/pub/Iceberg_Tabular.csv
EONET_6288,Iceberg D32,Sea and Lake Ice,2024-02-23T00:00:00Z,51.95,-64.71,https://usicecenter.gov/pub/Iceberg_Tabular.csv
EONET_6288,Iceberg D32,Sea and Lake Ice,2024-03-15T00:00:00Z,50.88,-64.61,https://usicecenter.gov/pub/Iceberg_Tabular.csv
EONET_6288,Iceberg D32,Sea and Lake Ice,2024-03-29T00:00:00Z,50.49,-65.03,https://usicecenter.gov/pub/Iceberg_Tabular.csv
EONET_6288,Iceberg D32,Sea and Lake Ice,2024-12-13T00:00:00Z,-2.1,-69.95,https://usicecenter.gov/pub/Iceberg_Tabular.csv
EONET_6288,Iceberg D32,Sea and Lake Ice,2024-12-26T00:00:00Z,-4.13,-70.05,https://usicecenter.gov/pub/Iceberg_Tabular.csv
EONET_6288,Iceberg D32,Sea and Lake Ice,2025-01-31T00:00:00Z,-6.05,-70.14,https://usicecenter.gov/pub/Iceberg_Tabular.csv
EONET_6288,Iceberg D32,Sea and Lake Ice,2025-02-06T00:00:00Z,-7.56,-70.37,https://usicecenter.gov/pub/Iceberg_Tabular.csv
EONET_6288,Iceberg D32,Sea and Lake Ice,2025-02-14T00:00:00Z,-8.92,-70.41,https://usicecenter.gov/pub/Iceberg_Tabular.csv
EONET_6288,Iceberg D32,Sea and Lake Ice,2025-02-21T00:00:00Z,-9.94,-70.73,https://usicecenter.gov/pub/Iceberg_Tabular.csv
EONET_6288,Iceberg D32,Sea and Lake Ice,2025-04-18T00:00:00Z,-12.58,-71.18,https://usicecenter.gov/pub/Iceberg_Tabular.csv
EONET_6288,Iceberg D32,Sea and Lake Ice,2025-04-24T00:00:00Z,-16.28,-71.88,https://usicecenter.gov/pub/Iceberg_Tabular.csv
EONET_6288,Iceberg D32,Sea and Lake Ice,2025-05-02T00:00:00Z,-20.64,-73.06,https://usicecenter.gov/pub/Iceberg_Tabular.csv
EONET_6288,Iceberg D32,Sea and Lake Ice,2025-05-09T00:00:00Z,-15.13,-71.95,https://usicecenter.gov/pub/Iceberg_Tabular.csv
EONET_6288,Iceberg D32,Sea and Lake Ice,2025-05-16T00:00:00Z,-27.02,-74.01,https://usicecenter.gov/pub/Iceberg_Tabular.csv
EONET_6288,Iceberg D32,Sea and Lake Ice,2025-05-29T00:00:00Z,-28.57,-72.77,https://usicecenter.gov/pub/Iceberg_Tabular.csv
EONET_6288,Iceberg D32,Sea and Lake Ice,2025-06-12T00:00:00Z,-28.37,-71.38,https://usicecenter.gov/pub/Iceberg_Tabular.csv
EONET_6288,Iceberg D32,Sea and Lake Ice,2025-07-31T00:00:00Z,-29.29,-71.86,https://usicecenter.gov/pub/Iceberg_Tabular.csv
EONET_6288,Iceberg D32,Sea and Lake Ice,2025-08-14T00:00:00Z,-30.55,-71.56,https://usicecenter.gov/pub/Iceberg_Tabular.csv
EONET_6288,Iceberg D32,Sea and Lake Ice,2025-08-21T00:00:00Z,-32.4,-71.17,https://usicecenter.gov/pub/Iceberg_Tabular.csv
EONET_6288,Iceberg D32,Sea and Lake Ice,2025-08-28T00:00:00Z,-33.47,-70.84,https://usicecenter.gov/pub/Iceberg_Tabular.csv
EONET_6288,Iceberg D32,Sea and Lake Ice,2025-09-11T00:00:00Z,-34.14,-69.74,https://usicecenter.gov/pub/Iceberg_Tabular.csv
EONET_6288,Iceberg D32,Sea and Lake Ice,2025-09-18T00:00:00Z,-33.22,-69.25,https://usicecenter.gov/pub/Iceberg_Tabular.csv
EONET_6288,Iceberg D32,Sea and Lake Ice,2025-10-09T00:00:00Z,-33.3,-68.6,https://usicecenter.gov/pub/Iceberg_Tabular.csv
EONET_6288,Iceberg D32,Sea and Lake Ice,2025-10-16T00:00:00Z,-34.27,-68.9,https://usicecenter.gov/pub/Iceberg_Tabular.csv
EONET_6288,Iceberg D32,Sea and Lake Ice,2025-10-31T00:00:00Z,-34.42,-68.41,https://usicecenter.gov/pub/Iceberg_Tabular.csv
EONET_6288,Iceberg D32,Sea and Lake Ice,2025-11-07T00:00:00Z,-35.47,-68.83,https://usicecenter.gov/pub/Iceberg_Tabular.csv
EONET_6288,Iceberg D32,Sea and Lake Ice,2025-11-21T00:00:00Z,-37.95,-69.03,https://usicecenter.gov/pub/Iceberg_Tabular.csv
EONET_6288,Iceberg D32,Sea and Lake Ice,2025-12-05T00:00:00Z,-39.6,-68.65,https://usicecenter.gov/pub/Iceberg_Tabular.csv
EONET_6288,Iceberg D32,Sea and Lake Ice,2026-01-02T00:00:00Z,-41.1,-68.86,https://usicecenter.gov/pub/Iceberg_Tabular.csv
EONET_6288,Iceberg D32,Sea and Lake Ice,2026-01-09T00:00:00Z,-42.29,-68.35,https://usicecenter.gov/pub/Iceberg_Tabular.csv
EONET_6288,Iceberg D32,Sea and Lake Ice,2026-01-23T00:00:00Z,-43.21,-67.73,https://usicecenter.gov/pub/Iceberg_Tabular.csv
EONET_6288,Iceberg D32,Sea and Lake Ice,2026-02-13T00:00:00Z,-44.33,-67.13,https://usicecenter.gov/pub/Iceberg_Tabular.csv
EONET_6288,Iceberg D32,Sea and Lake Ice,2026-02-26T00:00:00Z,-45.65,-66.8,https://usicecenter.gov/pub/Iceberg_Tabular.csv
EONET_6288,Iceberg D32,Sea and Lake Ice,2026-03-26T00:00:00Z,-46.3,-66.25,https://usicecenter.gov/pub/Iceberg_Tabular.csv
EONET_6288,Iceberg D32,Sea and Lake Ice,2026-04-10T00:00:00Z,-47.66,-66.36,https://usicecenter.gov/pub/Iceberg_Tabular.csv
EONET_6288,Iceberg D32,Sea and Lake Ice,2026-04-30T00:00:00Z,-46.48,-66.16,https://usicecenter.gov/pub/Iceberg_Tabular.csv
EONET_6288,Iceberg D32,Sea and Lake Ice,2026-05-08T00:00:00Z,-47.34,-65.5,https://usicecenter.gov/pub/Iceberg_Tabular.csv
EONET_6288,Iceberg D32,Sea and Lake Ice,2026-05-21T00:00:00Z,-47.22,-64.74,https://usicecenter.gov/pub/Iceberg_Tabular.csv
EONET_6288,Iceberg D32,Sea and Lake Ice,2026-05-29T00:00:00Z,-46.87,-64.24,https://usicecenter.gov/pub/Iceberg_Tabular.csv
EONET_6288,Iceberg D32,Sea and Lake Ice,2026-06-05T00:00:00Z,-45.99,-63.86,https://usicecenter.gov/pub/Iceberg_Tabular.csv
EONET_6288,Iceberg D32,Sea and Lake Ice,2026-06-12T00:00:00Z,-44.2,-63.51,https://usicecenter.gov/pub/Iceberg_Tabular.csv
EONET_6288,Iceberg D32,Sea and Lake Ice,2026-06-25T00:00:00Z,-43.03,-62.46,https://usicecenter.gov/pub/Iceberg_Tabular.csv
EONET_6288,Iceberg D32,Sea and Lake Ice,2026-07-03T00:00:00Z,-41.25,-62.03,https://usicecenter.gov/pub/Iceberg_Tabular.csv
EONET_6288,Iceberg D32,Sea and Lake Ice,2026-07-10T00:00:00Z,-39.44,-61.65,https://usicecenter.gov/pub/Iceberg_Tabular.csv
EONET_6288,Iceberg D32,Sea and Lake Ice,2026-07-17T00:00:00Z,-39.28,-61.03,https://usicecenter.gov/pub/Iceberg_Tabular.csv
EONET_6288,Iceberg D32,Sea and Lake Ice,2026-07-23T00:00:00Z,-38.6,-60.68,https://usicecenter.gov/pub/Iceberg_Tabular.csv
EONET_6320,Iceberg A81,Sea and Lake Ice,2023-01-27T00:00:00Z,-27.16,-75.66,https://usicecenter.gov/pub/Iceberg_Tabular.csv
EONET_6320,Iceberg A81,Sea and Lake Ice,2023-02-24T00:00:00Z,-28.83,-76.01,https://usicecenter.gov/pub/Iceberg_Tabular.csv
EONET_6320,Iceberg A81,Sea and Lake Ice,2023-03-10T00:00:00Z,-30.79,-76.37,https://usicecenter.gov/pub/Iceberg_Tabular.csv
EONET_6320,Iceberg A81,Sea and Lake Ice,2023-03-31T00:00:00Z,-33.68,-76.8,https://usicecenter.gov/pub/Iceberg_Tabular.csv
EONET_6320,Iceberg A81,Sea and Lake Ice,2023-04-07T00:00:00Z,-34.92,-77.18,https://usicecenter.gov/pub/Iceberg_Tabular.csv
EONET_6320,Iceberg A81,Sea and Lake Ice,2023-04-28T00:00:00Z,-36.06,-77.59,https://usicecenter.gov/pub/Iceberg_Tabular.csv
EONET_6320,Iceberg A81,Sea and Lake Ice,2023-05-26T00:00:00Z,-38.53,-77.69,https://usicecenter.gov/pub/Iceberg_Tabular.csv
EONET_6320,Iceberg A81,Sea and Lake Ice,2023-06-15T00:00:00Z,-40.51,-77.54,https://usicecenter.gov/pub/Iceberg_Tabular.csv
EONET_6320,Iceberg A81,Sea and Lake Ice,2023-07-14T00:00:00Z,-42.95,-77.38,https://usicecenter.gov/pub/Iceberg_Tabular.csv
EONET_6320,Iceberg A81,Sea and Lake Ice,2023-07-28T00:00:00Z,-39.22,-77.69,https://usicecenter.gov/pub/Iceberg_Tabular.csv
EONET_6320,Iceberg A81,Sea and Lake Ice,2023-08-04T00:00:00Z,-44.49,-77.08,https://usicecenter.gov/pub/Iceberg_Tabular.csv
EONET_6320,Iceberg A81,Sea and Lake Ice,2023-09-22T00:00:00Z,-45.63,-76.69,https://usicecenter.gov/pub/Iceberg_Tabular.csv
EONET_6320,Iceberg A81,Sea and Lake Ice,2023-10-26T00:00:00Z,-48.51,-76.47,https://usicecenter.gov/pub/Iceberg_Tabular.csv
EONET_6320,Iceberg A81,Sea and Lake Ice,2024-03-07T00:00:00Z,-47.68,-75.98,https://usicecenter.gov/pub/Iceberg_Tabular.csv
EONET_6320,Iceberg A81,Sea and Lake Ice,2024-12-13T00:00:00Z,-57.72,-69.42,https://usicecenter.gov/pub/Iceberg_Tabular.csv
EONET_6320,Iceberg A81,Sea and Lake Ice,2025-02-21T00:00:00Z,-58.91,-69.67,https://usicecenter.gov/pub/Iceberg_Tabular.csv
EONET_6320,Iceberg A81,Sea and Lake Ice,2025-03-13T00:00:00Z,-58.84,-69.19,https://usicecenter.gov/pub/Iceberg_Tabular.csv
EONET_6320,Iceberg A81,Sea and Lake Ice,2025-04-04T00:00:00Z,-58.84,-68.7,https://usicecenter.gov/pub/Iceberg_Tabular.csv
EONET_6320,Iceberg A81,Sea and Lake Ice,2025-05-22T00:00:00Z,-58.15,-68.31,https://usicecenter.gov/pub/Iceberg_Tabular.csv
EONET_6320,Iceberg A81,Sea and Lake Ice,2025-07-18T00:00:00Z,-58.19,-67.72,https://usicecenter.gov/pub/Iceberg_Tabular.csv
EONET_6320,Iceberg A81,Sea and Lake Ice,2025-08-08T00:00:00Z,-58.02,-67.14,https://usicecenter.gov/pub/Iceberg_Tabular.csv
EONET_6320,Iceberg A81,Sea and Lake Ice,2025-09-04T00:00:00Z,-58.34,-66.69,https://usicecenter.gov/pub/Iceberg_Tabular.csv
EONET_6320,Iceberg A81,Sea and Lake Ice,2025-10-09T00:00:00Z,-58.33,-65.8,https://usicecenter.gov/pub/Iceberg_Tabular.csv
EONET_6320,Iceberg A81,Sea and Lake Ice,2025-11-14T00:00:00Z,-57.93,-65.3,https://usicecenter.gov/pub/Iceberg_Tabular.csv
EONET_6320,Iceberg A81,Sea and Lake Ice,2026-01-09T00:00:00Z,-58.32,-64.87,https://usicecenter.gov/pub/Iceberg_Tabular.csv
EONET_6320,Iceberg A81,Sea and Lake Ice,2026-04-03T00:00:00Z,-57.15,-64.82,https://usicecenter.gov/pub/Iceberg_Tabular.csv
EONET_6320,Iceberg A81,Sea and Lake Ice,2026-04-30T00:00:00Z,-55.34,-64.4,https://usicecenter.gov/pub/Iceberg_Tabular.csv
EONET_6320,Iceberg A81,Sea and Lake Ice,2026-05-21T00:00:00Z,-54.54,-63.9,https://usicecenter.gov/pub/Iceberg_Tabular.csv
EONET_6320,Iceberg A81,Sea and Lake Ice,2026-05-29T00:00:00Z,-53.69,-63.61,https://usicecenter.gov/pub/Iceberg_Tabular.csv
EONET_6320,Iceberg A81,Sea and Lake Ice,2026-06-18T00:00:00Z,-53.58,-63.0,https://usicecenter.gov/pub/Iceberg_Tabular.csv
EONET_6320,Iceberg A81,Sea and Lake Ice,2026-06-25T00:00:00Z,-54.2,-62.4,https://usicecenter.gov/pub/Iceberg_Tabular.csv
EONET_6320,Iceberg A81,Sea and Lake Ice,2026-07-03T00:00:00Z,-53.25,-61.86,https://usicecenter.gov/pub/Iceberg_Tabular.csv
EONET_6320,Iceberg A81,Sea and Lake Ice,2026-07-10T00:00:00Z,-52.3,-61.23,https://usicecenter.gov/pub/Iceberg_Tabular.csv
EONET_6320,Iceberg A81,Sea and Lake Ice,2026-07-17T00:00:00Z,-53.39,-61.22,https://usicecenter.gov/pub/Iceberg_Tabular.csv
EONET_6320,Iceberg A81,Sea and Lake Ice,2026-07-23T00:00:00Z,-52.82,-60.7,https://usicecenter.gov/pub/Iceberg_Tabular.csv
EONET_6510,Iceberg D33C,Sea and Lake Ice,2024-04-19T00:00:00Z,-20.02,-75.52,https://usicecenter.gov/pub/Iceberg_Tabular.csv
EONET_6510,Iceberg D33C,Sea and Lake Ice,2024-12-13T00:00:00Z,-53.96,-71.34,https://usicecenter.gov/pub/Iceberg_Tabular.csv
EONET_6510,Iceberg D33C,Sea and Lake Ice,2025-01-10T00:00:00Z,-55.73,-70.63,https://usicecenter.gov/pub/Iceberg_Tabular.csv
EONET_6510,Iceberg D33C,Sea and Lake Ice,2025-02-14T00:00:00Z,-57.47,-70.73,https://usicecenter.gov/pub/Iceberg_Tabular.csv
EONET_6510,Iceberg D33C,Sea and Lake Ice,2025-03-27T00:00:00Z,-57.93,-70.13,https://usicecenter.gov/pub/Iceberg_Tabular.csv
EONET_6510,Iceberg D33C,Sea and Lake Ice,2025-04-24T00:00:00Z,-58.36,-69.66,https://usicecenter.gov/pub/Iceberg_Tabular.csv
EONET_6510,Iceberg D33C,Sea and Lake Ice,2025-07-04T00:00:00Z,-58.53,-69.18,https://usicecenter.gov/pub/Iceberg_Tabular.csv
EONET_6510,Iceberg D33C,Sea and Lake Ice,2025-07-31T00:00:00Z,-58.31,-68.5,https://usicecenter.gov/pub/Iceberg_Tabular.csv
EONET_6510,Iceberg D33C,Sea and Lake Ice,2025-08-21T00:00:00Z,-58.42,-67.9,https://usicecenter.gov/pub/Iceberg_Tabular.csv
EONET_6510,Iceberg D33C,Sea and Lake Ice,2025-09-18T00:00:00Z,-58.3,-67.39,https://usicecenter.gov/pub/Iceberg_Tabular.csv
EONET_6510,Iceberg D33C,Sea and Lake Ice,2025-10-16T00:00:00Z,-58.34,-66.61,https://usicecenter.gov/pub/Iceberg_Tabular.csv
EONET_6510,Iceberg D33C,Sea and Lake Ice,2025-11-14T00:00:00Z,-58.17,-66.14,https://usicecenter.gov/pub/Iceberg_Tabular.csv
EONET_6510,Iceberg D33C,Sea and Lake Ice,2026-04-17T00:00:00Z,-58.13,-65.63,https://usicecenter.gov/pub/Iceberg_Tabular.csv
EONET_6510,Iceberg D33C,Sea and Lake Ice,2026-04-30T00:00:00Z,-57.72,-65.21,https://usicecenter.gov/pub/Iceberg_Tabular.csv
EONET_6510,Iceberg D33C,Sea and Lake Ice,2026-05-21T00:00:00Z,-56.29,-64.84,https://usicecenter.gov/pub/Iceberg_Tabular.csv
EONET_6510,Iceberg D33C,Sea and Lake Ice,2026-06-12T00:00:00Z,-54.73,-64.32,https://usicecenter.gov/pub/Iceberg_Tabular.csv
EONET_6510,Iceberg D33C,Sea and Lake Ice,2026-06-25T00:00:00Z,-54.21,-63.63,https://usicecenter.gov/pub/Iceberg_Tabular.csv
EONET_6510,Iceberg D33C,Sea and Lake Ice,2026-07-10T00:00:00Z,-53.2,-63.34,https://usicecenter.gov/pub/Iceberg_Tabular.csv
EONET_6523,Iceberg A83,Sea and Lake Ice,2024-05-24T00:00:00Z,-25.55,-75.37,https://earthobservatory.nasa.gov/images/152848/antarctic-ice-shelf-spawns-iceberg-a-83
EONET_6523,Iceberg A83,Sea and Lake Ice,2024-12-13T00:00:00Z,-28.6,-76.09,https://earthobservatory.nasa.gov/images/152848/antarctic-ice-shelf-spawns-iceberg-a-83
EONET_6523,Iceberg A83,Sea and Lake Ice,2025-01-23T00:00:00Z,-30.23,-76.37,https://earthobservatory.nasa.gov/images/152848/antarctic-ice-shelf-spawns-iceberg-a-83
EONET_6523,Iceberg A83,Sea and Lake Ice,2025-02-14T00:00:00Z,-33.21,-76.88,https://earthobservatory.nasa.gov/images/152848/antarctic-ice-shelf-spawns-iceberg-a-83
EONET_6523,Iceberg A83,Sea and Lake Ice,2025-02-21T00:00:00Z,-34.86,-77.38,https://earthobservatory.nasa.gov/images/152848/antarctic-ice-shelf-spawns-iceberg-a-83
EONET_6523,Iceberg A83,Sea and Lake Ice,2025-04-04T00:00:00Z,-38.7,-77.4,https://earthobservatory.nasa.gov/images/152848/antarctic-ice-shelf-spawns-iceberg-a-83
EONET_6523,Iceberg A83,Sea and Lake Ice,2025-04-24T00:00:00Z,-40.37,-76.79,https://earthobservatory.nasa.gov/images/152848/antarctic-ice-shelf-spawns-iceberg-a-83
EONET_6523,Iceberg A83,Sea and Lake Ice,2025-05-02T00:00:00Z,-41.65,-77.15,https://earthobservatory.nasa.gov/images/152848/antarctic-ice-shelf-spawns-iceberg-a-83
EONET_6523,Iceberg A83,Sea and Lake Ice,2025-05-22T00:00:00Z,-42.16,-76.2,https://earthobservatory.nasa.gov/images/152848/antarctic-ice-shelf-spawns-iceberg-a-83
EONET_6523,Iceberg A83,Sea and Lake Ice,2025-05-29T00:00:00Z,-41.21,-75.59,https://earthobservatory.nasa.gov/images/152848/antarctic-ice-shelf-spawns-iceberg-a-83
EONET_6523,Iceberg A83,Sea and Lake Ice,2025-06-05T00:00:00Z,-40.74,-74.82,https://earthobservatory.nasa.gov/images/152848/antarctic-ice-shelf-spawns-iceberg-a-83
EONET_6523,Iceberg A83,Sea and Lake Ice,2025-06-12T00:00:00Z,-40.94,-74.12,https://earthobservatory.nasa.gov/images/152848/antarctic-ice-shelf-spawns-iceberg-a-83
EONET_6523,Iceberg A83,Sea and Lake Ice,2025-06-20T00:00:00Z,-41.21,-73.63,https://earthobservatory.nasa.gov/images/152848/antarctic-ice-shelf-spawns-iceberg-a-83
EONET_6523,Iceberg A83,Sea and Lake Ice,2025-07-31T00:00:00Z,-43.33,-73.76,https://earthobservatory.nasa.gov/images/152848/antarctic-ice-shelf-spawns-iceberg-a-83
EONET_6523,Iceberg A83,Sea and Lake Ice,2025-08-08T00:00:00Z,-43.92,-73.29,https://earthobservatory.nasa.gov/images/152848/antarctic-ice-shelf-spawns-iceberg-a-83
EONET_6523,Iceberg A83,Sea and Lake Ice,2025-08-21T00:00:00Z,-45.89,-72.6,https://earthobservatory.nasa.gov/images/152848/antarctic-ice-shelf-spawns-iceberg-a-83
EONET_6523,Iceberg A83,Sea and Lake Ice,2025-08-28T00:00:00Z,-45.93,-72.1,https://earthobservatory.nasa.gov/images/152848/antarctic-ice-shelf-spawns-iceberg-a-83
EONET_6523,Iceberg A83,Sea and Lake Ice,2025-09-11T00:00:00Z,-46.02,-71.05,https://earthobservatory.nasa.gov/images/152848/antarctic-ice-shelf-spawns-iceberg-a-83
EONET_6523,Iceberg A83,Sea and Lake Ice,2025-09-26T00:00:00Z,-46.21,-70.53,https://earthobservatory.nasa.gov/images/152848/antarctic-ice-shelf-spawns-iceberg-a-83
EONET_6523,Iceberg A83,Sea and Lake Ice,2025-10-16T00:00:00Z,-48.39,-70.12,https://earthobservatory.nasa.gov/images/152848/antarctic-ice-shelf-spawns-iceberg-a-83
EONET_6523,Iceberg A83,Sea and Lake Ice,2025-11-14T00:00:00Z,-50.1,-70.05,https://earthobservatory.nasa.gov/images/152848/antarctic-ice-shelf-spawns-iceberg-a-83
EONET_6523,Iceberg A83,Sea and Lake Ice,2025-11-21T00:00:00Z,-50.78,-69.41,https://earthobservatory.nasa.gov/images/152848/antarctic-ice-shelf-spawns-iceberg-a-83
EONET_6523,Iceberg A83,Sea and Lake Ice,2025-12-26T00:00:00Z,-51.5,-69.85,https://earthobservatory.nasa.gov/images/152848/antarctic-ice-shelf-spawns-iceberg-a-83
EONET_6523,Iceberg A83,Sea and Lake Ice,2026-01-09T00:00:00Z,-52.2,-69.19,https://earthobservatory.nasa.gov/images/152848/antarctic-ice-shelf-spawns-iceberg-a-83
EONET_6523,Iceberg A83,Sea and Lake Ice,2026-02-06T00:00:00Z,-51.87,-68.55,https://earthobservatory.nasa.gov/images/152848/antarctic-ice-shelf-spawns-iceberg-a-83
EONET_6523,Iceberg A83,Sea and Lake Ice,2026-02-13T00:00:00Z,-52.31,-68.11,https://earthobservatory.nasa.gov/images/152848/antarctic-ice-shelf-spawns-iceberg-a-83
EONET_6523,Iceberg A83,Sea and Lake Ice,2026-03-13T00:00:00Z,-52.08,-67.48,https://earthobservatory.nasa.gov/images/152848/antarctic-ice-shelf-spawns-iceberg-a-83
EONET_6523,Iceberg A83,Sea and Lake Ice,2026-04-17T00:00:00Z,-53.11,-67.13,https://earthobservatory.nasa.gov/images/152848/antarctic-ice-shelf-spawns-iceberg-a-83
EONET_6523,Iceberg A83,Sea and Lake Ice,2026-04-30T00:00:00Z,-53.18,-66.53,https://earthobservatory.nasa.gov/images/152848/antarctic-ice-shelf-spawns-iceberg-a-83
EONET_6523,Iceberg A83,Sea and Lake Ice,2026-05-08T00:00:00Z,-53.35,-65.97,https://earthobservatory.nasa.gov/images/152848/antarctic-ice-shelf-spawns-iceberg-a-83
EONET_6523,Iceberg A83,Sea and Lake Ice,2026-05-21T00:00:00Z,-53.69,-65.1,https://earthobservatory.nasa.gov/images/152848/antarctic-ice-shelf-spawns-iceberg-a-83
EONET_6523,Iceberg A83,Sea and Lake Ice,2026-06-05T00:00:00Z,-53.92,-64.46,https://earthobservatory.nasa.gov/images/152848/antarctic-ice-shelf-spawns-iceberg-a-83
EONET_6523,Iceberg A83,Sea and Lake Ice,2026-06-12T00:00:00Z,-53.03,-64.2,https://earthobservatory.nasa.gov/images/152848/antarctic-ice-shelf-spawns-iceberg-a-83
EONET_6523,Iceberg A83,Sea and Lake Ice,2026-06-25T00:00:00Z,-52.58,-63.77,https://earthobservatory.nasa.gov/images/152848/antarctic-ice-shelf-spawns-iceberg-a-83
EONET_6523,Iceberg A83,Sea and Lake Ice,2026-07-03T00:00:00Z,-51.39,-63.54,https://earthobservatory.nasa.gov/images/152848/antarctic-ice-shelf-spawns-iceberg-a-83
EONET_6523,Iceberg A83,Sea and Lake Ice,2026-07-10T00:00:00Z,-50.29,-63.01,https://earthobservatory.nasa.gov/images/152848/antarctic-ice-shelf-spawns-iceberg-a-83
EONET_6523,Iceberg A83,Sea and Lake Ice,2026-07-17T00:00:00Z,-50.85,-62.63,https://earthobservatory.nasa.gov/images/152848/antarctic-ice-shelf-spawns-iceberg-a-83
EONET_14284,Iceberg B22H,Sea and Lake Ice,2025-07-11T12:00:00Z,-168.78,-73.71,https://usicecenter.gov/pub/Iceberg_Tabular.csv
EONET_14284,Iceberg B22H,Sea and Lake Ice,2025-07-31T00:00:00Z,-169.13,-73.22,https://usicecenter.gov/pub/Iceberg_Tabular.csv
EONET_14284,Iceberg B22H,Sea and Lake Ice,2025-08-21T00:00:00Z,-170.77,-72.46,https://usicecenter.gov/pub/Iceberg_Tabular.csv
EONET_14284,Iceberg B22H,Sea and Lake Ice,2025-09-04T00:00:00Z,-172.24,-72.05,https://usicecenter.gov/pub/Iceberg_Tabular.csv
EONET_14284,Iceberg B22H,Sea and Lake Ice,2025-09-18T00:00:00Z,-173.86,-71.78,https://usicecenter.gov/pub/Iceberg_Tabular.csv
EONET_14284,Iceberg B22H,Sea and Lake Ice,2025-10-09T00:00:00Z,-175.09,-71.46,https://usicecenter.gov/pub/Iceberg_Tabular.csv
EONET_14284,Iceberg B22H,Sea and Lake Ice,2025-10-23T00:00:00Z,-176.33,-71.23,https://usicecenter.gov/pub/Iceberg_Tabular.csv
EONET_14284,Iceberg B22H,Sea and Lake Ice,2025-11-28T00:00:00Z,-178.04,-71.04,https://usicecenter.gov/pub/Iceberg_Tabular.csv
EONET_14284,Iceberg B22H,Sea and Lake Ice,2026-01-02T00:00:00Z,-178.98,-71.47,https://usicecenter.gov/pub/Iceberg_Tabular.csv
EONET_14284,Iceberg B22H,Sea and Lake Ice,2026-03-06T00:00:00Z,-178.51,-71.91,https://usicecenter.gov/pub/Iceberg_Tabular.csv
EONET_14284,Iceberg B22H,Sea and Lake Ice,2026-03-20T00:00:00Z,-179.77,-72.28,https://usicecenter.gov/pub/Iceberg_Tabular.csv
EONET_14284,Iceberg B22H,Sea and Lake Ice,2026-04-10T00:00:00Z,178.02,-72.46,https://usicecenter.gov/pub/Iceberg_Tabular.csv
EONET_14284,Iceberg B22H,Sea and Lake Ice,2026-04-24T00:00:00Z,176.25,-72.13,https://usicecenter.gov/pub/Iceberg_Tabular.csv
EONET_14284,Iceberg B22H,Sea and Lake Ice,2026-04-30T00:00:00Z,174.5,-71.85,https://usicecenter.gov/pub/Iceberg_Tabular.csv
EONET_14284,Iceberg B22H,Sea and Lake Ice,2026-05-08T00:00:00Z,171.94,-71.42,https://usicecenter.gov/pub/Iceberg_Tabular.csv
EONET_14284,Iceberg B22H,Sea and Lake Ice,2026-05-15T00:00:00Z,169.5,-70.62,https://usicecenter.gov/pub/Iceberg_Tabular.csv
EONET_14284,Iceberg B22H,Sea and Lake Ice,2026-05-21T00:00:00Z,167.53,-70.24,https://usicecenter.gov/pub/Iceberg_Tabular.csv
EONET_14284,Iceberg B22H,Sea and Lake Ice,2026-06-05T00:00:00Z,165.49,-69.93,https://usicecenter.gov/pub/Iceberg_Tabular.csv
EONET_14284,Iceberg B22H,Sea and Lake Ice,2026-06-12T00:00:00Z,164.3,-70.23,https://usicecenter.gov/pub/Iceberg_Tabular.csv
EONET_19949,Wildfire in Russian Federation 1028574,Wildfires,2026-04-29T19:00:00Z,134.3056389564326,48.41394139080057,https://www.gdacs.org/report.aspx?eventtype=WF&eventid=1028574
EONET_19954,Wildfire in Russian Federation 1028580,Wildfires,2026-04-29T19:00:00Z,131.64045697436202,44.88201485248318,https://www.gdacs.org/report.aspx?eventtype=WF&eventid=1028580
EONET_19957,Wildfire in Australia 1028583,Wildfires,2026-04-29T19:00:00Z,124.56184216577188,-17.290229986047045,https://www.gdacs.org/report.aspx?eventtype=WF&eventid=1028583
EONET_19966,Wildfire in Ethiopia 1028584,Wildfires,2026-04-29T19:00:00Z,33.60600783302213,8.026360137605812,https://www.gdacs.org/report.aspx?eventtype=WF&eventid=1028584
EONET_19967,Wildfire in Australia 1028586,Wildfires,2026-04-29T19:00:00Z,124.98610860231332,-17.19112218358584,https://www.gdacs.org/report.aspx?eventtype=WF&eventid=1028586
EONET_19984,Wildfire in Australia 1028595,Wildfires,2026-04-29T19:00:00Z,124.26050122838579,-17.165702696746084,https://www.gdacs.org/report.aspx?eventtype=WF&eventid=1028595
EONET_19936,"Crow Creek Wildfire, Colfax, New Mexico",Wildfires,2026-04-29T17:05:00Z,-104.58001,36.64531,https://irwin.doi.gov/observer/incidents/35f3e84d-944f-40d9-ad29-93119c8d76e8
EONET_19941,"rx-Millville Oak Woodlands SNA South Prescribed Fire, Grant, Wisconsin",Wildfires,2026-04-29T12:13:00Z,-90.929398,43.039137,https://irwin.doi.gov/observer/incidents/b7ddf397-5498-4cc6-a149-4025df6250dd
EONET_20265,"LaCreek NWR Pool RX Prescribed Fire, Bennett, South Dakota",Wildfires,2026-04-29T12:01:00Z,-101.533,43.142,https://irwin.doi.gov/observer/incidents/c6673dba-73bc-43fb-bb73-29c2c833b4a1
EONET_19976,"Ogden Bay RX Prescribed Fire, Weber, Utah",Wildfires,2026-04-29T09:51:00Z,-112.16423,41.204062,https://irwin.doi.gov/observer/incidents/bba3b43d-3d80-4352-8eab-82bee0264614
EONET_19942,"Rx Parker 3877 Prescribed Fire, Parker, Texas",Wildfires,2026-04-29T09:10:00Z,-98.04277778,32.85722222,https://irwin.doi.gov/observer/incidents/e1d74cce-a01c-495c-bc7c-88480c4babd2
EONET_19940,"Sparks Wildfire, Quay, New Mexico",Wildfires,2026-04-28T20:06:00Z,-104.055975,34.846208,https://irwin.doi.gov/observer/incidents/92a5fa4c-e9ae-4372-9e1b-2f7732b1c785
EONET_19943,Flood in India 1103858,Floods,2026-04-28T20:00:00Z,77.6046868,12.983343,https://www.gdacs.org/report.aspx?eventtype=FL&eventid=1103858
EONET_19928,Wildfire in Russian Federation 1028569,Wildfires,2026-04-28T19:00:00Z,130.09666606111776,49.21485692805561,https://www.gdacs.org/report.aspx?eventtype=WF&eventid=1028569
EONET_19929,Wildfire in Brazil 1028570,Wildfires,2026-04-28T19:00:00Z,-53.03536535748598,-18.070947369464598,https://www.gdacs.org/report.aspx?eventtype=WF&eventid=1028570
EONET_19950,Wildfire in Russian Federation 1028575,Wildfires,2026-04-28T19:00:00Z,130.32793102278194,49.2755929864765,https://www.gdacs.org/report.aspx?eventtype=WF&eventid=1028575
EONET_19951,Wildfire in Australia 1028576,Wildfires,2026-04-28T19:00:00Z,151.11734162201452,-23.62391603687632,https://www.gdacs.org/report.aspx?eventtype=WF&eventid=1028576
EONET_19939,"SHADY GROVE Wildfire, Russell, Alabama",Wildfires,2026-04-28T17:35:00Z,-85.3177778,32.2958333,https://irwin.doi.gov/observer/incidents/91d433f7-b2e5-41db-9e27-f15733e84abe
EONET_19926,Flood in Bangladesh 1103853,Floods,2026-04-27T20:00:00Z,91.7630179,24.4880817,https://www.gdacs.org/report.aspx?eventtype=FL&eventid=1103853
EONET_19927,Flood in Peru 1103854,Floods,2026-04-27T20:00:00Z,-74.7975616,-6.4287985,https://www.gdacs.org/report.aspx?eventtype=FL&eventid=1103854
EONET_19944,Flood in Spain 1103855,Floods,2026-04-27T20:00:00Z,-8.7537606,42.51333,https://www.gdacs.org/report.aspx?eventtype=FL&eventid=1103855
EONET_19945,Flood in Kyrgyzstan 1103857,Floods,2026-04-27T20:00:00Z,72.9119207,40.896861,https://www.gdacs.org/report.aspx?eventtype=FL&eventid=1103857
EONET_19952,Wildfire in Russian Federation 1028573,Wildfires,2026-04-27T19:00:00Z,74.91691881722448,55.845705618444505,https://www.gdacs.org/report.aspx?eventtype=WF&eventid=1028573
EONET_20001,Wildfire in Mexico 1028602,Wildfires,2026-04-27T19:00:00Z,-104.31556981596007,21.562194698483424,https://www.gdacs.org/report.aspx?eventtype=WF&eventid=1028602
EONET_19937,"HWY 41 Wildfire, Miami-Dade, Florida",Wildfires,2026-04-27T18:50:00Z,-80.55105,25.7609,https://irwin.doi.gov/observer/incidents/23403af4-c827-4f95-a8e5-6d92ae5bbd4e
